tree
version=v4
num_class=1
num_tree_per_iteration=1
label_index=0
max_feature_idx=45
objective=binary sigmoid:1
feature_names=amount_src amount_usd fee exchange_rate_src_to_dest new_device location_mismatch ip_risk_score kyc_tier account_age_days device_trust_score chargeback_history_count risk_score_internal txn_velocity_1h txn_velocity_24h corridor_risk year month day hour minute hour_sin hour_cos home_country_CA home_country_UK home_country_UNKNOWN home_country_US source_currency_CAD source_currency_GBP source_currency_USD dest_currency_CAD dest_currency_CNY dest_currency_EUR dest_currency_GBP dest_currency_INR dest_currency_MXN dest_currency_NGN dest_currency_PHP dest_currency_USD channel_ATM channel_MOBILE channel_UNKNOWN channel_WEB ip_country_CA ip_country_UK ip_country_UNKNOWN ip_country_US
feature_infos=[-4.7712069327098012:2.778261598864749] [-4.6739432273086692:2.7987228574569381] [-3.42346474076558:2.5292964168017447] [-1.1978468694370994:1.6479523506718583] [0:1] [0:1] [-2.5479858716324459:1.8377927437889328] [0:3] [0:1] [0.0090543259557343998:0.98893360160965804] [-0.20759336428980479:4.8171096603232382] [-3.3145133944870402:2.4919324392979072] [-0.35750778853835669:2.8057765287444001] [-0.49131602698556009:2.1418008421840402] [-0.58482945174139134:1.8431994068590212] [2022:2025] [1:12] [1:31] [0:23] [0:59] [-1:1] [-1:1] [0:1] [0:1] [0:1] [0:1] [0:1] [0:1] [0:1] [0:1] [0:1] [0:1] [0:1] [0:1] [0:1] [0:1] [0:1] [0:1] [0:1] [0:1] [0:1] [0:1] [0:1] [0:1] [0:1] [0:1]
tree_sizes=3258 3550 3545 3553 3554 3555 3552 3551 3543 3540 3534 3540 3543 3548 3548 3555 3559 3554 3556 3558 3549 3551 3552 3560 3548 3552 3556 3545 3543 3546 3531 3557 3531 3556 3560 3545 3550 3560 3552 3547 3552 3564 3555 3539 3548 3557 3563 3542 3562 3562 3558 3533 3559 3555 3547 3565 3541 3551 3565 3553 3568 3558 3549 3560 3558 3566 3557 3538 3533 3549 3544 3546 3559 3558 3570 3558 3566 3566 3556 3585 3561 3570 3471 3588 3581 3580 3587 3148 3591 3577 3575 3590 3587 3134 3379 3595 3573 3567 3253 3028 3256 3275

Tree=0
num_leaves=32
num_cat=0
split_feature=12 6 12 27 23 9 14 14 7 7 11 7 21 14 45 2 8 41 34 34 20 5 45 27 0 7 30 6 5 20 19
split_gain=11702.9 391.191 407.671 296.394 706.421 77.0281 53.057 70.8946 34.7637 175.377 31.7508 40.9427 27.8554 25.2429 25.0572 16.5849 13.2938 13.4445 10.7968 110.991 5.88981 4.49245 17.8842 2.977 2.73947 2.41951 1.52401 1.25594 1.11931 1.08403 1.57814
threshold=-0.35712666629937123 0.42831894760445488 2.7084533625306269 1.0000000180025095e-35 0.99997358653385171 0.86723956240369104 -0.52450555524758302 0.95999526661447587 1.0182534497653528 1.9963824514917934 0.33248056110373786 1.0000153594226915 0.25635422228499999 -0.47507904840875809 0.99987853278274375 0.22587779517740994 0.081334345426088889 0.010499896815525491 0.089642002270148471 0.99930865958219239 -0.96731573475485255 1.0000000180025095e-35 0.052205314370016971 0.9612293866467928 -0.62916354423710363 1.6222726738323627 0.11276833380381558 0.63839372219023194 1.0000000180025095e-35 0.48365732171879328 14.500000000000002
decision_type=2 2 2 2 2 2 2 2 2 2 2 2 2 2 2 2 2 2 2 2 2 2 2 2 2 2 2 2 2 2 2
left_child=3 2 -2 8 23 10 16 -8 18 -10 11 15 -9 29 -15 -3 17 -6 21 -20 -11 26 -23 -5 -12 -13 -1 -26 -22 -4 -31
right_child=1 5 13 4 6 -7 7 12 9 20 24 25 -14 14 -16 -17 -18 -19 19 -21 28 22 -24 -25 27 -27 -28 -29 -30 30 -32
leaf_value=-0.097369657116016917 0.10000000000000001 -0.09090909090909087 -0.10000000000000001 0.10000000000000001 -0.085237258347978906 -0.045945945945945948 0.10000000000000001 -0.024475524475524479 0.10000000000000001 -0.044000000000000004 0.065217391304347824 0.099999999999999978 -0.091071428571428581 0.063636363636363658 -0.074999999999999997 0.033333333333333326 -0.099444444444444446 -0.05824175824175825 0.10000000000000001 -0.095527156549520764 -0.096491228070175447 -0.092464678178963894 -0.029166666666666671 0.059999999999999998 0.084000000000000005 0.059999999999999998 -0.09223880597014926 0.099908925318761388 -0.077777777777777779 -0.061904761904761907 -0.095348837209302331
leaf_weight=1064.5 61 5.5000000000000018 36.25 66.75 142.25 9.2499999999999982 8.4999999999999982 35.75 13.999999999999998 6.2499999999999991 5.7499999999999991 15.500000000000002 28 5.4999999999999973 8 5.25 90 68.25 7.9999999999999991 78.25 71.25 159.25 11.999999999999998 4.9999999999999991 12.499999999999998 4.9999999999999991 167.5 1647 8.9999999999999982 5.2499999999999991 10.749999999999998
leaf_count=4258 244 22 145 267 569 37 34 143 56 25 23 62 112 22 32 21 360 273 32 313 285 637 48 20 50 20 670 6588 36 21 43
internal_value=0 0.0916508 0.00690335 -0.082551 -0.0464567 0.0979481 -0.0741113 -0.0356401 -0.0926415 -0.0641791 0.0987327 0.0488 -0.0537255 -0.0794677 -0.0185185 -0.0302326 -0.0833611 -0.0764846 -0.0945619 -0.0773913 -0.0907514 -0.0956173 -0.0880292 0.0972125 0.0996697 0.0902439 -0.0966721 0.0997891 -0.0943925 -0.0952153 -0.084375
internal_weight=3867 1832.5 126.75 2034.5 444.5 1705.75 372.75 72.25 1590 100.5 1696.5 31.25 63.75 65.75 13.5 10.75 300.5 210.5 1489.5 86.25 86.5 1403.25 171.25 71.75 1665.25 20.5 1232 1659.5 80.25 52.25 16
internal_count=15468 7330 507 8138 1778 6823 1491 289 6360 402 6786 125 255 263 54 43 1202 842 5958 345 346 5613 685 287 6661 82 4928 6638 321 209 64
is_linear=0
shrinkage=0.05


Tree=1
num_leaves=32
num_cat=0
split_feature=12 6 12 27 23 9 14 14 7 7 11 12 35 21 14 45 8 41 34 34 20 5 45 23 0 30 6 9 19 5 6
split_gain=10587.3 354.018 368.813 268.511 638.796 69.7431 48.0423 64.0913 31.4709 158.637 28.7868 38.1679 34.59 25.251 22.8667 22.644 12.1109 12.2162 9.76693 100.409 5.35314 4.09355 16.2344 2.78096 2.49587 1.39138 1.14619 1.05721 1.63723 1.02034 0.516275
threshold=-0.35712666629937123 0.42831894760445488 2.7084533625306269 1.0000000180025095e-35 0.99997358653385171 0.86723956240369104 -0.52450555524758302 0.95999526661447587 1.0182534497653528 1.9963824514917934 0.33248056110373786 2.7084533625306269 0.39086101772391807 0.25635422228499999 -0.47507904840875809 0.99987853278274375 0.081334345426088889 0.010499896815525491 0.089642002270148471 0.99930865958219239 -0.96731573475485255 1.0000000180025095e-35 0.052205314370016971 0.036676311518514366 -0.62916354423710363 0.11276833380381558 0.63839372219023194 0.5206394923857508 26.500000000000004 1.0000000180025095e-35 1.2151594847371372
decision_type=2 2 2 2 2 2 2 2 2 2 2 2 2 2 2 2 2 2 2 2 2 2 2 2 2 2 2 2 2 2 2
left_child=3 2 -2 8 23 10 16 -8 18 -10 11 -3 -13 -9 27 -16 17 -6 21 -20 -11 25 -23 -5 -12 -1 -26 28 -4 -22 -21
right_child=1 5 14 4 6 -7 7 13 9 20 24 12 -14 -15 15 -17 -18 -19 19 30 29 22 -24 -25 26 -27 -28 -29 -30 -31 -32
leaf_value=-0.092724448845308227 0.095241872246060344 0.096271187671593414 -0.055742881760151533 0.057506006707770757 -0.081125146874233403 -0.043672092448279042 0.095241872246060344 -0.023255291007037923 0.095241872246060344 -0.041820590230911649 0.062023582332163832 -0.085562955777751692 0.072678775153978484 -0.086700529422034975 0.060516848037266903 -0.071352002056865829 -0.094710079959366436 -0.055377426683464619 0.095241872246060344 -0.092023924215935568 -0.091883946800726868 -0.088032629406773519 -0.027714333022051413 0.095346146896326103 0.079943320784711613 -0.087816656471254806 0.095154690802825348 -0.094237382999556557 -0.095318578384369315 -0.074002649429080955 -0.075399022964276419
leaf_weight=1061.9808786213398 60.847754657268524 17.218897804617885 4.9901115149259549 5.2388924062252036 141.99194043874741 9.2451200634241086 8.4787854850292188 35.744647264480591 13.965058445930479 6.2469758093357077 5.7438902109861365 7.7386364787816984 6.236477330327034 27.942021369934082 5.4944354891777021 7.9887604713439941 89.777859449386597 68.192156866192818 7.9800333976745597 73.083143040537834 71.084411814808846 158.91009955108166 11.997447967529295 66.340014085173607 12.477976083755491 167.14422807097435 1642.896836578846 41.653266564011574 5.4867258369922638 8.9864028096199018 4.9886104464530936
leaf_count=4258 244 69 20 21 569 37 34 143 56 25 23 31 25 112 22 32 360 273 32 293 285 637 48 266 50 670 6588 167 22 36 20
internal_value=2e-07 0.0872855 0.00657357 -0.0785975 -0.0442141 0.093284 -0.0705258 -0.0338986 -0.0882145 -0.0611044 0.0940322 0.0464449 -0.0149466 -0.0510914 -0.0756547 -0.0176151 -0.0793377 -0.0727716 -0.090044 -0.073694 -0.0863992 -0.0910489 -0.0837984 0.0925766 0.0949259 -0.0920571 0.09504 -0.0906663 -0.0764687 -0.0898771 -0.0909616
internal_weight=3858.09 1828.02 126.461 2030.07 443.706 1701.56 372.127 72.1655 1586.37 100.283 1692.31 31.194 13.9751 63.6867 65.6133 13.4832 299.962 210.184 1486.08 86.0518 86.3178 1400.03 170.908 71.5789 1661.12 1229.13 1655.37 52.1301 10.4768 80.0708 78.0718
internal_count=15468 7330 507 8138 1778 6823 1491 289 6360 402 6786 125 56 255 263 54 1202 842 5958 345 346 5613 685 287 6661 4928 6638 209 42 321 313
is_linear=0
shrinkage=0.05


Tree=2
num_leaves=32
num_cat=0
split_feature=12 6 12 27 23 9 14 14 7 7 11 12 14 21 14 45 8 32 34 34 20 5 45 0 27 19 20 19 1 6 6
split_gain=9620.41 321.998 335.14 244.951 579.727 63.9059 43.7654 58.1235 28.6514 144.094 27.7999 35.9812 32.4923 23.0754 20.8538 20.5129 11.2229 12.0502 8.87299 91.237 4.92807 3.7956 14.8932 3.35351 2.70251 1.39366 0.978576 1.42673 0.961877 0.951086 0.476262
threshold=-0.35712666629937123 0.42831894760445488 2.7084533625306269 1.0000000180025095e-35 0.99997358653385171 0.87519345832790363 -0.52450555524758302 0.95999526661447587 1.0182534497653528 1.9963824514917934 0.33248056110373786 2.7084533625306269 -0.15429097679493473 0.25635422228499999 -0.47507904840875809 0.99987853278274375 0.081334345426088889 0.036977046081088767 0.089642002270148471 0.99930865958219239 -0.96731573475485255 1.0000000180025095e-35 0.052205314370016971 -0.61073662514719917 0.9612293866467928 5.5000000000000009 0.48365732171879328 14.500000000000002 -1.8001592634564016 0.63839372219023194 1.2151594847371372
decision_type=2 2 2 2 2 2 2 2 2 2 2 2 2 2 2 2 2 2 2 2 2 2 2 2 2 2 2 2 2 2 2
left_child=3 2 -2 8 24 10 16 -8 18 -10 11 -3 -13 -9 26 -16 17 -6 21 -20 -11 25 -23 -12 -5 -1 -4 -28 -22 -25 -21
right_child=1 5 14 4 6 -7 7 13 9 20 23 12 -14 -15 15 -17 -18 -19 19 30 28 22 -24 29 -26 -27 27 -29 -30 -31 -32
leaf_value=-0.082853083509205172 0.091131780775723592 0.092026665803994434 -0.091269437029308231 0.091222840845355979 -0.07462855307042246 -0.05187611367345385 0.091131780775723592 -0.022102018687690968 0.091131780775723592 -0.039784766625730411 0.054171024652595656 -0.08253122705024854 0.070038101745899764 -0.082857367544396529 0.057658280765940442 -0.068058572997905395 -0.09061572352931456 -0.041733871704177868 0.091131780775723592 -0.08800626911931847 -0.066599158742124881 -0.08414588338397723 -0.026344679567554083 0.077427319606362496 0.053003573525778294 -0.088592931163083172 -0.054953294832660274 -0.086854685994845998 -0.087496482094820457 0.0910492475278529 -0.071997756866145068
leaf_weight=116.95576691627502 60.42235267162323 17.114806264638904 35.917362824082375 66.130442842841148 176.23640507459641 7.9839587211608878 8.4195081591606122 35.729645967483521 13.867425203323362 6.2385059893131247 6.2239247709512702 7.9646392315626144 6.2110317200422269 27.779939889907837 5.4788601696491224 7.9573144912719727 89.157142639160156 33.064083233475685 7.9242429733276358 72.609606683254242 5.9517080783843985 157.95994637906551 11.990298986434935 12.915380299091337 4.9731615185737601 1104.1349527835846 5.222057417035102 10.657834336161612 73.618295073509216 1631.4336565881968 4.9636572599411002
leaf_count=472 244 69 145 267 709 32 34 143 56 25 25 32 25 112 22 32 360 133 32 293 24 637 48 52 20 4456 21 43 297 6588 20
internal_value=9.11463e-07 0.0835066 0.00628642 -0.0751363 -0.0422188 0.0892486 -0.0673226 -0.0323122 -0.0843564 -0.0584108 0.0899185 0.0432303 -0.0156834 -0.0486772 -0.0723014 -0.0167951 -0.0757602 -0.069432 -0.0861079 -0.0704737 -0.0825783 -0.0870688 -0.0800679 0.0908036 0.0885497 -0.0880432 -0.0866998 -0.076364 -0.0859334 0.0909423 -0.0869819
internal_weight=3833.21 1815.5 125.656 2017.7 441.49 1689.85 370.387 71.9291 1576.21 99.6759 1681.86 31.2905 14.1757 63.5096 65.2334 13.4362 298.458 209.3 1476.54 85.4975 85.8085 1391.04 169.95 1650.57 71.1036 1221.09 51.7973 15.8799 79.57 1644.35 77.5733
internal_count=15468 7330 507 8138 1778 6823 1491 289 6360 402 6791 126 57 255 263 54 1202 842 5958 345 346 5613 685 6665 287 4928 209 64 321 6640 313
is_linear=0
shrinkage=0.05


Tree=3
num_leaves=32
num_cat=0
split_feature=12 6 12 27 23 9 14 14 7 7 11 7 21 14 45 41 8 41 34 34 20 11 42 0 23 25 19 9 20 5 6
split_gain=8775.23 294.156 305.712 224.843 527.731 58.4447 40.0643 52.8549 26.2152 131.353 25.5653 33.1781 21.233 19.1304 18.6211 14.3653 10.5613 11.3874 8.09006 83.2183 4.58609 3.78557 7.17109 3.14619 2.56805 2.08658 1.90748 0.98076 1.58628 0.959888 0.906596
threshold=-0.35712666629937123 0.42831894760445488 2.7084533625306269 1.0000000180025095e-35 0.99997358653385171 0.87519345832790363 -0.52450555524758302 0.95999526661447587 1.0182534497653528 1.9963824514917934 0.33248056110373786 1.0000153594226915 0.25635422228499999 -0.47507904840875809 0.99987853278274375 0.044852927997292798 0.081334345426088889 0.010499896815525491 0.089642002270148471 0.99930865958219239 -0.96731573475485255 -0.70169578523728093 0.10997486868896024 -0.61073662514719917 0.036676311518514366 0.72051006079820779 48.500000000000007 0.5206394923857508 0.25881904510252091 1.0000000180025095e-35 0.63839372219023194
decision_type=2 2 2 2 2 2 2 2 2 2 2 2 2 2 2 2 2 2 2 2 2 2 2 2 2 2 2 2 2 2 2
left_child=3 2 -2 8 24 10 16 -8 18 -10 11 15 -9 27 -15 -3 17 -6 21 -20 -11 22 -1 -12 -5 -13 -23 28 -4 -22 -25
right_child=1 5 13 4 6 -7 7 12 9 20 23 25 -14 14 -16 -17 -18 -19 19 -21 29 26 -24 30 -26 -27 -28 -29 -30 -31 -32
leaf_value=-0.081675012185122686 0.087549100739152091 -0.083831930213048161 -0.088162952016871576 0.051137471433019867 -0.074521875094949952 -0.049433670883911089 0.087549100739152091 -0.021010897192065423 0.087549100739152091 -0.03787697664389135 0.051674266780513671 0.051112890341369711 -0.079447265868945016 0.055022955139173761 -0.065062422283216598 0.031185114365845392 -0.08704245253099159 -0.049550678528065405 0.087549100739152091 -0.083481156331409012 -0.084420927503446819 -0.086454009924431793 -0.058518071236323348 0.07411860794226631 0.087715575845226518 0.088553418428707786 -0.080564782559900808 -0.086685165719845747 -0.048932285777403085 -0.066965779665565439 0.087467853722344335
leaf_weight=411.8959583491087 59.766246616840363 5.6881713420152682 5.4001951813697797 5.1797245889902106 140.28254891932011 7.960092067718505 8.3280835449695569 35.706451490521431 13.716843485832213 6.2254134565591803 6.1990287452936164 4.924610063433648 27.529839038848877 5.4547981023788434 7.9087562561035156 5.1933618932962418 88.199765682220459 67.681779682636261 7.8381962776184073 76.803861051797867 69.923577055335045 761.08269143104553 36.385298892855644 12.819672912359236 65.188738882541656 15.22900553047657 167.8092679977417 40.953853815793991 4.9282718598842621 8.8759236037731153 1613.7535887956619
leaf_count=1679 244 23 22 21 569 32 34 143 56 25 25 20 112 22 32 21 360 273 32 313 285 3102 148 52 266 62 684 167 20 36 6588
internal_value=2.0326e-06 0.0802062 0.00603412 -0.072077 -0.0404254 0.085726 -0.0644312 -0.0308572 -0.0809626 -0.056028 0.0863727 0.0414175 -0.0464511 -0.0693279 -0.0160454 -0.0289385 -0.072544 -0.066395 -0.0826468 -0.0676431 -0.0791909 -0.083569 -0.0797955 0.0872271 0.0850231 0.0794047 -0.0853901 -0.0832127 -0.0694439 -0.0824548 0.0873626
internal_weight=3794.83 1796.18 124.412 1998.65 438.097 1671.77 367.728 71.5644 1560.56 98.7418 1663.81 31.0351 63.2363 64.6459 13.3636 10.8815 296.164 207.964 1461.82 84.6421 85.0249 1377.17 448.281 1632.77 70.3685 20.1536 928.892 51.2823 10.3285 78.7995 1626.57
internal_count=15468 7330 507 8138 1778 6823 1491 289 6360 402 6791 126 255 263 54 44 1202 842 5958 345 346 5613 1827 6665 287 82 3786 209 42 321 6640
is_linear=0
shrinkage=0.05


Tree=4
num_leaves=32
num_cat=0
split_feature=12 6 12 27 23 9 14 14 7 7 11 12 1 21 7 8 32 34 34 20 11 16 27 11 0 19 6 19 19 6 11
split_gain=8030.7 269.736 279.796 207.415 481.706 53.6817 36.8492 48.178 24.0801 120.114 22.5002 30.2601 27.4397 19.6528 17.7316 10.0546 11.1962 7.3969 76.1544 4.30807 3.56731 6.74425 2.55323 2.11888 2.01652 1.79812 0.982821 0.965478 0.921004 0.45816 0.195493
threshold=-0.35712666629937123 0.42831894760445488 2.7084533625306269 1.0000000180025095e-35 0.99997358653385171 0.86723956240369104 -0.52450555524758302 0.95999526661447587 1.0182534497653528 1.9963824514917934 0.33248056110373786 2.7084533625306269 0.56695068965116213 0.25635422228499999 1.0096840255646971 0.081334345426088889 0.036977046081088767 0.089642002270148471 0.99930865958219239 -0.96731573475485255 -0.70169578523728093 3.5000000000000004 0.9612293866467928 -0.76698270672281188 -0.62916354423710363 48.500000000000007 0.63839372219023194 13.500000000000002 54.500000000000007 1.2151594847371372 -0.96970390636578607
decision_type=2 2 2 2 2 2 2 2 2 2 2 2 2 2 2 2 2 2 2 2 2 2 2 2 2 2 2 2 2 2 2
left_child=3 2 -2 8 22 10 15 -8 17 -10 11 -3 -13 -9 23 16 -6 20 -19 -11 21 -1 -5 -4 -12 -22 -26 -25 -21 -20 -17
right_child=1 5 14 4 6 -7 7 13 9 19 24 12 -14 -15 -16 30 -18 18 29 28 25 -23 -24 27 26 -27 -28 -29 -30 -31 -32
leaf_value=-0.066458499827743808 0.084401502427522396 0.085847783886838058 -0.054442159727850686 0.084550138541921963 -0.068685386230660048 -0.037998246475313718 0.084401502427522396 -0.019977619946746697 0.084401502427522396 -0.036084072990050058 0.054347083735013769 -0.077479522319037791 0.064699414903783004 -0.076396572679915051 0.0026649998057392045 -0.074124555171997078 -0.036791687600004924 0.084401502427522396 -0.081393223759636174 -0.080946502011468371 -0.083283179329590062 -0.080467669163025266 0.047125506793798712 -0.067360299350749248 0.070070147986404735 -0.077528692377815789 0.084319377848555699 -0.084736462620279909 -0.060656102230998522 -0.065538196138245602 -0.084474166371024575
leaf_weight=116.63854110240936 58.91649341583252 16.762669265270237 8.9913157820701581 64.514077126979828 173.50277628004551 9.1724937260150892 8.2096753120422346 35.676344484090805 13.52181816101074 6.2084250152111045 5.6726033985614768 7.6298583149909955 6.1118586361408234 27.205787897109985 8.0588365197181684 4.8310992121696463 32.703859075903893 7.7267532348632804 70.93916842341423 71.733821541070938 750.81154717504978 326.1101031601429 4.9037820845842353 10.227546051144598 12.19404563307762 165.71403557062149 1590.8487960100174 36.609120264649391 6.0655841380357733 4.8691540956497184 82.128686606884003
leaf_count=481 244 69 37 267 709 37 34 143 56 25 23 31 25 112 33 20 133 32 293 296 3102 1346 20 42 50 684 6588 151 25 20 340
internal_value=3.48275e-06 0.0772983 0.00581053 -0.0693497 -0.0388047 0.0826241 -0.061809 -0.0295146 -0.0779495 -0.0539044 0.083299 0.0407585 -0.0142431 -0.0443871 -0.0666661 -0.0696403 -0.0636271 -0.0795749 -0.0651335 -0.076166 -0.0804624 -0.0767771 0.0819064 -0.0766742 0.0841057 -0.0822427 0.084211 -0.0809421 -0.0793646 -0.0803749 -0.0838992
internal_weight=3745.21 1771.2 122.803 1974.02 433.676 1648.39 364.258 71.0918 1540.34 97.5296 1639.22 30.5044 13.7417 62.8821 63.8868 293.166 206.207 1442.81 83.5351 84.0078 1359.27 442.749 69.4179 55.828 1608.72 916.526 1603.04 46.8367 77.7994 75.8083 86.9598
internal_count=15468 7330 507 8138 1778 6823 1491 289 6360 402 6786 125 56 255 263 1202 842 5958 345 346 5613 1827 287 230 6661 3786 6638 193 321 313 360
is_linear=0
shrinkage=0.05


Tree=5
num_leaves=32
num_cat=0
split_feature=12 6 12 27 23 9 14 14 7 7 11 12 35 21 14 45 8 41 34 34 20 5 45 0 23 21 9 19 5 9 6
split_gain=7370.44 248.494 256.583 192.247 440.708 49.8473 34.0155 44.0065 22.2048 110.134 22.1029 28.8518 26.1493 18.2817 17.5641 16.4471 9.67897 10.843 6.78016 69.8929 4.0786 3.64612 14.4689 2.87611 2.45498 1.42948 0.950206 1.53174 0.936918 0.872612 0.438145
threshold=-0.35712666629937123 0.42831894760445488 2.7084533625306269 1.0000000180025095e-35 0.99997358653385171 0.87519345832790363 -0.52450555524758302 0.95999526661447587 1.0182534497653528 1.9963824514917934 0.33248056110373786 2.7084533625306269 0.39086101772391807 0.25635422228499999 -0.47507904840875809 0.99987853278274375 0.081334345426088889 0.010499896815525491 0.089642002270148471 0.99930865958219239 -0.96731573475485255 1.0000000180025095e-35 0.052205314370016971 -0.61073662514719917 0.036676311518514366 0.01755559807137794 0.5206394923857508 26.500000000000004 1.0000000180025095e-35 0.54432519422236181 1.2151594847371372
decision_type=2 2 2 2 2 2 2 2 2 2 2 2 2 2 2 2 2 2 2 2 2 2 2 2 2 2 2 2 2 2 2
left_child=3 2 -2 8 24 10 16 -8 18 -10 11 -3 -13 -9 26 -16 17 -6 21 -20 -11 25 -23 -12 -5 -1 27 -4 -22 -25 -21
right_child=1 5 14 4 6 -7 7 13 9 20 23 12 -14 -15 15 -17 -18 -19 19 30 28 22 -24 29 -26 -27 -28 -29 -30 -31 -32
leaf_value=-0.08030625494087025 0.081617122023786348 0.082903413087525801 -0.04368272565954788 0.045707206935046228 -0.069109553316135719 -0.045443656770722936 0.081617122023786348 -0.018998333569479275 0.081617122023786348 -0.034394865703549632 0.047102110924238667 -0.075450544836566227 0.063037180929792422 -0.073647047219403253 0.05384507674155406 -0.059547343078088226 -0.081115051149469375 -0.044547268664633204 0.081617122023786348 -0.078606744721820165 -0.078571375581033276 -0.074843926569796937 -0.017433164417371014 0.081639506287076308 0.081824216894755761 -0.076810297465869787 -0.081154732502387694 -0.082670900067635222 -0.061127243624133347 0.074680404528661773 -0.063009141599429427
leaf_weight=622.17565076053143 57.905470609664917 16.49675422906876 4.8390680253505689 5.083483397960662 137.36227016150951 7.896094322204589 8.0687950849533063 35.640458568930626 13.289780139923094 6.1881814152002326 6.1237732619047156 7.8041918575763685 6.0518490672111511 26.820106506347656 5.438645735383032 7.7616109251976013 85.484347641468048 66.773762211203575 7.5941600799560538 69.80950790643692 67.931080281734467 152.29323942959309 11.826892912387846 1529.7436397224665 63.201558023691177 551.67991924285889 39.830732136964798 5.2547694742679596 8.6810451149940473 46.412529528141022 4.8127871751785269
leaf_count=2612 244 69 20 21 569 32 34 143 56 25 25 32 25 112 22 32 360 273 32 293 285 637 48 6445 266 2316 167 22 36 195 20
internal_value=5.26895e-06 0.0747158 0.00560592 -0.0669005 -0.0373259 0.0798773 -0.0594072 -0.0282688 -0.075257 -0.0519955 0.080491 0.0382271 -0.0149638 -0.0424641 -0.0641204 -0.0128285 -0.0669901 -0.0610751 -0.0768309 -0.0628942 -0.0734409 -0.0776873 -0.0707068 0.0813017 0.0791355 -0.0786633 -0.0776822 -0.0639797 -0.0765948 0.0814346 -0.0776008
internal_weight=3686.28 1741.56 121.03 1944.72 428.435 1620.53 360.15 70.5294 1516.28 96.0901 1612.63 30.3528 13.856 62.4606 63.1248 13.2003 289.62 204.136 1420.19 82.2165 82.8003 1337.98 164.12 1582.28 68.285 1173.86 49.9246 10.0938 76.6121 1576.16 74.6223
internal_count=15468 7330 507 8138 1778 6823 1491 289 6360 402 6791 126 57 255 263 54 1202 842 5958 345 346 5613 685 6665 287 4928 209 42 321 6640 313
is_linear=0
shrinkage=0.05


Tree=6
num_leaves=32
num_cat=0
split_feature=12 6 12 27 23 9 14 14 11 12 14 7 7 21 14 45 42 16 34 34 8 20 5 45 0 27 39 1 20 19 6
split_gain=6782.21 229.375 236.094 178.926 404.039 46.0966 31.5136 40.2703 20.6231 26.6052 24.059 20.5461 101.227 17.0792 16.3201 14.9901 9.68811 12.8351 6.23239 64.3101 6.04921 3.88809 3.52682 13.6004 2.7814 2.48121 1.45163 0.934657 0.920772 1.36168 0.859482
threshold=-0.35712666629937123 0.42831894760445488 2.7084533625306269 1.0000000180025095e-35 0.99997358653385171 0.87519345832790363 -0.52450555524758302 0.95999526661447587 0.33248056110373786 2.7084533625306269 -0.15429097679493473 1.0182534497653528 1.9963824514917934 0.25635422228499999 -0.47507904840875809 0.99987853278274375 0.19848216248530456 3.5000000000000004 0.089642002270148471 0.99930865958219239 0.081334345426088889 -0.96731573475485255 1.0000000180025095e-35 0.052205314370016971 -0.61073662514719917 0.9612293866467928 0.99987949765743289 -1.8001592634564016 0.48365732171879328 14.500000000000002 0.63839372219023194
decision_type=2 2 2 2 2 2 2 2 2 2 2 2 2 2 2 2 2 2 2 2 2 2 2 2 2 2 2 2 2 2 2
left_child=3 2 -2 11 25 8 16 -8 9 -3 -11 18 -13 -9 28 -16 20 -18 22 -20 -6 -14 26 -24 -10 -5 -1 -23 -4 -30 -26
right_child=1 5 14 4 6 -7 7 13 24 10 -12 12 21 -15 15 -17 17 -19 19 -21 -22 27 23 -25 30 -27 -28 -29 29 -31 -32
leaf_value=-0.074049446526563464 0.079139124155677046 0.08028973689979424 -0.079742537167021788 0.079327257396034398 -0.062156425024517237 -0.043424007952679422 0.079139124155677046 -0.01806955730102975 0.045072036313615033 -0.072724815328311085 0.060853282209164354 0.079139124155677046 -0.032799789385999402 -0.071152046696073487 0.051484638872415167 -0.057218367807195136 0.033645675241866645 -0.055486730006443802 0.079139124155677046 -0.075106061253590872 -0.078605741772974219 -0.054578037554928752 -0.072349573201594852 -0.01659831662898267 0.065817472181778955 0.04203624615219545 -0.077653844921376336 -0.075690894142323467 -0.043669351648367424 -0.075495526478735128 0.079060538506338957
leaf_weight=475.83000218868256 56.76149445772171 16.189805030822757 33.898313671350479 62.199401572346687 184.98153467476368 7.8513116836547843 7.9093885719776145 35.599797382950783 6.0807099193334571 7.7175560593605042 5.9851303398609144 13.027228236198424 6.165246292948722 26.383576154708862 5.404454752802847 7.6758361458778381 5.5295132547616985 14.983204022049902 7.4441304206848136 73.279882714152336 80.089789062738419 5.6690068542957297 149.73129038512707 11.801328003406523 12.350515425205229 4.8052199184894553 676.44882991909981 69.59644778072834 5.0351376086473456 10.10707466304302 1532.8094123452902
leaf_count=2035 244 69 145 267 772 32 34 143 25 32 25 56 25 112 22 32 23 63 32 313 344 24 637 48 52 20 2893 297 21 43 6588
internal_value=7.10792e-06 0.072417 0.00542591 -0.0646898 -0.0359711 0.0774291 -0.0571998 -0.0271069 0.0780292 0.0368933 -0.0143799 -0.0728383 -0.0502708 -0.0406644 -0.0619279 -0.012305 -0.0645646 -0.0314597 -0.0743669 -0.060882 -0.0671265 -0.0709737 -0.0751955 -0.0682765 0.0788219 0.0766529 -0.0761654 -0.0741007 -0.0751635 -0.0649126 0.0789547
internal_weight=3619.34 1707.87 118.882 1911.47 422.481 1588.98 355.477 69.8928 1581.13 29.8925 13.7027 1488.99 94.4579 61.9834 62.1208 13.0803 285.584 20.5127 1394.54 80.724 265.071 81.4307 1313.81 161.533 1551.24 67.0046 1152.28 75.2655 49.0405 15.1422 1545.16
internal_count=15468 7330 507 8138 1778 6823 1491 289 6791 126 57 6360 402 255 263 54 1202 86 5958 345 1116 346 5613 685 6665 287 4928 321 209 64 6640
is_linear=0
shrinkage=0.05


Tree=7
num_leaves=32
num_cat=0
split_feature=12 6 12 27 23 9 14 14 7 7 11 7 21 14 45 41 8 32 34 34 20 11 42 27 19 0 25 6 9 20 5
split_gain=6255.05 212.29 217.742 167.187 371.057 42.8327 29.2678 36.912 19.0714 93.2355 18.2773 23.8786 16.0139 15.2171 13.6784 10.5416 9.24613 10.6462 5.74285 59.3051 3.72746 3.60703 6.98992 2.55957 1.823 1.80498 1.70505 0.978637 0.93576 1.50871 0.932895
threshold=-0.35712666629937123 0.42831894760445488 2.7084533625306269 1.0000000180025095e-35 0.99997358653385171 0.86723956240369104 -0.52450555524758302 0.95999526661447587 1.0182534497653528 1.9963824514917934 0.33248056110373786 1.0000153594226915 0.25635422228499999 -0.47507904840875809 0.99987853278274375 0.044852927997292798 0.081334345426088889 0.036977046081088767 0.089642002270148471 0.99930865958219239 -0.96731573475485255 -0.70169578523728093 0.10997486868896024 0.97219432897688574 48.500000000000007 -0.62916354423710363 0.72051006079820779 0.63839372219023194 0.5206394923857508 0.25881904510252091 1.0000000180025095e-35
decision_type=2 2 2 2 2 2 2 2 2 2 2 2 2 2 2 2 2 2 2 2 2 2 2 2 2 2 2 2 2 2 2
left_child=3 2 -2 8 23 10 16 -8 18 -10 11 15 -9 28 -15 -3 17 -6 21 -20 -11 22 -1 -5 -23 -12 -13 -27 29 -4 -22
right_child=1 5 13 4 6 -7 7 12 9 20 25 26 -14 14 -16 -17 -18 -19 19 -21 30 24 -24 -25 -26 27 -28 -29 -30 -31 -32
leaf_value=-0.071067315470387013 0.076921967446682823 -0.074878335452216491 -0.078046105268548938 0.077107916517934694 -0.06154600188501818 -0.033324982623445049 0.076921967446682823 -0.017188150450031876 0.076921967446682823 -0.031290616668308839 0.048155706651976223 0.043688641249040608 -0.068873731605956778 0.049281020968074019 -0.055046423787599552 0.026766436813376232 -0.076446539799443186 -0.030021234436173196 0.076921967446682823 -0.072846570571674596 -0.073855147617284941 -0.07586193148571721 -0.047564828700870643 0.038142724135091371 -0.069910186265408403 0.062300734547054662 0.078475289577132942 0.076840230061068493 -0.076413580080110066 -0.038740384401098275 -0.056181800438169643
leaf_weight=385.51129791140556 55.509310781955719 5.1980891227722186 5.0602736473083478 61.074403896927834 167.3033752143383 9.033261761069296 7.7349039614200583 35.555236712098122 12.739841818809508 6.1401158571243277 5.547728866338729 4.6787465810775766 25.905632972717285 5.3648169636726362 7.5821511596441269 5.0086547136306763 82.018635734915733 31.885163307189941 7.2799096107482901 71.81231090426445 65.363810792565346 710.25612887740135 34.464505031704903 4.5269677340984336 157.11990632116795 11.663496315479277 14.254043743014336 1499.0545770078897 38.290481314063072 4.717254564166069 8.4297852516174299
leaf_count=1679 244 22 22 268 709 37 34 143 56 25 23 20 112 22 32 21 360 133 32 313 285 3102 148 19 684 50 62 6588 167 20 36
internal_value=9.1278e-06 0.0703556 0.00526331 -0.0626782 -0.0347172 0.0752351 -0.0551493 -0.0260184 -0.0706501 -0.0487001 0.0758696 0.0366457 -0.0389735 -0.0599293 -0.0118164 -0.0249992 -0.0623175 -0.0564997 -0.0721387 -0.0590614 -0.0687217 -0.0729422 -0.0691386 0.074419 -0.0747838 0.0766234 0.0698787 0.076728 -0.0728883 -0.0590827 -0.0718362
internal_weight=3546.08 1670.96 116.524 1875.12 416.004 1554.44 350.403 69.1958 1459.12 92.6736 1545.41 29.1395 61.4609 61.015 12.947 10.2067 281.207 199.189 1366.44 79.0922 79.9337 1287.35 419.976 65.6014 867.376 1516.27 18.9328 1510.72 48.068 9.77753 73.7936
internal_count=15468 7330 507 8138 1778 6823 1491 289 6360 402 6786 125 255 263 54 43 1202 842 5958 345 346 5613 1827 287 3786 6661 82 6638 209 42 321
is_linear=0
shrinkage=0.05


Tree=8
num_leaves=32
num_cat=0
split_feature=12 6 12 27 23 9 14 14 11 12 2 7 7 8 7 42 19 8 14 14 43 2 18 11 30 0 27 11 18 3 19
split_gain=5780.23 196.919 201.228 156.685 341.321 40.0679 27.2583 33.8835 18.3023 23.7205 21.2159 17.742 86.0377 15.6659 14.6898 9.16386 11.8624 5.8604 5.46377 118.854 3.81061 3.67957 7.38106 3.21622 8.23868 2.66746 2.48024 1.99665 1.97875 1.55098 0.963994
threshold=-0.35712666629937123 0.42831894760445488 2.7084533625306269 1.0000000180025095e-35 0.99997358653385171 0.87519345832790363 -0.52450555524758302 0.95999526661447587 0.33248056110373786 2.7084533625306269 0.64171192900603391 1.0182534497653528 1.9963824514917934 0.030704408388652342 1.0096840255646971 0.19848216248530456 28.500000000000004 0.081334345426088889 -0.57467018851169238 1.5223445599649137 0.10448686062988922 -1.0861534148807601 17.500000000000004 -0.76698270672281188 0.052570799669467767 -0.61073662514719917 0.97219432897688574 -0.76698270672281188 3.5000000000000004 0.19843015442918197 13.500000000000002
decision_type=2 2 2 2 2 2 2 2 2 2 2 2 2 2 2 2 2 2 2 2 2 2 2 2 2 2 2 2 2 2 2
left_child=3 2 -2 11 26 8 15 -8 9 -3 -11 18 -13 -9 27 17 -17 -6 23 29 -21 22 -14 24 -1 -10 -5 -4 -25 -20 -29
right_child=1 5 14 4 6 -7 7 13 25 10 -12 12 21 -15 -16 16 -18 -19 19 20 -22 -23 -24 28 -26 -27 -28 30 -30 -31 -32
leaf_value=-0.071096289397105925 0.074928717734039779 0.076399780657795291 -0.045439041794937574 0.075096975047832054 -0.0578555617768923 -0.040082674444146565 0.074928717734039779 -0.023564019160895483 0.041268764263613915 -0.069752720089015632 0.057350493998458665 0.074928717734039779 -0.070977376048035862 -0.083928067977245571 0.0061161332006062783 -0.079175896100330739 0.0010018946453044845 -0.074377958018658097 0.089807984988663381 -0.07101505245378785 -0.04976248415814314 -0.071769743175700423 0.0037403074818339287 -0.067773451656514938 -0.041822158935191332 0.074740280734215334 0.036554954027555035 -0.057997480497838538 -0.074325588676222257 0.13015260108911209 -0.075924374416782126
leaf_weight=121.96989375352859 54.170542180538177 15.558193981647493 8.4697168022394163 59.611376404762268 179.95534808933735 7.7584104537963858 7.5483542382717124 46.963844865560532 5.9764399230480185 7.5439138263463956 5.8129249215126038 12.432583451271055 9.0483778715133649 13.938235014677046 7.7530120313167563 7.1856433302164104 12.886207565665243 76.476578950881958 4.9242314696311933 319.52247661352158 22.582348525524139 64.074439138174057 5.2076097726821891 138.14051274955273 29.932403817772865 1474.9557627588511 4.4884111285209647 9.6222561597824079 694.79171919822693 4.6145774126052856 33.984535366296768
leaf_count=542 244 69 37 268 772 32 34 196 25 32 25 56 40 59 33 31 55 344 22 1426 100 284 22 616 132 6640 19 42 3100 20 151
internal_value=1.13434e-05 0.0684928 0.00511553 -0.0608366 -0.0335549 0.0732536 -0.0532433 -0.0249944 0.073836 0.0344391 -0.0144371 -0.0686556 -0.0472638 -0.0373791 -0.0580944 -0.0602365 -0.0277014 -0.0627831 -0.0701084 -0.0647582 -0.0696122 -0.0666581 -0.0436835 -0.0720187 -0.0653278 0.0746052 0.0723982 -0.0676539 -0.0732389 0.109325 -0.0719686
internal_weight=3467.9 1631.61 114 1836.3 409.054 1517.61 344.954 68.4504 1509.85 28.915 13.3568 1427.24 90.763 60.9021 59.8295 276.504 20.0719 256.432 1336.48 351.644 342.105 78.3304 14.256 984.835 151.902 1480.93 64.0998 52.0765 832.932 9.53881 43.6068
internal_count=15468 7330 507 8138 1778 6823 1491 289 6791 126 57 6360 402 255 263 1202 86 1116 5958 1568 1526 346 62 4390 674 6665 287 230 3716 42 193
is_linear=0
shrinkage=0.05


Tree=9
num_leaves=32
num_cat=0
split_feature=12 6 12 27 27 9 35 3 19 7 7 11 12 35 14 41 41 45 14 14 32 43 2 18 11 30 18 9 5 14 3
split_gain=5350.53 183.389 186.07 147.391 314.513 37.4059 32.0438 57.01 26.0546 16.5386 79.5247 16.3251 21.2423 19.4153 14.3115 12.3693 83.4653 12.1489 5.22068 109.153 3.71662 3.68184 3.52645 6.91065 3.14977 7.9251 1.93954 1.87713 10.3308 1.37902 1.09354
threshold=-0.35712666629937123 0.42831894760445488 2.7084533625306269 1.0000000180025095e-35 0.99997358653385171 0.86723956240369104 0.047560973583475448 1.647848289567593 51.500000000000007 1.0182534497653528 1.9963824514917934 0.33248056110373786 2.7084533625306269 0.39086101772391807 -0.47507904840875809 0.010499896815525491 0.99987853278274375 0.99987853278274375 -0.57467018851169238 1.5223445599649137 0.25774718471165559 0.10448686062988922 -1.0861534148807601 17.500000000000004 -0.76698270672281188 0.052570799669467767 3.5000000000000004 0.54432519422236181 1.0000000180025095e-35 1.004472638483858 0.19843015442918197
decision_type=2 2 2 2 2 2 2 2 2 2 2 2 2 2 2 2 2 2 2 2 2 2 2 2 2 2 2 2 2 2 2
left_child=3 2 -2 9 -5 11 15 29 -9 18 -11 12 -3 -14 -4 20 -17 -16 24 30 -6 -21 23 -12 25 -1 -26 -13 -29 -8 -20
right_child=1 5 14 4 6 -7 7 8 -10 10 22 27 13 -15 17 16 -18 -19 19 21 -22 -23 -24 -25 26 -27 -28 28 -30 -31 -32
leaf_value=-0.069194234497156226 0.073129109219791502 0.074464201069162961 -0.069181110245587901 0.073440195315639806 -0.067493169755598201 -0.030590098854953254 0.074331995645182253 -0.062988304730731193 0.030534989193043434 0.073129109219791502 -0.069034895994897524 0.073140081120761785 -0.067419343218181271 0.055936875379261564 0.048212503442359111 0.11346073223274455 -0.056393738693568063 -0.050871099321350421 0.086979947846599709 -0.069120151615805051 -0.047760651047064701 -0.048056652869014588 -0.069833785933625867 0.0035503809147645173 -0.065889541974235563 -0.040265019733868999 -0.072451305781387462 0.010171569081738777 0.073842190151711506 0.11193367476681433 0.12081763237306647
leaf_weight=119.12865519523621 52.764051616191864 15.174194484949114 46.062893852591515 59.700029045343399 165.19706672430038 8.9244785606861097 4.6062562912702543 30.62153160572052 9.8401627391576749 12.109782338142393 8.8430406600236875 1397.8164461106062 7.1987428814172727 5.7278089672327042 5.3366629630327207 7.8568949848413459 91.01683783531189 7.3606798648834229 4.8324329406023008 312.05744941532612 27.8919537961483 22.22393561899662 62.595712274312973 5.2117695808410636 135.06392924487591 29.545429319143295 677.56390419602394 7.7299764007329932 36.233671575784683 5.1808651387691498 4.7195948213338852
leaf_count=542 244 69 209 275 735 37 21 131 41 56 40 6460 31 25 22 34 398 32 22 1426 122 100 284 22 616 132 3100 35 166 21 20
internal_value=1.34653e-05 0.0668021 0.00497429 -0.0591332 -0.0324568 0.0714649 -0.050931 -0.0140506 -0.0402437 -0.0668249 -0.0459405 0.0720845 0.0343406 -0.0127597 -0.0562257 -0.0572783 -0.0428964 -0.0092265 -0.0682452 -0.0629576 -0.0646428 -0.0677198 -0.0647519 -0.042119 -0.0701365 -0.0634452 -0.0713607 0.0728201 0.0626472 0.0942366 0.103699
internal_weight=3386.14 1590.33 111.524 1795.81 401.912 1478.81 342.212 50.2488 40.4617 1393.9 88.7603 1469.88 28.1007 12.9266 58.7602 291.963 98.8737 12.6973 1305.14 343.833 193.089 334.281 76.6505 14.0548 961.302 148.674 812.628 1441.78 43.9636 9.78712 9.55203
internal_count=15468 7330 507 8138 1778 6823 1503 214 172 6360 402 6786 125 56 263 1289 432 54 5958 1568 857 1526 346 62 4390 674 3716 6661 201 42 42
is_linear=0
shrinkage=0.05


Tree=10
num_leaves=32
num_cat=0
split_feature=12 6 12 27 27 9 35 3 19 11 7 7 7 14 8 41 45 34 34 8 5 16 20 19 9 14 9 19 5 6 2
split_gain=4961.26 170.869 172.524 138.937 290.186 35.1811 29.8735 51.9375 23.9239 16.3606 21.4946 15.4494 73.6191 13.4347 12.1303 15.802 11.1088 5.00927 50.294 4.01314 3.54032 13.4206 3.45082 1.47181 1.31877 1.03926 0.983577 1.58032 0.978421 0.489769 0.410919
threshold=-0.35712666629937123 0.42831894760445488 2.7084533625306269 1.0000000180025095e-35 0.99997358653385171 0.87519345832790363 0.047560973583475448 1.647848289567593 51.500000000000007 0.036682609092983813 1.0000153594226915 1.0182534497653528 1.9963824514917934 -0.47507904840875809 0.081334345426088889 0.010499896815525491 0.99987853278274375 0.089642002270148471 0.99930865958219239 0.48997862772243278 1.0000000180025095e-35 3.5000000000000004 -0.96731573475485255 5.5000000000000009 0.54432519422236181 1.004472638483858 0.5206394923857508 26.500000000000004 1.0000000180025095e-35 1.2151594847371372 0.64171192900603391
decision_type=2 2 2 2 2 2 2 2 2 2 2 2 2 2 2 2 2 2 2 2 2 2 2 2 2 2 2 2 2 2 2
left_child=3 2 -2 11 -5 9 14 25 -9 10 -3 17 -13 26 15 -6 -15 20 -19 24 23 -22 -14 -1 -11 -8 27 -4 -24 -20 -12
right_child=1 5 13 4 6 -7 7 8 -10 19 30 12 22 16 -16 -17 -18 18 29 -21 21 -23 28 -25 -26 -27 -28 -29 -30 -31 -32
leaf_value=-0.062597004207132684 0.071498061843969146 -0.041548671500778497 -0.031599570945079168 0.07178204284388856 -0.058980193518738094 -0.037068650959944424 0.072595689624700296 -0.060758570698346753 0.028906417742552773 0.071511721766015959 0.053862413099862616 0.071498061843969146 -0.026738410151282796 0.046210852789883995 -0.072011885875634993 -0.029781707709758871 -0.049073025660190867 0.074159708325573573 -0.068325845581984082 0.036536905764268955 -0.03465742203974749 -0.06895438490389115 -0.068324005027636456 -0.068949318424925785 0.062410371362220635 0.10540881175524902 -0.07116435154761995 -0.073008686504154319 -0.0496936977972183 -0.051020513479090285 0.073174911545824547
leaf_weight=100.88043196499348 51.306287825107574 7.4894368052482632 4.490016892552374 58.066529497504234 136.53750145435333 7.6544742584228507 4.4837098717689496 30.169531419873238 9.8739150017499906 1362.0445134192705 4.2657571583986265 11.775213599205015 6.035347342491149 5.2906094342470151 79.897903636097908 70.141769230365753 7.2516571283340454 6.946162298321723 62.521879971027374 8.3777781724929792 38.44742639362812 110.50445757806301 60.896830677986145 948.88940830528736 40.999358907341957 5.2251686453819275 35.718268826603889 4.7325766831636429 7.9696412086486808 4.3746471703052512 7.773814782500267
leaf_count=472 244 33 20 275 610 32 21 131 41 6473 20 56 25 22 375 304 32 32 293 38 175 510 285 4456 191 21 167 22 36 20 36
internal_value=1.54798e-05 0.06527 0.00485023 -0.0575645 -0.0314374 0.069839 -0.049258 -0.0134941 -0.038649 0.0704109 0.0249596 -0.0651455 -0.0447203 -0.054636 -0.0554669 -0.049071 -0.00888015 -0.0665367 -0.0538974 0.0710397 -0.0673153 -0.0601017 -0.0629909 -0.0683389 0.0712458 0.0902552 -0.0674057 -0.0528487 -0.066168 -0.0671942 0.0663323
internal_weight=3301.03 1547.39 108.789 1753.64 394.396 1438.61 336.329 49.7523 40.0434 1430.95 19.529 1359.24 86.677 57.4831 286.577 206.679 12.5423 1272.56 73.8427 1411.42 1198.72 148.952 74.9018 1049.77 1403.04 9.70888 44.9409 9.22259 68.8665 66.8965 12.0396
internal_count=15468 7330 507 8138 1778 6823 1503 214 172 6791 89 6360 402 263 1289 914 54 5958 345 6702 5613 685 346 4928 6664 42 209 42 321 313 56
is_linear=0
shrinkage=0.05


Tree=11
num_leaves=32
num_cat=0
split_feature=12 6 12 27 27 35 3 14 9 7 19 7 7 5 43 11 0 8 14 14 43 2 18 2 11 30 18 8 30 6 3
split_gain=4606.53 159.633 206.006 131.397 267.989 27.8078 47.451 24.1742 23.2546 22.2263 21.9977 14.4683 68.238 12.1056 34.9313 8.87016 11.8269 6.48578 4.96813 99.1935 3.64987 3.45201 6.49285 3.43947 3.21693 7.87816 1.96095 1.91699 1.73048 1.43947 0.957441
threshold=-0.35712666629937123 0.761918220394187 2.7084533625306269 1.0000000180025095e-35 0.99997358653385171 0.047560973583475448 1.647848289567593 -0.47507904840875809 0.86723956240369104 1.0096840255646971 51.500000000000007 1.0182534497653528 1.9963824514917934 1.0000000180025095e-35 0.012538652603033442 0.05344399741377516 0.58624407313515992 0.081334345426088889 -0.57467018851169238 1.5223445599649137 0.10448686062988922 -1.0861534148807601 17.500000000000004 0.21174339985457905 -0.76698270672281188 0.052570799669467767 3.5000000000000004 0.51689614365226177 0.7045593344905321 0.46352226734634216 0.19843015442918197
decision_type=2 2 2 2 2 2 2 2 2 2 2 2 2 2 2 2 2 2 2 2 2 2 2 2 2 2 2 2 2 2 2
left_child=3 2 -2 11 -5 13 -7 28 15 23 -8 18 -13 17 -15 16 -3 -6 24 30 -21 22 -14 -9 25 -1 -26 -17 29 -4 -20
right_child=1 8 7 4 5 6 10 9 -10 -11 -12 12 21 14 -16 27 -18 -19 19 20 -22 -23 -24 -25 26 -27 -28 -29 -30 -31 -32
leaf_value=-0.065849053393825338 0.071265763061276383 -0.029626910121049368 -0.068800775801161146 0.070274709603002625 -0.052759962939543027 0.086781802492623628 -0.05867780984571367 -0.071558899933004377 -0.031638523096125165 0.082027743618102056 0.02738091726413466 0.070014658411279893 -0.065665023614431037 -0.047579924200642908 0.085121425922153049 0.069948938096212485 0.066870288216465831 -0.070912573673297993 0.084707733042331965 -0.065835949810096731 -0.044445827849891269 -0.066533978386884726 0.0055778672527186067 -0.011407436960095578 -0.062490757979355896 -0.036434894138476982 -0.069258620835360579 0.038765395518317362 -0.045835789218068246 -0.096642662294504397 0.11672911054167859
leaf_weight=113.16936856508255 71.022671774029732 5.2454097419977179 37.690131694078445 56.388933524489403 172.80743166804314 9.5947026014327985 29.689641535282135 5.0139223635196668 5.7148330658674231 5.6616007536649695 9.9020715057849866 11.43215751647949 8.4160618484020215 33.792915865778923 5.8120376616716376 1343.117673560977 8.0456803143024427 68.79638746380806 4.6069731265306455 296.24227620661259 21.382470548152924 59.537931486964226 5.1582264900207511 4.517917662858963 128.44068476557732 28.496215403079987 642.03665544092655 4.9465749412775031 7.2585389316081992 5.2945646047592154 4.7322369962930679
leaf_count=542 343 24 180 275 777 42 131 22 24 25 41 56 40 153 26 6574 38 333 22 1426 100 284 22 20 616 132 3100 23 34 23 20
internal_value=1.79e-05 0.0638639 0.0122972 -0.0561049 -0.0304682 -0.0476621 -0.0129782 -0.0517051 0.0690112 0.00355941 -0.0371541 -0.0635962 -0.0435836 -0.0537287 -0.028106 0.0694338 0.0287871 -0.0579289 -0.0649616 -0.0596736 -0.064396 -0.0613463 -0.0385927 -0.0430482 -0.0668572 -0.0599324 -0.0681304 0.0698345 -0.068417 -0.0722302 0.100933
internal_weight=3213.96 1503.53 136.459 1710.44 386.784 330.395 49.1864 65.4367 1367.07 15.1934 39.5917 1323.65 84.5444 281.209 39.605 1361.36 13.2911 241.604 1239.11 326.964 317.625 73.1122 13.5743 9.53184 912.143 141.666 770.477 1348.06 50.2432 42.9847 9.33921
internal_count=15468 7330 647 8138 1778 1503 214 304 6683 67 172 6360 402 1289 179 6659 62 1110 5958 1568 1526 346 62 42 4390 674 3716 6597 237 203 42
is_linear=0
shrinkage=0.05


Tree=12
num_leaves=32
num_cat=0
split_feature=12 6 12 27 27 14 14 14 9 7 21 7 7 8 41 11 7 14 14 43 2 2 11 30 2 18 8 30 6 30 3
split_gain=4283.24 149.598 191.399 124.376 247.849 25.9296 27.1875 22.5926 21.8646 20.4335 15.802 13.5665 63.3326 9.21416 10.473 8.54786 11.4368 4.78555 91.5665 3.57549 3.33722 6.31863 3.19757 7.66494 3.17352 1.95856 1.90648 1.67187 1.20908 0.912969 0.687198
threshold=-0.35712666629937123 0.761918220394187 2.7084533625306269 1.0000000180025095e-35 0.99997358653385171 -0.52450555524758302 0.95999526661447587 -0.47507904840875809 0.86723956240369104 1.0096840255646971 0.25635422228499999 1.0182534497653528 1.9963824514917934 0.081334345426088889 0.010499896815525491 0.05344399741377516 1.0000153594226915 -0.57467018851169238 1.5223445599649137 0.10448686062988922 -1.0861534148807601 -1.2941414240573801 -0.76698270672281188 0.052570799669467767 0.21174339985457905 3.5000000000000004 0.51689614365226177 0.7045593344905321 0.46352226734634216 0.99987956274106693 0.19843015442918197
decision_type=2 2 2 2 2 2 2 2 2 2 2 2 2 2 2 2 2 2 2 2 2 2 2 2 2 2 2 2 2 2 2
left_child=3 2 -2 11 -5 13 -7 27 15 24 -8 17 -13 14 -6 16 -3 22 30 -20 21 -14 23 -1 -9 -24 -17 28 -4 -22 -19
right_child=1 8 7 4 5 6 10 9 -10 -11 -12 12 20 -15 -16 26 -18 18 19 -21 29 -23 25 -25 -26 -27 -28 -29 -30 -31 -32
leaf_value=-0.064353339176882407 0.06982588831989453 -0.037479030267850641 -0.06730185935066936 0.06890010046862427 -0.055936703400903377 0.070617757094768807 -0.0089876079676133227 -0.068844075400549098 -0.030257302875283595 0.079716346414035799 -0.061575115881825716 0.068661265570651789 -0.0669208299096717 -0.068557347725402215 -0.030703601976658491 0.068590461972944522 0.06132974179491929 0.082492512550248476 -0.064341456759179599 -0.042979137409744191 -0.067250797667866721 0.002621539627738118 -0.060972703463374328 -0.035100322499433775 -0.010861880675897011 -0.067827115026134213 0.037298172522875754 -0.044325450588566434 -0.093005438972729726 -0.047416452622586397 0.10972018672211131
leaf_weight=110.08802643418312 68.916268348693848 4.4303185492753974 36.629985436797142 54.681528985500336 122.88043686747551 7.5861684530973426 35.965669482946396 4.9526142627000791 5.6778801083564749 5.5376060009002677 23.697822332382202 11.08346378803253 7.6652195304632187 72.212037190794945 61.803755044937134 1302.2686763852835 8.6395301818847638 4.4969419091939908 288.17228615283966 21.015979707241058 51.386464983224869 5.6917840838432294 125.14063976705074 28.110662549734116 4.507858619093895 623.28344990313053 4.8856769502162924 7.1337795853614798 5.2281858772039405 6.5401871651411048 4.7813735902309418
leaf_count=542 343 20 180 275 572 37 148 22 24 25 112 56 36 361 273 6574 42 22 1426 100 252 26 616 132 20 3100 23 34 23 32 20
internal_value=2.03205e-05 0.0625808 0.0120079 -0.0547505 -0.0295674 -0.0461783 -0.0185387 -0.0502611 0.0676501 0.00343482 -0.0298749 -0.0621605 -0.0425283 -0.0534137 -0.0474926 0.0680712 0.0278363 -0.0635023 -0.058245 -0.0628894 -0.0598164 -0.0372869 -0.0653907 -0.0584031 -0.0412159 -0.066681 0.0684735 -0.0666992 -0.0705123 -0.0650114 0.0965237
internal_weight=3125.09 1458.81 132.906 1666.28 378.827 324.146 67.2497 63.99 1325.9 14.9981 59.6635 1287.46 82.3671 256.896 184.684 1320.22 13.0698 1205.09 318.467 309.188 71.2837 13.357 886.623 138.199 9.46047 748.424 1307.15 48.992 41.8582 57.9267 9.27832
internal_count=15468 7330 647 8138 1778 1503 297 304 6683 67 260 6360 402 1206 845 6659 62 5958 1568 1526 346 62 4390 674 42 3716 6597 237 203 284 42
is_linear=0
shrinkage=0.05


Tree=13
num_leaves=32
num_cat=0
split_feature=12 6 12 27 27 8 35 3 14 9 7 41 7 7 11 12 14 14 43 20 11 30 2 18 30 5 6 8 20 14 11
split_gain=3987.36 140.383 178.075 118.003 229.418 25.3387 29.9583 31.364 21.1438 20.5995 18.8188 14.345 12.766 58.8245 8.24138 12.1001 4.61901 84.6928 3.51606 3.35289 3.19251 7.48229 2.93619 1.96737 1.6244 1.0429 1.02373 0.694745 0.511965 0.298919 0.239543
threshold=-0.35712666629937123 0.761918220394187 2.7084533625306269 1.0000000180025095e-35 0.99997358653385171 0.030704408388652342 0.047560973583475448 1.647848289567593 -0.47507904840875809 0.86723956240369104 1.0096840255646971 0.010499896815525491 1.0182534497653528 1.9963824514917934 0.33248056110373786 2.7084533625306269 -0.57467018851169238 1.5223445599649137 0.10448686062988922 -0.96731573475485255 -0.76698270672281188 0.052570799669467767 0.21174339985457905 3.5000000000000004 0.7045593344905321 1.0000000180025095e-35 0.46352226734634216 0.48997862772243278 -0.55972231187359289 0.95999526661447587 -0.96970390636578607
decision_type=2 2 2 2 2 2 2 2 2 2 2 2 2 2 2 2 2 2 2 2 2 2 2 2 2 2 2 2 2 2 2
left_child=3 2 -2 12 -5 6 11 -8 24 14 22 -6 16 -14 15 -3 20 28 -19 -15 21 -1 -10 -22 26 -21 -4 -16 -18 30 -7
right_child=1 9 8 4 5 29 7 -9 10 -11 -12 -13 13 19 27 -17 17 18 -20 25 23 -23 -24 -25 -26 -27 -28 -29 -30 -31 -32
leaf_value=-0.062961005062249165 0.068510143008749289 0.06954201953985914 -0.065919383503334469 0.067642875746373246 -0.054074842059169986 -0.055218404291675828 0.083963259256162937 -0.021530455103175576 -0.066328661935953978 -0.028940908530368736 0.077633699491233776 -0.025674832837940198 0.067422959538740876 -0.022282925655602515 0.067374129853051176 -0.012597326796766024 0.10306730759781893 -0.062948620687882886 -0.04157018162036414 -0.06403938888726525 -0.059545678285238546 -0.033815823340168243 -0.01034179213394317 -0.066510900761847222 -0.042876157412414573 -0.044152671903117696 -0.089776978991328277 0.047263350390919612 0.079268531099235928 -0.075574159220265391 -0.067976085201703576
leaf_weight=106.97555768489838 66.781937941908836 10.194095119833948 35.555568546056747 52.95669312775135 128.79077215492725 3.8963771760463706 9.2970899492502195 29.093488782644272 4.885128900408743 5.6403075754642478 5.405204474925994 67.907684206962585 10.731595754623411 5.8945310413837424 1256.1912442296743 8.0038370043039304 5.1678066253662109 280.02824315428734 20.651254072785378 56.098802596330643 121.81735557317734 27.72938184440136 4.4980870336294174 604.31825007498264 7.0093687921762458 7.4704845249652854 5.1474092006683341 4.3091794103384009 4.0158918946981412 12.806970596313475 66.079071551561356
leaf_count=542 343 51 180 275 610 20 42 127 22 24 25 304 56 25 6550 37 22 1426 100 285 616 132 20 3100 34 36 23 21 20 59 341
internal_value=2.28517e-05 0.0614034 0.0117407 -0.0534811 -0.0287096 -0.0447617 -0.0363847 0.00401708 -0.0489173 0.0664025 0.00331906 -0.0442701 -0.0608246 -0.0415256 0.0668231 0.0334154 -0.0621467 -0.0569119 -0.0614803 -0.0583573 -0.0640309 -0.0569614 -0.0394899 -0.0653424 -0.065108 -0.0617024 -0.0689365 0.0673054 0.0926605 -0.0685511 -0.0672657
internal_weight=3035.35 1413.62 129.283 1621.73 370.828 317.871 235.089 38.3906 62.5008 1284.34 14.7884 196.698 1250.9 80.1954 1278.7 18.1979 1170.7 309.863 300.679 69.4638 860.841 134.705 9.38322 726.136 47.7123 63.5693 40.703 1260.5 9.1837 82.7824 69.9754
internal_count=15468 7330 647 8138 1778 1503 1083 169 304 6683 67 914 6360 402 6659 88 5958 1568 1526 346 4390 674 42 3716 237 321 203 6571 42 420 361
is_linear=0
shrinkage=0.05


Tree=14
num_leaves=32
num_cat=0
split_feature=12 6 12 27 27 8 35 3 14 9 7 41 7 7 11 12 14 14 43 2 18 11 30 2 18 20 19 30 8 6 3
split_gain=3715.76 131.892 165.887 112.295 212.469 24.6416 27.6701 28.848 19.813 19.4441 17.3593 13.7198 12.0252 54.6965 8.06724 11.3781 4.4666 78.4695 3.46882 3.33608 6.17549 3.19969 7.32444 2.72297 1.98591 1.64647 2.76877 0.92149 0.699669 0.559832 0.387309
threshold=-0.35712666629937123 0.761918220394187 2.7084533625306269 1.0000000180025095e-35 0.99997358653385171 0.030704408388652342 0.047560973583475448 1.647848289567593 -0.47507904840875809 0.86723956240369104 1.0096840255646971 0.010499896815525491 1.0182534497653528 1.9963824514917934 0.33248056110373786 2.7084533625306269 -0.57467018851169238 1.5223445599649137 0.10448686062988922 -1.0861534148807601 17.500000000000004 -0.76698270672281188 0.052570799669467767 0.21174339985457905 3.5000000000000004 0.48365732171879328 13.500000000000002 0.99987956274106693 0.48997862772243278 0.46352226734634216 0.19843015442918197
decision_type=2 2 2 2 2 2 2 2 2 2 2 2 2 2 2 2 2 2 2 2 2 2 2 2 2 2 2 2 2 2 2
left_child=3 2 -2 12 -5 6 11 -8 25 14 23 -6 16 -14 15 -3 21 30 -19 20 -15 22 -1 -10 -23 29 -27 -21 -16 -4 -18
right_child=1 9 8 4 5 -7 7 -9 10 -11 -12 -13 13 19 28 -17 17 18 -20 27 -22 24 -24 -25 -26 26 -28 -29 -30 -31 -32
leaf_value=-0.061659605521351829 0.067304457945150248 0.068242335561144327 -0.06718816632983092 0.066489944334673839 -0.052519413596909516 -0.067274016522844107 0.081473344701219641 -0.020558043784596823 -0.063985454548471973 -0.027684819176623549 0.075748591172789537 -0.024574576195786669 0.06628697560704204 -0.06193417204857761 0.066234300176972835 -0.011964755397808103 0.078288638214628822 -0.061645166919497965 -0.040213676130064373 -0.064706406187512194 0.0089290057549297405 -0.058198566749342311 -0.032577944612300035 -0.0098459920843817286 -0.065296699735827413 -0.015473879046981644 -0.063772957346403134 -0.044285306812370168 0.045845855226420797 -0.085984467898272021 0.099000687719013311
leaf_weight=103.85119371116161 64.633815795183182 9.8768744468688983 27.553782105445862 51.225111022591591 126.04508183896542 80.201553285121918 9.1069621443748456 28.94988451898098 4.8126726150512678 5.6023858785629264 5.2662550806999198 67.413505077362061 10.378678798675535 7.829577222466467 1214.9639054685831 8.0055987387895566 4.2625025957822782 271.85960751771927 20.289783805608749 48.496944546699524 5.0623060315847397 118.48998500406742 27.35359326004982 4.4886095970869064 585.26143430173397 4.2158547639846793 10.018378302454947 6.2343954443931571 4.2225176393985739 4.6266113966703406 4.7974908947944641
leaf_count=542 343 51 145 275 610 420 42 127 22 24 25 304 56 40 6550 37 22 1426 100 252 22 616 132 20 3100 20 51 32 21 21 20
internal_value=2.55897e-05 0.0603182 0.0114928 -0.0522838 -0.027881 -0.0433891 -0.0351149 0.00385796 -0.0476609 0.0652538 0.00321094 -0.0427816 -0.0595784 -0.0405875 0.0656747 0.0323353 -0.0608822 -0.0556626 -0.0601567 -0.0569904 -0.0341081 -0.0627651 -0.0555967 -0.0378589 -0.0641016 -0.0636274 -0.0494679 -0.0623803 0.0661637 -0.0698905 0.0892562
internal_weight=2945.4 1368.29 125.616 1577.11 362.942 311.717 231.515 38.0568 60.9822 1242.67 14.5675 193.459 1214.17 78.0019 1237.07 17.8825 1136.17 301.209 292.149 67.6232 12.8919 834.956 131.205 9.30128 703.751 46.4146 14.2342 54.7313 1219.19 32.1804 9.05999
internal_count=15468 7330 647 8138 1778 1503 1083 169 304 6683 67 914 6360 402 6659 88 5958 1568 1526 346 62 4390 674 42 3716 237 71 284 6571 166 42
is_linear=0
shrinkage=0.05


Tree=15
num_leaves=32
num_cat=0
split_feature=12 6 12 27 27 8 14 5 9 21 14 7 7 32 11 14 34 34 11 42 2 2 11 19 8 30 6 1 11 14 9
split_gain=3466.13 124.07 171.017 107.032 196.935 24.0219 25.7839 19.7551 17.7642 17.7234 12.8415 11.331 50.9135 10.5329 5.75606 6.91223 4.38512 41.1566 3.82251 7.924 3.24496 6.07186 2.40354 2.24949 1.75094 0.909248 0.560056 0.471247 0.273677 0.182054 0.157912
threshold=-0.35712666629937123 0.90259192042134784 2.7084533625306269 1.0000000180025095e-35 0.99997358653385171 0.030704408388652342 -0.52450555524758302 1.0000000180025095e-35 0.86723956240369104 0.25635422228499999 -0.47507904840875809 1.0182534497653528 1.9963824514917934 0.036977046081088767 0.05344399741377516 -0.20196443185595211 0.089642002270148471 0.99930865958219239 -0.70169578523728093 0.10997486868896024 -1.0861534148807601 -1.2941414240573801 -0.93282946673459732 48.500000000000007 0.081334345426088889 0.99987956274106693 1.2151594847371372 -0.62591674378722317 -1.0481824618672646 0.95999526661447587 0.86723956240369104
decision_type=2 2 2 2 2 2 2 2 2 2 2 2 2 2 2 2 2 2 2 2 2 2 2 2 2 2 2 2 2 2 2
left_child=3 2 30 11 -5 6 13 22 14 -8 -9 16 -13 -6 15 -3 18 -18 19 -1 21 -14 -4 -20 -24 -22 -19 -16 -7 -30 -2
right_child=1 8 7 4 5 28 9 10 -10 -11 -12 12 20 -15 27 -17 17 26 23 -21 25 -23 24 -25 -26 -27 -28 -29 29 -31 -32
leaf_value=-0.058473331424663183 0.065864598302743327 -0.022403408620115292 -0.030266412886017592 0.06543009531395616 -0.048582941150203035 -0.053136949078182338 0.017395053342888645 -0.049933853055882001 -0.035687358535400962 -0.044019591061666891 0.060324347339443335 0.065242368042419771 -0.063358307401348818 -0.015620527538700735 0.048754873569659948 0.06257078668856618 0.07385775515629088 -0.061574190780349647 -0.063954545150748873 -0.031161971609508884 -0.063497578501783156 0.0064410009304107065 -0.036411772429982059 -0.056587018357878695 -0.067454213469120741 -0.042986231416970409 -0.04187022712127135 0.065196003679832526 -0.065714156778159796 -0.072538353690971918 0.075633799721254849
leaf_weight=312.97101999819279 66.821181505918503 4.1437818706035614 6.0002904683351508 49.495957046747208 146.20507535338402 3.8642385452985755 34.988854601979256 4.5369204878807068 4.4129995852708808 17.685156002640724 6.318666532635687 10.026537895202635 7.1595328003168106 29.050945952534676 4.3746635466814032 5.6650664657354337 6.3460692316293708 54.120796576142311 568.65439362823963 29.020785361528397 46.987524971365929 5.5163771510124189 5.1218534111976615 126.68602901697159 40.161665618419647 6.104987919330596 3.8637795299291602 1171.0327156037092 62.140227615833282 11.597168654203413 4.4095160365104666
leaf_count=1679 367 20 30 275 711 21 151 23 19 87 30 56 36 134 23 29 32 293 3102 148 252 26 26 684 207 32 20 6533 343 56 23
internal_value=2.83085e-05 0.0593169 0.013587 -0.0511557 -0.0270916 -0.0420801 -0.0338995 -0.0470322 0.0644437 -0.00322475 0.0142437 -0.0584115 -0.0397118 -0.043119 0.0648165 0.0266731 -0.0596981 -0.0470307 -0.0604836 -0.0561557 -0.0557123 -0.0329826 -0.0600029 -0.0626122 -0.0639431 -0.061139 -0.0602612 0.0651348 -0.0661077 -0.0667874 0.0664694
internal_weight=2855.48 1323 133.37 1532.49 355.028 305.532 227.93 62.1394 1189.63 52.674 10.8556 1177.46 75.795 175.256 1185.22 9.80885 1101.66 64.3306 1037.33 341.992 65.7684 12.6759 51.2838 695.34 45.2835 53.0925 57.9846 1175.41 77.6016 73.7374 71.2307
internal_count=15468 7330 706 8138 1778 1503 1083 316 6624 238 53 6360 402 845 6605 49 5958 345 5613 1827 346 62 263 3786 233 284 313 6556 420 399 390
is_linear=0
shrinkage=0.05


Tree=16
num_leaves=32
num_cat=0
split_feature=12 6 12 27 27 8 35 3 5 9 41 14 7 7 11 35 14 14 43 11 30 20 11 18 8 5 1 20 11 14 9
split_gain=3235.76 116.952 159.631 102.197 182.606 23.4822 24.0526 26.2393 18.3764 16.7571 13.4233 11.8523 10.6966 47.4131 5.63848 6.54383 4.37487 72.3914 3.5968 3.30406 7.46257 3.27204 2.44784 2.08845 1.61148 1.12095 0.48415 0.365556 0.270878 0.149831 0.138204
threshold=-0.35712666629937123 0.90259192042134784 2.7084533625306269 1.0000000180025095e-35 0.99997358653385171 0.030704408388652342 0.047560973583475448 1.647848289567593 1.0000000180025095e-35 0.86723956240369104 0.010499896815525491 -0.47507904840875809 1.0182534497653528 1.9963824514917934 0.05344399741377516 0.040269570323331401 -0.57467018851169238 1.5223445599649137 0.10448686062988922 -0.76698270672281188 0.052570799669467767 -0.96731573475485255 -1.4630068268359759 3.5000000000000004 0.081334345426088889 1.0000000180025095e-35 -0.62591674378722317 -0.55972231187359289 -1.0481824618672646 0.95999526661447587 0.86723956240369104
decision_type=2 2 2 2 2 2 2 2 2 2 2 2 2 2 2 2 2 2 2 2 2 2 2 2 2 2 2 2 2 2 2
left_child=3 2 30 12 -5 6 10 -8 22 14 -6 -10 16 -14 15 -3 19 27 -19 20 -1 -15 -4 -21 -24 -23 -16 -18 -7 -30 -2
right_child=1 9 8 4 5 28 7 -9 11 -11 -12 -13 13 21 26 -17 17 18 -20 23 -22 25 24 -25 -26 -27 -28 -29 29 -31 -32
leaf_value=-0.059375377654999617 0.064856378449748814 -0.013881533803001 -0.020071225129137314 0.064453644693346746 -0.049936348203946601 -0.051940526035097162 0.078931776837549955 -0.019453302937459581 -0.048486387093333472 -0.034218564346748505 -0.021903530194585026 0.058575645209047789 0.064279664959604049 -0.018465248766421537 0.047378483421077866 0.068525333257437704 0.096757026708484573 -0.059340876400158775 -0.037009995836500546 -0.055671528847954094 -0.029395951884719291 -0.060584767837675683 -0.03510403599361886 -0.063175113324233131 -0.065037341147205108 -0.039202056794527346 0.064228628913711103 0.076087214192590472 -0.064719903165124673 -0.071004704696363746 0.07413749270955855
leaf_weight=97.853543043136597 64.52515222132206 5.0050895363092405 3.8119392096996298 47.777083396911621 120.99836906790733 3.7582923471927634 8.8768973946571332 28.647187948226929 4.4411987811326981 4.3733269274234763 65.995484784245491 6.1853438168764097 9.6767343282699567 5.7418850958347312 4.279116064310073 4.6445614546537399 5.0924090147018433 255.51262465119362 19.401181995868683 111.61595697700977 26.346829876303673 51.247167244553566 5.0489116460084906 548.07491643726826 41.079487413167953 6.96175293624401 1130.2698846459389 3.6883106529712659 59.994498908519745 11.263730794191359 4.2769517153501502
leaf_count=542 367 25 19 275 610 21 42 127 23 19 304 30 56 25 23 24 22 1426 100 616 132 285 26 3100 218 36 6533 20 343 56 23
internal_value=3.12352e-05 0.0583916 0.0133222 -0.0500728 -0.0263244 -0.0408039 -0.0327117 0.0038212 -0.0458745 0.063468 -0.0400428 0.0138307 -0.0573003 -0.0388675 0.0638414 0.0257825 -0.0585715 -0.053251 -0.0577649 -0.060497 -0.0530158 -0.0544753 -0.0585789 -0.0619055 -0.061761 -0.0580274 0.0641651 0.0880747 -0.0650233 -0.0657133 0.0654333
internal_weight=2766.47 1277.94 129.369 1488.52 347.312 299.534 224.518 37.5241 60.5669 1148.57 186.994 10.6265 1141.21 73.6275 1144.2 9.64965 1067.59 283.695 274.914 783.891 124.2 63.9508 49.9403 659.691 46.1284 58.2089 1134.55 8.78072 75.0165 71.2582 68.8021
internal_count=15468 7330 706 8138 1778 1503 1083 169 316 6624 914 53 6360 402 6605 49 5958 1568 1526 4390 674 346 263 3716 244 321 6556 42 420 399 390
is_linear=0
shrinkage=0.05


Tree=17
num_leaves=32
num_cat=0
split_feature=12 6 12 27 27 8 14 5 14 9 14 42 7 7 11 14 14 14 43 11 30 2 2 11 18 8 30 8 3 11 9
split_gain=3023.46 110.356 149.145 97.6784 169.478 22.9541 22.641 17.1082 16.2968 15.8304 10.9459 10.2766 10.122 44.1842 5.54832 6.20917 4.25254 67.2477 3.56501 3.33723 7.33239 3.31452 5.58727 2.36804 2.12599 1.5842 0.80359 0.520433 0.27878 0.26947 0.140317
threshold=-0.35712666629937123 0.90259192042134784 2.7084533625306269 1.0000000180025095e-35 0.99997358653385171 0.030704408388652342 -0.52450555524758302 1.0000000180025095e-35 0.95999526661447587 0.86723956240369104 -0.47507904840875809 0.19848216248530456 1.0182534497653528 1.9963824514917934 0.05344399741377516 -0.20196443185595211 -0.57467018851169238 1.5223445599649137 0.10448686062988922 -0.76698270672281188 0.052570799669467767 -1.1665577909904796 -1.3332032416916462 -1.4630068268359759 3.5000000000000004 0.081334345426088889 0.99987956274106693 0.45122094680913155 0.19843015442918197 -1.0481824618672646 0.54432519422236181
decision_type=2 2 2 2 2 2 2 2 2 2 2 2 2 2 2 2 2 2 2 2 2 2 2 2 2 2 2 2 2 2 2
left_child=3 2 -2 12 -5 6 11 23 -8 14 -9 -6 16 -14 15 -3 19 28 -19 20 -1 22 -15 -4 -21 -25 -23 30 -18 -7 -16
right_child=1 9 7 4 5 29 8 10 -10 -11 -12 -13 13 21 27 -17 17 18 -20 24 -22 26 -24 25 -26 -27 -28 -29 -30 -31 -32
leaf_value=-0.058283150925335828 0.064477213243411532 -0.021324344248924983 -0.019229288021069772 0.063552174303240144 -0.044246887119831706 -0.050789338561448766 0.068299354377861804 -0.04709281795210038 -0.013761198115961713 -0.032815847638783646 0.056920191010321343 -0.00032906519293281954 0.063390651975293533 -0.060143661519349328 0.063413320377078058 0.06023755775579568 0.075283227105778186 -0.058246837413937581 -0.035805467112680615 -0.054514570476175972 -0.028308947442059362 -0.060679744671801289 0.014223540916883408 -0.033840215566222125 -0.062201374940439924 -0.063758406440232077 -0.041250006287465869 0.044222669640521794 0.093345182864154969 -0.064723498187887099 0.059414341848859131
leaf_weight=94.781108036637306 66.392248287796974 4.117490291595459 3.7807126939296714 46.075178071856499 154.46929006278515 3.653968319296836 6.9916200488805762 4.3464239537715912 44.935990273952484 4.3332872390747061 6.0504245162010175 14.57714584469795 9.330594062805174 5.7193279713392258 1068.1453155726194 5.3855197131633741 3.8933423459529859 247.50012795627117 19.05996236205101 108.36834247410297 25.999564528465271 45.883849918842316 4.5230768769979459 4.9774469584226599 529.29844000935555 39.839848965406418 6.0197463035583487 3.5749630481004706 4.7339740693569183 68.792972877621651 22.39573435485363
leaf_count=542 390 20 19 275 775 21 37 23 201 19 30 70 56 30 6405 29 22 1426 100 616 132 261 22 26 3100 218 33 19 20 399 132
internal_value=3.41575e-05 0.0575324 0.0130734 -0.0490552 -0.0255978 -0.0395968 -0.0315894 -0.0447761 -0.00271243 0.0625639 0.0134373 -0.0404598 -0.0562614 -0.0380643 0.0629384 0.0248982 -0.0575198 -0.0521955 -0.0566422 -0.0594516 -0.0518308 -0.0532968 -0.0273029 -0.05723 -0.060895 -0.0604357 -0.0584263 0.0632688 0.0851942 -0.0640207 0.0633312
internal_weight=2677.95 1233.34 125.387 1444.61 339.496 293.421 220.974 58.9949 51.9276 1107.95 10.3968 169.046 1105.11 71.4766 1103.62 9.50301 1033.63 275.187 266.56 758.447 120.781 62.146 10.2424 48.598 637.667 44.8173 51.9036 1094.12 8.62732 72.4469 1090.54
internal_count=15468 7330 706 8138 1778 1503 1083 316 238 6624 53 845 6360 402 6605 49 5958 1568 1526 4390 674 346 52 263 3716 244 294 6556 42 420 6537
is_linear=0
shrinkage=0.05


Tree=18
num_leaves=32
num_cat=0
split_feature=12 9 12 27 27 5 8 11 0 35 3 41 7 7 35 35 43 36 11 14 30 30 11 0 21 19 6 14 13 11 0
split_gain=2827.09 104.864 102.873 93.5296 157.357 50.2315 22.4903 22.395 21.7873 21.2082 23.7212 12.9661 9.5956 41.1961 4.28687 63.6079 7.68747 3.33173 2.89465 2.86348 2.81124 85.3839 2.79433 2.17783 2.10747 1.19086 0.949156 1.13407 0.31195 0.269502 0.12991
threshold=-0.35712666629937123 0.52009536125279188 2.7084533625306269 1.0000000180025095e-35 0.99997358653385171 1.0000000180025095e-35 0.030704408388652342 -0.73414347459308649 0.35375155775982609 0.047560973583475448 1.647848289567593 0.010499896815525491 1.0182534497653528 1.9963824514917934 0.10880369610473435 0.99987853278274375 0.10448686062988922 0.061363494076462251 -0.93282946673459732 -0.58297735611061285 0.052570799669467767 0.99987956274106693 1.1013646222195594 -0.92423265175610114 0.26730790055709541 54.500000000000007 -0.021049447026853043 -0.47507904840875809 -0.40073868595513468 -1.0481824618672646 -0.47314907295018871
decision_type=2 2 2 2 2 2 2 2 2 2 2 2 2 2 2 2 2 2 2 2 2 2 2 2 2 2 2 2 2 2 2
left_child=3 7 28 12 -5 18 9 -2 -7 11 -11 -6 14 -14 20 -16 -17 25 -4 -10 24 -22 -20 -9 -1 -15 27 -25 -3 -8 -28
right_child=1 2 5 4 6 8 29 23 19 10 -12 -13 13 17 15 16 -18 -19 22 -21 21 -23 -24 26 -26 -27 30 -29 -30 -31 -32
leaf_value=-0.061079487148320358 -0.034282575489921648 0.077588292849516738 -0.022308600079798901 0.062718357649859974 -0.047543960259311825 -0.059573173893000958 -0.049678152445190152 0.027005595220281831 0.018373906862075629 0.07708142480276918 -0.017948132421898612 -0.019585211795292216 0.06256815182797236 -0.058591026270851825 0.10543435574872212 -0.059886617063847486 -0.012237316436459518 -0.019468843416741505 -0.067443159830454263 0.067570732615409509 0.12690324615874321 -0.060119043820533437 -0.030734443081578734 0.023080449170925603 -0.055622115999102467 -0.031182438717872685 0.069353421352659969 0.063134483569524322 0.063306100385845485 -0.063815452578641504 0.06258047648545409
leaf_weight=453.71513338387012 6.0289437323808661 4.1338143497705451 5.1863478124141684 44.395893916487694 116.09082320332527 5.0501921325922039 3.5515313595533362 4.3386185318231574 3.7030217200517717 8.5411428362131101 28.409802258014679 64.511931449174881 8.9892369508743268 49.161954507231712 6.4196109324693671 108.78955781459808 9.1788593083620054 6.9020966887474051 34.734117105603218 14.696009114384646 6.4143474549055091 125.64929935336113 6.0936775356531134 3.3398476988077164 289.95518369972706 4.3105066865682593 7.1284199506044379 3.7530752867460242 50.894322112202644 66.34528811275959 1040.2315283417702
leaf_count=2735 33 23 27 275 610 25 21 25 22 42 127 304 56 285 28 649 49 37 194 85 32 738 32 20 1727 24 41 23 309 399 6471
internal_value=3.71529e-05 0.056734 0.0133125 -0.0480815 -0.0248919 -0.0271418 -0.038423 0.0618105 0.0324191 -0.0304956 0.00401777 -0.037557 -0.0552769 -0.0372932 -0.0565241 -0.0478383 -0.0561791 -0.0521617 -0.0574946 0.0576693 -0.0577579 -0.0510353 -0.0619643 0.0623577 -0.0589517 -0.0563816 0.0625031 0.0442742 0.064379 -0.0630971 0.0626266
internal_weight=2590.64 1189.31 124.492 1401.33 331.846 69.4634 287.451 1064.82 23.4492 217.554 36.9509 180.603 1069.49 69.3638 1000.12 124.388 117.968 60.3746 46.0141 18.399 875.734 132.064 40.8278 1058.79 743.67 53.4725 1054.45 7.09292 55.0281 69.8968 1047.36
internal_count=15468 7330 717 8138 1778 385 1503 6613 132 1083 169 914 6360 402 5958 726 698 346 253 107 5232 770 226 6580 4462 309 6555 43 332 420 6512
is_linear=0
shrinkage=0.05


Tree=19
num_leaves=32
num_cat=0
split_feature=12 9 12 27 27 5 8 11 0 14 21 32 7 7 35 35 43 20 14 11 3 30 30 0 21 5 6 14 13 11 0
split_gain=2645.2 99.3569 96.3522 89.6543 146.209 46.6378 22.0361 21.1925 20.2133 19.8485 15.5803 10.5599 9.14027 38.414 4.12347 58.8361 7.50196 3.35412 2.81841 2.79741 2.77261 2.70022 78.5022 2.20171 2.1373 1.20224 0.982692 1.12878 0.273797 0.270556 0.115956
threshold=-0.35712666629937123 0.52009536125279188 2.7084533625306269 1.0000000180025095e-35 0.99997358653385171 1.0000000180025095e-35 0.030704408388652342 -0.73414347459308649 0.35375155775982609 -0.52450555524758302 0.25635422228499999 0.036977046081088767 1.0182534497653528 1.9963824514917934 0.10880369610473435 0.99987853278274375 0.10448686062988922 -0.96731573475485255 -0.58297735611061285 -0.93282946673459732 1.0495555279394835 0.052570799669467767 0.99987956274106693 -0.92423265175610114 0.26730790055709541 1.0000000180025095e-35 -0.021049447026853043 -0.47507904840875809 -0.40073868595513468 -1.0481824618672646 -0.47314907295018871
decision_type=2 2 2 2 2 2 2 2 2 2 2 2 2 2 2 2 2 2 2 2 2 2 2 2 2 2 2 2 2 2 2
left_child=3 7 28 12 -5 19 9 -2 -7 11 -11 -6 14 -14 21 -16 -17 -15 -10 -4 -21 24 -23 -9 -1 -19 27 -25 -3 -8 -28
right_child=1 2 5 4 6 8 29 23 18 10 -12 -13 13 17 15 16 -18 25 -20 20 -22 22 -24 26 -26 -27 30 -29 -30 -31 -32
leaf_value=-0.060198123528413083 -0.03288890912134769 0.076086591647562887 -0.021411208748541143 0.06194577524734303 -0.043719797774450203 -0.057553049975268805 -0.048602364080618771 0.025882232656042906 0.01752627825643099 0.017130405590130161 -0.041594492321967214 -0.009787259013836919 0.061805886229419231 -0.014099844432250161 0.10091299807816159 -0.058968126581434993 -0.011698921753829273 -0.057717902810168455 0.066589808620431581 -0.066733552648482006 -0.031995491461883685 0.11978900889657827 -0.059161256209960281 0.021987900222233719 -0.054609300019392598 -0.03473733157654478 0.068327539181912034 0.062335793444247029 0.062494283730130509 -0.062974803715665176 0.061814105012830647
leaf_weight=437.74533423781395 5.971687749028205 4.0078325718641272 5.1348718851804724 42.743964672088623 135.41742929816246 4.9681870937347439 3.4511992484331122 4.3015469014644614 3.688389837741858 34.215764656662941 16.860157161951065 27.601261973381042 8.6536009311676008 5.5615267455577841 6.3729723915457717 105.05470775067806 9.1226828992366773 46.615851446986198 14.17995142936706 32.702023223042488 6.9679336100816718 6.454352766275405 121.40707261860371 3.3307490199804306 280.79938434064388 6.4827259182929984 6.8799740225076667 3.6146124005317679 49.025040939450264 63.930570930242538 1001.4542161822319
leaf_count=2735 33 23 27 275 711 25 21 25 22 151 87 134 56 25 28 649 49 285 85 188 38 32 738 20 1727 36 41 23 309 399 6471
internal_value=3.96902e-05 0.0559785 0.0130638 -0.0471587 -0.0242171 -0.0264965 -0.0373014 0.0610281 0.0316576 -0.029453 -0.00225468 -0.0379746 -0.0543504 -0.0365354 -0.0555905 -0.0469388 -0.0551914 -0.0510428 0.0564621 -0.056137 -0.0606319 -0.0568228 -0.050128 0.0615782 -0.0580141 -0.0549122 0.0617294 0.0429864 0.0635215 -0.0622387 0.0618585
internal_weight=2504.72 1146.23 120.674 1358.49 324.22 67.6414 281.476 1025.55 22.8365 214.095 51.0759 163.019 1034.27 67.3137 966.957 120.55 114.177 58.6601 17.8683 44.8048 39.67 846.406 127.861 1019.58 718.545 53.0986 1015.28 6.94536 53.0329 67.3818 1008.33
internal_count=15468 7330 717 8138 1778 385 1503 6613 132 1083 238 845 6360 402 5958 726 698 346 107 253 226 5232 770 6580 4462 321 6555 43 332 420 6512
is_linear=0
shrinkage=0.05


Tree=20
num_leaves=32
num_cat=0
split_feature=12 9 12 27 27 7 8 11 14 14 2 32 7 7 14 45 5 45 45 16 34 34 2 2 0 21 6 14 30 3 11
split_gain=2476.43 94.2205 90.3168 86.1542 135.868 43.8918 21.638 20.0824 18.4769 14.5888 14.4124 9.9886 8.69687 35.8538 4.69521 8.7041 3.97793 13.8654 21.8051 5.94826 3.84708 28.7835 3.42752 5.38115 2.22771 1.83592 1.0175 1.12318 0.872698 0.727415 0.27252
threshold=-0.35712666629937123 0.52009536125279188 2.7084533625306269 1.0000000180025095e-35 0.99997358653385171 1.0096840255646971 0.030704408388652342 -0.73414347459308649 -0.52450555524758302 0.95999526661447587 0.54733113347739881 0.036977046081088767 1.0182534497653528 1.9963824514917934 1.0000000180025095e-35 0.99987853278274375 1.0000000180025095e-35 0.052205314370016971 0.99987853278274375 3.5000000000000004 0.089642002270148471 0.99930865958219239 -1.1665577909904796 -1.3332032416916462 -0.92423265175610114 0.01755559807137794 -0.021049447026853043 -0.47507904840875809 0.99987956274106693 1.0495555279394835 -1.0481824618672646
decision_type=2 2 2 2 2 2 2 2 2 2 2 2 2 2 2 2 2 2 2 2 2 2 2 2 2 2 2 2 2 2 2
left_child=3 7 -3 12 -5 14 8 -2 11 -10 -7 -6 16 -14 29 -16 20 19 -19 -18 25 -22 23 -15 -9 -1 27 -26 -24 -4 -8
right_child=1 2 5 4 6 10 30 24 9 -11 -12 -13 13 22 15 -17 17 18 -20 -21 21 -23 28 -25 26 -27 -28 -29 -30 -31 -32
leaf_value=-0.059143997501778428 -0.031545760659690794 0.062725419518561282 -0.063401161265575434 0.0612287664265663 -0.042453042666921459 -0.039470827776979779 -0.047557913590517496 0.024799172745695659 0.066984569569282448 -0.012538462817447136 0.06075850881692163 -0.0093361373393256505 0.061098302904556416 -0.056868523109332242 0.036315131592444524 -0.058652968304499009 -0.03148597933442842 0.098038515167182039 -0.047349058089623274 -0.058416402457856953 0.072678471907383108 -0.055180723288234562 -0.058015999625823045 0.018082969671353061 0.020944498613858761 -0.05424245730295172 0.061145406336183296 0.061594734296779946 -0.036901804647450152 -0.039648688995097416 -0.062195197673734715
leaf_weight=402.80495898425579 5.9160978943109503 51.070242181420326 32.344516202807426 41.123330980539322 132.55869029462337 4.7199205160141018 3.3531496971845618 4.2658690810203543 6.6331357955932608 44.184183672070503 14.937605515122412 27.491095662117004 8.3244637250900251 5.2774096876382828 3.8844190239906293 6.3682254552841187 27.445599183440208 4.13350962102413 6.8573695421218872 81.072129890322685 4.8939304649829856 43.761891975998878 41.737290143966675 4.3840675801038724 3.3220721185207367 363.38937650620937 970.05913807451725 3.4786398112773886 5.5439532101154319 3.58010709285736 61.555505990982056
leaf_count=2612 33 332 194 275 711 24 21 25 37 201 94 134 56 30 19 33 163 19 37 504 27 280 261 22 20 2316 6512 23 33 21 399
internal_value=4.209e-05 0.0552719 0.0128276 -0.0462698 -0.0235528 -0.0258798 -0.0361953 0.060299 -0.0284248 -0.0021584 0.0366927 -0.0367647 -0.0534715 -0.0358257 -0.0525167 -0.0226724 -0.0547041 -0.0461853 0.00732909 -0.0516053 -0.0559535 -0.0423203 -0.049995 -0.0228579 0.0608528 -0.0568193 0.0610103 0.0417375 -0.0555403 -0.0610341 -0.061439
internal_weight=2420.47 1103.95 116.905 1316.53 316.899 65.8348 275.776 987.042 210.867 50.8173 19.6575 160.05 999.626 65.2672 46.1773 10.2526 934.359 119.509 10.9909 108.518 814.85 48.6558 56.9427 9.66148 981.126 766.194 976.86 6.80071 47.2812 35.9246 64.9087
internal_count=15468 7330 717 8138 1778 385 1503 6613 1083 238 118 845 6360 402 267 52 5958 723 56 667 5235 307 346 52 6580 4928 6555 43 294 215 420
is_linear=0
shrinkage=0.05


Tree=21
num_leaves=32
num_cat=0
split_feature=12 6 12 27 27 8 35 3 14 5 9 7 7 7 11 14 35 35 43 2 18 30 30 2 21 30 30 6 0 31 11
split_gain=2319.64 89.3236 116.564 82.7383 126.335 21.241 17.6217 21.2534 13.9824 13.2806 13.1091 12.9049 8.27011 33.4777 5.78917 6.18138 3.99278 52.9625 7.54957 3.37301 6.05232 2.65768 71.5209 2.41179 2.21439 1.85026 1.01031 0.913978 0.576142 0.319789 0.275298
threshold=-0.35712666629937123 0.90259192042134784 2.7084533625306269 1.0000000180025095e-35 0.99997358653385171 0.030704408388652342 0.047560973583475448 1.647848289567593 -0.47507904840875809 1.0000000180025095e-35 0.88948331573957484 1.0096840255646971 1.0182534497653528 1.9963824514917934 0.05344399741377516 -0.26556047127400045 0.10880369610473435 0.99987853278274375 0.10448686062988922 -1.0861534148807601 17.500000000000004 0.052570799669467767 0.99987956274106693 0.22587779517740994 0.26730790055709541 0.7045593344905321 0.99987956274106693 -1.3741689935902675 -0.51188327739586359 0.99997358653385171 -1.0481824618672646
decision_type=2 2 2 2 2 2 2 2 2 2 2 2 2 2 2 2 2 2 2 2 2 2 2 2 2 2 2 2 2 2 2
left_child=3 2 -2 12 -5 6 9 -8 25 -6 14 23 16 -14 15 -3 21 -18 -19 20 -15 24 -23 -10 -1 27 -21 -4 -16 -30 -7
right_child=1 10 8 4 5 30 7 -9 11 -11 -12 -13 13 19 28 -17 17 18 -20 26 -22 22 -24 -25 -26 -27 -28 -29 29 -31 -32
leaf_value=-0.058633899459366583 0.061464119295649634 -0.027555965740367023 -0.038666108820482575 0.060562340966344753 -0.040096484496342191 -0.046541217720001173 0.075197129158298043 -0.016432972639104763 -0.056994963768000985 -0.0016362235754812061 -0.041492327288204872 0.070206549019071474 0.060440514164336968 -0.055733233796639005 0.041609282453695343 0.056851286167823506 0.096921658583192294 -0.057301715489336824 -0.0090757652945295149 -0.058038852344075277 0.018337334357110782 0.11424009612566904 -0.057429373576848734 -0.0044833363396192868 -0.052747165392408951 -0.029608325333004244 -0.034632996960282374 -0.063538109174074028 0.060448409648122453 0.050128360353494654 -0.061471036376386505
leaf_weight=407.12628650665283 57.544131681323051 3.8887262791395187 4.2137572020292238 39.53722195327282 144.83631312847137 3.2575241327285758 8.1738751381635648 28.02893228828907 4.7334630489349347 26.562057286500931 3.1983136534690848 4.6553107947111121 8.0024611949920637 6.5713199377059919 4.1125470846891394 4.9048077017068845 6.208243876695632 97.902877539396286 8.8486942350864393 38.708138838410378 4.752291351556778 6.4104946106672278 113.28726170957088 4.0638894289731979 262.91658179461956 5.6629844009876242 5.2339014112949362 29.923978030681614 927.93885366618633 7.5677630305290213 59.225642904639244
leaf_count=2735 390 20 27 275 777 21 42 127 24 137 15 26 56 40 26 30 28 649 49 252 22 32 738 20 1727 34 32 185 6481 52 399
internal_value=4.53441e-05 0.0546171 0.0121286 -0.0454062 -0.0229139 -0.0351339 -0.0274412 0.00425529 -0.0411821 -0.0341362 0.0595641 0.00288641 -0.0526156 -0.0351404 0.0599049 0.0195242 -0.0538404 -0.0450479 -0.0533042 -0.0489805 -0.0246473 -0.0550981 -0.0482355 -0.0327375 -0.056324 -0.0560772 -0.055251 -0.0604681 0.0602828 0.0603649 -0.0606927
internal_weight=2338 1062.41 110.798 1275.59 309.622 270.084 207.601 36.2028 53.2534 171.398 951.611 13.4527 965.969 63.2681 948.413 8.79353 902.7 112.96 106.752 55.2657 11.3236 789.741 119.698 8.79735 670.043 39.8007 43.942 34.1377 939.619 935.507 62.4832
internal_count=15468 7330 706 8138 1778 1503 1083 169 316 914 6624 70 6360 402 6609 50 5958 726 698 346 62 5232 770 44 4462 246 284 212 6559 6533 420
is_linear=0
shrinkage=0.05


Tree=22
num_leaves=32
num_cat=0
split_feature=12 9 12 27 27 7 8 11 41 41 2 35 5 45 45 16 35 14 45 19 34 34 30 30 41 0 17 6 17 7 3
split_gain=2174.26 85.2323 80.2207 79.627 117.518 38.2368 20.8577 18.1744 16.5886 74.3076 12.9248 9.59723 7.94538 23.7043 23.609 5.46365 11.8051 4.4396 8.00977 3.28169 3.2223 26.1937 3.07551 49.3922 2.88396 2.17108 1.71816 0.97932 1.0953 0.735268 0.734987
threshold=-0.35712666629937123 0.52009536125279188 2.7084533625306269 1.0000000180025095e-35 0.99997358653385171 1.0096840255646971 0.030704408388652342 -0.73414347459308649 0.010499896815525491 0.99987853278274375 0.54733113347739881 0.047560973583475448 1.0000000180025095e-35 0.0040699313771622734 0.99987853278274375 3.5000000000000004 0.33128166689544308 1.0000000180025095e-35 0.99987853278274375 54.500000000000007 0.089642002270148471 0.99930865958219239 0.10501894280602998 0.99987956274106693 0.10619308289276121 -0.92423265175610114 18.500000000000004 -0.021049447026853043 24.500000000000004 1.1065722841569063 1.0495555279394835
decision_type=2 2 2 2 2 2 2 2 2 2 2 2 2 2 2 2 2 2 2 2 2 2 2 2 2 2 2 2 2 2 2
left_child=3 7 -3 12 -5 17 8 -2 11 -10 -7 -6 20 15 29 16 -14 30 -19 -17 22 -22 24 -24 -1 -9 -16 28 -27 -15 -4
right_child=1 2 5 4 6 10 -8 25 9 -11 -12 -13 13 14 26 19 -18 18 -20 -21 21 -23 23 -25 -26 27 -28 -29 -30 -31 -32
leaf_value=-0.058013197957196755 -0.029905576490337139 0.061353378478241509 -0.061731117708487687 0.059942069895426386 -0.043523807971333962 -0.037751799366637542 -0.059994651347558395 0.023245264061294572 0.10805204621257228 -0.02917871180588686 0.059219257990434371 -0.0074611081400156381 -0.046578142594483597 0.089516470857922192 -0.064071835685651654 -0.058677371529604706 0.032642660767074463 0.035701862639259493 -0.056670556687561685 -0.02232399872041093 0.070248414024137437 -0.053063696084482317 0.10406446834600634 -0.054201900209417675 -0.050890567242740319 0.019966806310193069 -0.019119674251594887 0.059871781927764572 0.061301197825789945 0.059828175091086538 -0.037196661935608104
leaf_weight=441.81369282305241 5.7113923728466025 47.304650187492371 30.30360746383667 37.988246455788612 107.23977240920067 4.5650041103363064 60.109963849186897 4.0954370498657218 11.689192578196524 63.188559159636497 13.896446973085402 22.282145708799362 22.309839963912967 4.2248169034719467 4.6108977943658829 71.538340076804161 5.9584786593914023 3.8092224448919279 6.1127631366252899 6.7978569269180289 4.7598460242152205 45.217376813292503 5.1781067699193946 102.76436626911163 209.51041284203529 3.2640195637941352 3.9439310282468796 896.14268952608109 3.1488443911075592 4.1186285018920898 3.3945208191871634
leaf_count=3060 33 332 194 275 610 24 420 25 57 312 94 104 142 20 27 475 33 19 33 45 28 310 27 695 1446 22 22 6512 21 30 21
internal_value=4.80804e-05 0.0540072 0.0123008 -0.0445849 -0.0222932 -0.025076 -0.0341036 0.0590075 -0.0264895 -0.00775557 0.035241 -0.0373198 -0.0518143 -0.0400017 0.0150172 -0.048723 -0.0298798 -0.0506041 -0.0212072 -0.0555227 -0.0536171 -0.0413194 -0.0544266 -0.0466097 -0.0557221 0.0595676 -0.0433481 0.0597325 0.0402628 0.0748612 -0.0592597
internal_weight=2256.99 1021.75 109.386 1235.24 302.498 62.0816 264.51 912.362 204.4 74.8778 18.4615 129.522 932.747 123.503 16.8983 106.605 28.2683 43.6201 9.92199 78.3362 809.244 49.9772 759.267 107.942 651.324 906.651 8.55483 902.556 6.41286 8.34345 33.6981
internal_count=15468 7330 717 8138 1778 385 1503 6613 1083 369 118 714 6360 794 99 695 175 267 52 520 5566 338 5228 722 4506 6580 49 6555 43 50 215
is_linear=0
shrinkage=0.05


Tree=23
num_leaves=32
num_cat=0
split_feature=12 9 27 27 12 5 8 11 0 5 43 21 7 7 5 16 35 36 34 34 11 11 17 14 0 21 19 6 12 11 13
split_gain=2038.79 80.8693 76.4772 109.424 75.384 35.7046 20.4373 17.2812 16.2533 16.1737 42.7996 14.3097 7.80178 29.5173 3.94916 12.0387 12.2005 3.52321 3.36587 23.8893 2.94788 2.86954 2.28546 2.26556 2.20163 2.01281 1.32492 1.03275 1.08829 0.291993 0.182031
threshold=-0.35712666629937123 0.52009536125279188 1.0000000180025095e-35 0.99997358653385171 2.7084533625306269 1.0000000180025095e-35 0.030704408388652342 -0.73414347459308649 0.35375155775982609 1.0000000180025095e-35 0.012538652603033442 0.25635422228499999 1.0182534497653528 1.9963824514917934 1.0000000180025095e-35 3.5000000000000004 0.29371247021392199 0.061363494076462251 0.089642002270148471 0.99930865958219239 -0.93282946673459732 1.1013646222195594 2.5000000000000004 -0.52752317303662177 -0.92423265175610114 0.01755559807137794 54.500000000000007 -0.021049447026853043 0.46578388676809818 -1.0481824618672646 -0.40073868595513468
decision_type=2 2 2 2 2 2 2 2 2 2 2 2 2 2 2 2 2 2 2 2 2 2 2 2 2 2 2 2 2 2 2
left_child=2 7 12 -4 30 20 9 -2 -7 11 -11 -5 14 -14 18 16 -16 26 25 -20 -6 -22 -17 -10 -9 -1 -15 28 -26 -8 -3
right_child=1 4 3 6 5 8 29 24 23 10 -12 -13 13 17 15 22 -18 -19 19 -21 21 -23 -24 -25 27 -27 -28 -29 -30 -31 -32
leaf_value=-0.057024011350543302 -0.028676102786782561 0.071557704288864279 0.059364020127845946 -0.019607678795365228 -0.014788129714035682 -0.053038514956719997 -0.044270911908916126 0.02225957469130899 0.018786953123189704 -0.026056017710161784 0.1073370937941967 -0.049194417077515068 0.059442668443502947 -0.054252499699037227 -0.034426902830622386 -0.020668522021548813 0.039940031752908646 -0.011540411210654059 0.069307932699830876 -0.052595904454807066 -0.063050844683999088 -0.023595878484263567 -0.055858662047612528 0.06411247357023421 0.059793157442223278 -0.051609957944822649 -0.023364898200951056 0.059295918398475568 0.018223045759868394 -0.060177886986697231 0.059794546670717423
leaf_weight=360.41998499631882 5.6597961932420722 3.5690310299396506 36.47846394777298 98.98355695605278 4.6978546231985083 4.6101849675178554 3.0454190224409095 4.0637764930725089 3.5716667473316219 24.466059535741806 7.9728877544403067 69.605223968625069 7.466373696923255 41.876451909542084 22.933000996708873 4.9207153469324103 7.2614708244800559 6.2061866074800482 4.4753795936703673 39.403797805309296 29.809779316186905 5.4510875195264807 74.009803086519241 12.086524635553355 3.1437171101570121 327.81119555234909 3.7857039123773566 860.50555981695652 3.153992235660553 54.748040720820427 41.887349888682365
leaf_count=2612 33 23 275 523 27 25 21 25 24 129 38 393 56 285 146 33 39 37 27 280 194 32 505 83 23 2316 24 6512 20 399 309
internal_value=5.07955e-05 0.0534284 -0.0437902 -0.021709 0.0121105 -0.0245761 -0.0331355 0.0584102 0.0294785 -0.0256021 0.00672952 -0.0318232 -0.0510306 -0.0335075 -0.0522666 -0.0433932 -0.0165424 -0.0468875 -0.0535892 -0.0401625 -0.0519943 -0.0569514 -0.0536648 0.0537736 0.0589761 -0.0544452 -0.0516917 0.0591483 0.0389742 -0.0593397 0.0607181
internal_weight=2178.08 982.21 1195.87 295.3 105.683 60.2271 258.821 876.527 20.2684 201.028 32.4389 168.589 900.57 59.3347 841.235 109.125 30.1945 51.8683 732.11 43.8792 39.9587 35.2609 78.9305 15.6582 870.867 688.231 45.6622 866.803 6.29771 57.7935 45.4564
internal_count=15468 7330 8138 1778 717 385 1503 6613 132 1083 167 916 6360 402 5958 723 185 346 5235 307 253 226 538 107 6580 4928 309 6555 43 420 332
is_linear=0
shrinkage=0.05


Tree=24
num_leaves=32
num_cat=0
split_feature=12 9 27 23 12 7 8 11 5 43 21 2 5 45 45 16 35 14 45 19 30 30 41 41 34 11 6 13 24 7 3
split_gain=1911.73 76.9431 73.5987 101.964 70.8391 33.775 19.224 16.4531 16.019 38.4465 13.6786 11.2898 7.66478 21.7267 21.1223 5.20254 10.166 4.18272 7.03803 3.32046 3.14814 49.1974 2.5926 87.1095 2.98058 2.57382 2.25348 4.20913 2.07215 1.84956 0.752952
threshold=-0.35712666629937123 0.52009536125279188 1.0000000180025095e-35 0.99997358653385171 2.7084533625306269 1.0096840255646971 0.030704408388652342 -0.73414347459308649 1.0000000180025095e-35 0.012538652603033442 -0.25882047040557216 0.54733113347739881 1.0000000180025095e-35 0.0040699313771622734 0.99987853278274375 3.5000000000000004 0.33128166689544308 1.0000000180025095e-35 0.99987853278274375 54.500000000000007 0.10501894280602998 0.99987956274106693 0.10619308289276121 0.99987853278274375 0.11156085813207291 0.31963761998241175 -0.021049447026853043 1.3267830584603719 0.45386202418187493 1.0182534497653528 1.0495555279394835
decision_type=2 2 2 2 2 2 2 2 2 2 2 2 2 2 2 2 2 2 2 2 2 2 2 2 2 2 2 2 2 2 2
left_child=2 7 12 28 -3 17 8 -2 10 -10 -5 -7 20 15 -15 16 -14 30 -19 -17 22 -22 24 -24 -1 -16 27 -9 -4 -23 -6
right_child=1 4 3 6 5 11 -8 26 9 -11 -12 -13 13 14 25 19 -18 18 -20 -21 21 29 23 -25 -26 -27 -28 -29 -30 -31 -32
leaf_value=-0.056682623538341081 -0.027489953288370457 0.060114717967154785 0.058974005741967206 -0.01480466095071379 -0.060132260019162193 -0.034341651706598662 -0.05863928766417717 0.059507627591008229 -0.024408643178105861 0.10270426268638917 -0.044008923807249266 0.057883220282567351 -0.044793141930807641 0.073660398576685687 -0.062989268929148565 -0.05725439285630838 0.028158028298349319 0.033982730139653403 -0.054059729265481804 -0.019804212297935515 0.095813573201600888 -0.054369545010424347 0.15219589993153579 -0.05395829464156017 -0.040715987281544512 -0.0051341849553438526 0.058678620817282284 -0.015791296615164856 0.013702497172697789 -0.025805776728594878 -0.034693068371214775
leaf_weight=410.1669944524765 5.6101026386022559 43.662356711924076 34.863051325082779 69.892880812287331 28.338100619614128 4.458923131227496 55.302652359008789 5.0852020978927595 23.924018338322643 7.9172411561012259 94.045266672968864 12.97337533533573 21.20344923436642 7.9411953389644632 5.0409888625144958 66.537354454398155 6.1638557463884345 3.7193996012210828 5.824545606970787 6.4966682046651831 5.9323909878730765 89.748012974858284 5.2557843923568717 204.57620480656624 31.471674226224422 3.1073320657014847 828.03004449605942 2.9225012809038162 2.7251927256584159 6.0493059903383246 3.2414220571517935
leaf_count=3060 33 332 273 373 194 24 419 38 128 38 533 94 142 50 31 475 33 19 33 45 36 654 31 1519 225 18 6525 17 14 41 21
internal_value=5.41903e-05 0.0528756 -0.0429862 -0.0211104 0.0119118 -0.024031 -0.0326081 0.0578507 -0.0252549 0.00719763 -0.0315581 0.0342935 -0.0502473 -0.0383116 0.0156294 -0.0469558 -0.0283626 -0.0487548 -0.0197484 -0.053923 -0.0520933 -0.0439131 -0.0533707 -0.0487946 -0.0555448 -0.0409264 0.0584233 0.0320264 0.0556918 -0.0525658 -0.0575211
internal_weight=2102.23 943.866 1158.36 288.67 102.218 58.5558 251.082 841.648 195.779 31.8413 163.938 17.4323 869.691 116.491 16.0895 100.401 27.3673 41.1235 9.54395 73.034 753.2 101.73 651.471 209.832 441.639 8.14832 836.038 8.0077 37.5882 95.7973 31.5795
internal_count=15468 7330 8138 1778 717 385 1491 6613 1072 166 906 118 6360 794 99 695 175 267 52 520 5566 731 4835 1550 3285 49 6580 55 287 695 215
is_linear=0
shrinkage=0.05


Tree=25
num_leaves=32
num_cat=0
split_feature=12 6 12 27 27 8 41 41 14 7 9 6 5 45 45 11 0 16 35 19 30 30 34 34 41 11 2 30 7 6 0
split_gain=1794.11 73.2065 91.9221 71.058 94.8601 19.7617 14.9372 65.1538 11.954 10.6184 10.5143 9.87441 7.46792 20.2876 19.7081 5.29944 5.5612 5.12106 9.45091 3.28358 3.04277 45.8471 2.56839 19.2646 2.99763 2.48517 2.26397 1.91296 1.86273 0.807404 0.600734
threshold=-0.35712666629937123 0.90259192042134784 2.7084533625306269 1.0000000180025095e-35 0.99997358653385171 0.030704408388652342 0.010499896815525491 0.99987853278274375 -0.47507904840875809 1.0096840255646971 0.88948331573957484 0.083000245727203534 1.0000000180025095e-35 0.0040699313771622734 0.99987853278274375 0.05344399741377516 0.59855163868455052 3.5000000000000004 0.33128166689544308 54.500000000000007 0.10501894280602998 0.99987956274106693 0.11156085813207291 0.99930865958219239 0.10619308289276121 0.31963761998241175 0.22587779517740994 0.7045593344905321 1.0182534497653528 -1.3357817845239461 -0.51188327739586359
decision_type=2 2 2 2 2 2 2 2 2 2 2 2 2 2 2 2 2 2 2 2 2 2 2 2 2 2 2 2 2 2 2
left_child=3 2 -2 12 -5 6 11 -8 27 26 15 -6 20 17 -15 16 -3 18 -14 -19 22 -22 24 -24 -1 -16 -10 29 -23 -4 -17
right_child=1 10 8 4 5 -7 7 -9 9 -11 -12 -13 13 14 25 30 -18 19 -20 -21 21 28 23 -25 -26 -27 -28 -29 -30 -31 -32
leaf_value=-0.056040802488557612 0.05920296791082133 -0.031430918248646272 -0.037697368488430645 0.058326806792738342 -0.046778246535959599 -0.058158284874445215 0.10417861823668775 -0.026297407080751831 -0.053469211217825552 0.068630534187823042 -0.036569335677370134 -0.018198942771762622 -0.043820849702428728 0.072430434304014621 -0.06219855164043378 0.037751304663435278 0.05334888662542403 -0.056568440909173984 0.026392788894052124 -0.019053150587099232 0.093125485151146631 -0.053636674417556957 0.071262990558726966 -0.050739737077347392 -0.048378791938200133 -0.0048900172836799129 -0.0008595986210836198 -0.024601431516999245 -0.024790994272529759 -0.061025456080536868 0.058130645261568775
leaf_weight=394.51814449578524 49.37108089029789 3.3959818333387366 4.3285785987973204 33.595299728214741 69.805120706558228 53.34713251888752 11.356663465499876 60.746831119060516 4.3951425999402982 4.2133817970752707 2.9728706032037726 53.302099049091339 20.605513721704487 7.6789077371358854 4.8545437157154083 3.6326424553990355 4.4940373450517654 64.040318250656128 6.2451384365558615 6.417190581560134 5.8017813488841048 86.507896274328232 3.5135869905352584 40.904126062989235 188.71605352312326 3.099566176533699 3.8242523819208145 5.1063898205757132 5.9837858676910392 25.918775983154777 794.74007722735405
leaf_count=3060 390 19 31 275 414 420 57 312 24 26 15 300 142 50 31 26 31 475 33 45 36 654 19 310 1446 18 20 34 41 181 6533
internal_value=5.65124e-05 0.0523652 0.0113556 -0.0422366 -0.0205308 -0.0311893 -0.0238192 -0.00574678 -0.0380783 0.00409197 0.0572889 -0.0344042 -0.0495372 -0.0375768 0.0152935 0.0576349 0.0168584 -0.0460707 -0.02749 -0.0531516 -0.0513979 -0.043218 -0.052679 -0.0410889 -0.0535616 -0.0398665 -0.0289914 -0.0529083 -0.0517705 -0.0576871 0.0580379
internal_weight=2027.43 906.393 97.1576 1121.04 282.153 248.558 195.211 72.1035 47.7865 12.4328 809.236 123.107 838.887 112.941 15.633 806.263 7.89002 97.3082 26.8507 70.4575 725.945 98.2935 627.652 44.4177 583.234 7.95411 8.21939 35.3537 92.4917 30.2474 798.373
internal_count=15468 7330 706 8138 1778 1503 1083 369 316 70 6624 714 6360 794 99 6609 50 695 175 520 5566 731 4835 329 4506 49 44 246 695 212 6559
is_linear=0
shrinkage=0.05


Tree=26
num_leaves=32
num_cat=0
split_feature=12 9 27 27 12 7 8 35 3 11 41 14 5 45 45 16 15 14 45 19 7 7 30 11 6 13 3 2 7 34 0
split_gain=1684.23 70.0382 68.4741 88.3825 63.1632 29.4854 19.385 14.7261 17.2915 14.4111 11.5537 10.3868 7.25817 18.9447 18.4001 5.04124 9.03685 3.98534 6.48656 3.24968 2.98225 25.4243 4.02424 2.40177 2.10508 3.72864 0.768171 0.487468 0.477467 0.449003 1.00941
threshold=-0.35712666629937123 0.52009536125279188 1.0000000180025095e-35 0.99997358653385171 2.7084533625306269 1.0096840255646971 0.030704408388652342 0.047560973583475448 1.647848289567593 -0.71042535519294792 0.010499896815525491 -0.58297735611061285 1.0000000180025095e-35 0.0040699313771622734 0.99987853278274375 3.5000000000000004 2023.5000000000002 1.0000000180025095e-35 0.99987853278274375 54.500000000000007 0.070523719957775302 0.99848203964983373 0.10501894280602998 0.31963761998241175 -0.021049447026853043 1.3267830584603719 1.0495555279394835 -0.83023598086165629 1.1065722841569063 0.99930865958219239 0.30775942133843964
decision_type=2 2 2 2 2 2 2 2 2 2 2 2 2 2 2 2 2 2 2 2 2 2 2 2 2 2 2 2 2 2 2
left_child=2 9 12 -4 -3 17 7 10 -9 -2 -5 -7 20 15 28 16 -14 26 -19 -17 29 -22 -23 -16 25 -11 -6 -26 -15 -1 -31
right_child=1 4 3 6 5 11 -8 8 -10 24 -12 -13 13 14 23 19 -18 18 -20 -21 21 22 -24 -25 27 -27 -28 -29 -30 30 -32
leaf_value=-0.057701634982447583 -0.022602207886045601 0.059063804804992619 0.057855323999757291 -0.039880890398127485 -0.058788651652639995 -0.020492768372211544 -0.057612454378806514 0.072978830974894507 -0.012251707562233465 0.058444553415046133 -0.011847889912565069 0.062714856170315733 0.014615753623887451 0.082984914575105637 -0.061464920737051787 -0.055914302796284968 -0.047425956098778727 0.033441148804566147 -0.052302756374363102 -0.018323528845911104 0.080980881282468956 -0.051638246432256188 -0.039306035193591889 -0.0046569281040510562 0.039902457702766334 -0.014336174130765718 -0.032378001437065707 0.05779536718382336 0.057537507753917132 -0.058848130968905892 -0.019624828135436631
leaf_weight=138.5689827427268 5.663989506661891 40.245566718280315 32.210654482245445 99.124902293086052 26.462997011840347 5.8334424048662212 51.213938117027283 7.6306328177452079 27.033268600702286 4.6818678528070441 58.416288703680038 10.504001341760157 8.826179653406145 4.0048649311065656 4.6714986637234688 61.611644752323627 17.520063042640686 3.6485514193773252 5.5776142477989197 6.3410605341196051 3.7348649501800528 473.38161408156157 76.897878050804138 3.0921647548675537 3.8257058858871451 2.8195731192827225 3.0729206800460807 757.68210378289223 3.4152062237262726 4.5960830599069586 2.5505400896072388
leaf_count=1124 35 332 275 610 194 38 420 42 127 38 304 80 57 20 31 475 118 19 33 45 20 3782 584 18 29 17 21 6494 30 36 20
internal_value=5.95622e-05 0.0518836 -0.0415021 -0.0199784 0.0114462 -0.0233345 -0.0302778 -0.0229943 0.00651026 0.0568606 -0.0294863 0.0330048 -0.0488334 -0.036862 0.0149708 -0.045208 -0.0266415 -0.0470803 -0.0183947 -0.0524065 -0.0507065 -0.0490325 -0.0499149 -0.038839 0.0574458 0.0310884 -0.0560409 0.0577055 0.0712723 -0.0570713 -0.0448498
internal_weight=1954.86 870.018 1084.84 275.63 95.3451 55.0995 243.419 192.205 34.6639 774.673 157.541 16.3374 809.213 109.483 15.1837 94.2989 26.3462 38.7621 9.22617 67.9527 699.73 554.014 550.279 7.76366 769.009 7.50144 29.5359 761.508 7.42007 145.716 7.14662
internal_count=15468 7330 8138 1778 717 385 1503 1083 169 6613 914 118 6360 794 99 695 175 267 52 520 5566 4386 4366 49 6578 55 215 6523 50 1180 56
is_linear=0
shrinkage=0.05


Tree=27
num_leaves=32
num_cat=0
split_feature=12 9 27 27 12 5 8 35 3 11 0 19 7 7 7 7 5 2 20 11 11 6 12 14 30 2 14 16 11 9 0
split_gain=1580.88 66.7041 65.8225 82.365 59.4637 27.5523 19.0159 13.5745 16.0845 13.4877 13.4509 11.3384 7.1137 23.248 4.07916 25.5757 4.71451 4.06431 6.87112 3.07282 2.84495 2.12816 3.5061 1.91385 1.11513 0.508003 0.432906 1.07877 0.341726 0.12342 0.0899566
threshold=-0.35712666629937123 0.52009536125279188 1.0000000180025095e-35 0.99997358653385171 2.7084533625306269 1.0000000180025095e-35 0.030704408388652342 0.047560973583475448 1.647848289567593 -0.69702754367807185 0.35375155775982609 32.500000000000007 1.0182534497653528 1.9963824514917934 0.070523719957775302 0.99848203964983373 1.0000000180025095e-35 -1.0861534148807601 -0.86688808668927086 -0.93282946673459732 1.1013646222195594 -0.021049447026853043 1.9266207184226867 -0.52752317303662177 0.99987956274106693 -0.83023598086165629 1.807680034835746 4.5000000000000009 -1.0481824618672646 0.88162490556169326 -0.47314907295018871
decision_type=2 2 2 2 2 2 2 2 2 2 2 2 2 2 2 2 2 2 2 2 2 2 2 2 2 2 2 2 2 2 2
left_child=2 9 12 -4 29 19 7 11 -9 -2 -7 -5 14 -14 26 -16 -17 18 -15 -6 -21 22 -11 -12 -19 -23 -1 -28 -8 -3 -27
right_child=1 4 3 6 5 10 28 8 -10 21 23 -13 13 17 15 16 -18 24 -20 20 -22 25 -24 -25 -26 30 27 -29 -30 -31 -32
leaf_value=-0.057631042790664513 -0.019848649045284522 0.057875031643852298 0.057414018254976433 -0.015596495477260339 -0.0087794050987295338 -0.050201083605348633 -0.039547740582762031 0.071542508064630458 -0.011683861576694425 0.057944626639851518 0.018442683757186572 -0.042676493047125376 0.057990880200220474 0.042244728422590999 0.07665503326930434 -0.050139321549808193 -0.036918657562270182 -0.05400532619400953 -0.045193880683407676 -0.060417137425359216 -0.01917652926211548 0.038864342816203011 -0.013667150443953505 0.06218211278644234 -0.027479779627881413 0.063808850087054017 -0.036953315287203435 -0.058415553460189285 -0.058087574846433822 0.069982694009709787 0.057306396133609883
leaf_weight=132.77357961982489 5.7551446184515944 36.359451569616795 30.869255192577839 81.168697595596313 4.304503694176673 4.2411636263132122 2.6257490366697303 7.4004793167114249 26.932391628623009 4.3632136955857268 3.2905227094888714 73.798328533768654 6.5266247764229766 3.4673350229859352 4.1238672584295264 488.6167021766305 78.22871395200491 31.444311171770096 6.3826312348246557 26.235906176269058 4.9747426062822333 3.7338625490665427 2.8099669069051743 10.422298781573767 4.53343641757965 5.3584021627902976 9.2948193401098269 15.82014140486717 46.519093878567219 2.2340905219316474 720.77215617895126
leaf_count=1118 36 316 275 478 27 25 21 42 127 37 24 436 56 17 24 4035 576 252 45 194 32 29 17 83 32 41 76 129 399 16 6453
internal_value=6.33005e-05 0.0514224 -0.0407519 -0.0194358 0.0112773 -0.0228624 -0.0293848 -0.0221903 0.00625565 0.0563981 0.0276181 -0.0284925 -0.0481004 -0.030298 -0.0493792 -0.0474122 -0.0483148 -0.0428718 -0.0144142 -0.0483818 -0.0538437 0.0569934 0.029892 0.0516864 -0.0506629 0.0572598 -0.0564924 -0.0504726 -0.057097 0.0585759 0.0573544
internal_weight=1885.38 834.855 1050.53 269.314 92.0627 53.4691 238.445 189.3 34.3329 742.793 17.954 154.967 781.212 52.3543 728.858 570.969 566.845 45.8277 9.84997 35.5152 31.2106 737.038 7.17318 13.7128 35.9777 729.864 157.889 25.115 49.1448 38.5935 726.131
internal_count=15468 7330 8138 1778 717 385 1503 1083 169 6613 132 914 6360 402 5958 4635 4611 346 62 253 226 6577 54 107 284 6523 1323 205 420 332 6494
is_linear=0
shrinkage=0.05


Tree=28
num_leaves=32
num_cat=0
split_feature=12 6 12 27 23 8 5 43 21 14 7 11 0 5 45 45 16 35 19 30 30 0 41 41 34 11 7 24 30 2 6
split_gain=1484.06 63.8324 80.6444 63.3673 76.7583 17.9108 14.7918 33.609 13.049 10.3943 9.02747 8.27864 9.68554 7.02765 17.423 16.6255 5.15201 9.00346 3.30225 3.11567 43.4902 2.88173 2.74977 81.038 2.98745 2.40881 1.86683 1.84283 1.7735 1.02035 0.622495
threshold=-0.35712666629937123 0.96301982968341948 2.7084533625306269 1.0000000180025095e-35 0.99997358653385171 0.030704408388652342 1.0000000180025095e-35 0.012538652603033442 0.25635422228499999 -0.47507904840875809 1.0096840255646971 0.33248056110373786 0.44126868551507764 1.0000000180025095e-35 0.0040699313771622734 0.99987853278274375 3.5000000000000004 0.33128166689544308 54.500000000000007 0.10501894280602998 0.99987956274106693 0.35375155775982609 0.10619308289276121 0.99987853278274375 0.11156085813207291 0.31963761998241175 1.0182534497653528 0.45386202418187493 0.7045593344905321 0.59116108714320414 1.3487670104385414
decision_type=2 2 2 2 2 2 2 2 2 2 2 2 2 2 2 2 2 2 2 2 2 2 2 2 2 2 2 2 2 2 2
left_child=3 2 -2 13 27 6 8 -8 -6 28 21 12 -3 19 16 -16 17 -15 -18 22 -21 -11 24 -24 -1 -17 -22 -5 29 -4 -14
right_child=1 11 9 4 5 -7 7 -9 -10 10 -12 -13 30 14 15 25 18 -19 -20 20 26 -23 23 -25 -26 -27 -28 -29 -30 -31 -32
leaf_value=-0.054355557533511428 0.057802469409631588 -0.037962347484111453 -0.060291764888192045 0.057183141034865062 -0.016203506998761722 -0.05652398454605221 -0.020541506618924607 0.10070431347621463 -0.045851322226647874 -0.052171167460711404 0.066854950400114369 0.056753456101139022 0.066126359125215306 -0.041374680465784186 0.070677439013473495 -0.060365915409598341 -0.054840708523767094 0.028161314056140242 -0.016143226866578753 0.093858540419057654 -0.051709090112489177 0.0078831995510470383 0.15140819752481147 -0.05128675086616611 -0.037306847827651972 -0.0022927753943106236 -0.022064598717165766 0.013054700452729096 -0.022680995286363134 -0.037365168628594188 0.034369286072408377
leaf_weight=351.87380266189575 46.689748637378216 5.0396546870470029 21.960290141403679 29.463398739695549 91.657521858811378 46.918089255690575 22.698560953140262 7.6391891688108435 62.366549074649811 4.5805416107177717 3.8643606901168814 697.52542851120234 4.0984518378973007 19.124597959220413 7.0396285951137525 4.3781616240739822 57.525503270328045 6.1527463793754569 6.0972809344530097 5.6317709833383551 77.928825579583645 3.5424534678459167 5.0725696831941596 176.79875679314137 27.719780683517456 3.0154992043972015 5.6991540789604178 2.5724162906408301 4.91629834473133 6.2296965271234503 2.4749387949705124
leaf_count=3060 417 30 167 273 516 419 128 38 390 26 26 6511 31 142 50 31 475 33 45 36 654 20 31 1519 225 18 41 14 35 48 19
internal_value=6.74957e-05 0.0509782 0.0117427 -0.0400116 -0.0188949 -0.0289421 -0.0219228 0.00998877 -0.0282083 -0.0359474 0.00394627 0.0560564 0.0141875 -0.0473856 -0.0352726 0.0156816 -0.0435452 -0.024449 -0.0511321 -0.0493091 -0.0406318 -0.0259813 -0.0506885 -0.0456334 -0.0531106 -0.0366808 -0.0496889 0.0536397 -0.0503924 -0.0552252 0.0541695
internal_weight=1818.3 800.922 91.7834 1017.37 263.316 231.28 184.362 30.3378 154.024 45.0936 11.9874 709.138 11.613 754.058 103.333 14.4333 88.9001 25.2773 63.6228 650.725 89.2598 8.123 561.465 181.871 379.594 7.39366 83.628 32.0358 33.1063 28.19 6.57339
internal_count=15468 7330 739 8138 1778 1491 1072 166 906 322 72 6591 80 6360 794 99 695 175 520 5566 731 46 4835 1550 3285 49 695 287 250 215 50
is_linear=0
shrinkage=0.05


Tree=29
num_leaves=32
num_cat=0
split_feature=12 27 27 9 12 7 8 41 41 11 6 14 5 45 45 16 15 14 45 12 19 7 7 30 11 6 12 3 34 2 11
split_gain=1394.36 61.2696 71.5924 61.1633 53.1495 24.4485 18.3243 12.9891 57.251 12.3624 9.48041 8.93329 6.85892 16.2662 15.5414 5.06639 8.74789 3.68995 5.65679 3.64472 3.26878 3.10355 21.0049 4.12242 2.32752 2.04253 3.07723 0.836889 0.485234 1.07397 0.458716
threshold=-0.35712666629937123 1.0000000180025095e-35 0.99997358653385171 0.52009536125279188 2.7084533625306269 1.0096840255646971 0.030704408388652342 0.010499896815525491 0.99987853278274375 -0.59190494759748835 0.083000245727203534 -0.58297735611061285 1.0000000180025095e-35 0.0040699313771622734 0.99987853278274375 3.5000000000000004 2023.5000000000002 1.0000000180025095e-35 0.99987853278274375 2.7978151630681056 54.500000000000007 0.070523719957775302 0.99848203964983373 0.10501894280602998 0.31963761998241175 -0.021049447026853043 1.9266207184226867 1.0495555279394835 0.99930865958219239 0.37596130291125945 -0.73414347459308649
decision_type=2 2 2 2 2 2 2 2 2 2 2 2 2 2 2 2 2 2 2 2 2 2 2 2 2 2 2 2 2 2 2
left_child=1 12 -3 9 -5 17 7 10 -9 19 -4 -7 21 15 30 16 -14 27 -19 -2 -17 28 -23 -24 -16 26 -11 -6 -1 -30 -15
right_child=3 2 6 4 5 11 -8 8 -10 25 -12 -13 13 14 24 20 -18 18 -20 -21 -22 22 23 -25 -26 -27 -28 -29 29 -31 -32
leaf_value=-0.056308952454116101 0.026709645399782569 0.0566179777748839 -0.04362911074938635 0.057697067759469089 -0.057009766079314995 -0.018710985871570909 -0.056159197358290315 0.10213447390513185 -0.023120711969858841 0.057057220501273515 -0.014693687329323161 0.061315789095861245 0.017194648059031575 0.083007869255624686 -0.059760134033016492 -0.054258072328237233 -0.045228346166652458 0.032371519344520663 -0.049601814434676893 -0.049001187858453997 -0.01550107325656486 0.075475973729724921 -0.049624766653187311 -0.036547003646223535 -0.0021807229850273925 0.056500999427407453 -0.012332138742222318 -0.028298819167993761 -0.057619424180673812 -0.01526044047663864 0.057013200555257174
leaf_weight=122.58425136655569 2.980902560055255 28.327900111675262 64.471595853567123 35.47517167776823 23.921911858022217 5.5555163770914069 45.208954438567162 10.819313555955885 58.182468071579933 3.8892982974648467 50.46642242372036 9.3668888881802541 8.5727092027664202 3.2981756031513214 4.205779492855072 55.29268754273653 16.253471180796623 3.5260909125208837 5.2204445227980614 3.4057601243257523 6.0340239629149428 3.4817494675517073 423.83786149322987 70.246954150497913 3.0120145082473755 669.05629159510136 2.7118128091096878 2.8393842279911032 4.1281135082244864 2.3472146689891815 3.4961202889680845
leaf_count=1124 20 275 414 332 194 38 420 57 312 36 300 80 57 16 31 475 118 19 33 22 45 20 3782 584 18 6518 17 21 36 20 34
internal_value=6.98771e-05 -0.0393281 -0.0183691 0.0505656 0.0108057 -0.02218 -0.0276391 -0.0206294 -0.003481 0.0555735 -0.0309243 0.0315223 -0.0467532 -0.0346042 0.0153577 -0.0427301 -0.0236731 -0.0447488 -0.016555 -0.013664 -0.0504447 -0.0486951 -0.046903 -0.0477654 -0.035732 0.0562279 0.0285513 -0.0539635 -0.0556043 -0.0422649 0.0696319
internal_weight=1752.22 984.268 257.477 767.949 85.9054 50.4302 229.149 183.94 69.0018 682.044 114.938 14.9224 726.791 100.165 14.0121 86.1529 24.8262 35.5078 8.74654 6.38666 61.3267 626.626 497.567 494.085 7.21779 675.657 6.60111 26.7613 129.06 6.47533 6.7943
internal_count=15468 8138 1778 7330 717 385 1503 1083 369 6613 714 118 6360 794 99 695 175 267 52 42 520 5566 4386 4366 49 6571 53 215 1180 56 50
is_linear=0
shrinkage=0.05


Tree=30
num_leaves=32
num_cat=0
split_feature=12 27 27 9 12 7 8 21 15 11 2 7 7 39 39 18 2 2 11 45 12 8 16 43 0 6 12 3 6 11 42
split_gain=1309.77 58.9031 66.7828 58.3697 50.0946 22.8158 17.9444 12.485 17.0494 11.8519 8.76665 6.64857 19.5581 4.30846 147.667 7.23713 4.28586 7.00334 3.88192 3.48224 3.37779 2.6036 2.25655 4.31411 2.37029 2.03046 2.9331 1.36231 1.21398 0.382333 0.230798
threshold=-0.35712666629937123 1.0000000180025095e-35 0.99997358653385171 0.52009536125279188 2.7084533625306269 1.0096840255646971 0.030704408388652342 0.70406766269611465 2024.5000000000002 -0.59190494759748835 0.54733113347739881 1.0182534497653528 1.9963824514917934 0.99987949765743289 0.0057480203176075171 6.5000000000000009 -1.0861534148807601 -1.2941414240573801 -1.5495903240205633 0.80067097004686272 2.7978151630681056 0.081334345426088889 3.5000000000000004 0.069013472810917201 1.7129329828871949 -0.021049447026853043 1.9266207184226867 1.0632914427097377 1.2425761899696359 -1.0481824618672646 0.99952847873625494
decision_type=2 2 2 2 2 2 2 2 2 2 2 2 2 2 2 2 2 2 2 2 2 2 2 2 2 2 2 2 2 2 2
left_child=1 11 -3 9 -5 18 7 8 -4 20 -7 13 -13 14 27 -16 17 -14 -6 -9 -2 -20 23 -15 -24 26 -11 -1 -18 -8 -12
right_child=3 2 6 4 5 10 29 19 -10 25 30 12 16 22 15 -17 28 -19 21 -21 -22 -23 24 -25 -26 -27 -28 -29 -30 -31 -32
leaf_value=-0.051700891642767144 0.025586619937424906 0.056253912719873324 -0.003645627508417253 0.057292056762596827 0.0080932294642467248 -0.031656359246786718 -0.036112430142489389 -0.046990097067762471 -0.048107955998423366 0.056666173648523589 0.058934841850679411 0.057174498315638901 -0.051100391628193645 -0.04756852861723429 0.18783792770762209 0.10350121038429345 -0.051269359449548725 0.036105563910424299 -0.014577619646312243 0.003918999285794672 -0.047954224437331217 -0.055366190290069534 -0.053809784247095198 -0.010949373662152248 -0.025359472015270713 0.056132796240065043 -0.01175261446266701 -0.040147216525624356 -0.013248689336733907 -0.056844857523073999 0.041179772605336749
leaf_weight=232.67676869034767 2.9567810446023932 27.116304337978363 109.63300865143538 33.977533437311649 3.2468854635953894 4.053676225244998 2.35130801051855 41.0765710324049 26.839074850082397 3.7244983464479438 8.1186447069048864 5.9012513235211363 4.8887433707714081 87.566573366522789 3.680833473801612 8.2342356592416746 30.212877236306667 4.3515066653490049 4.5882863178849247 3.6581222414970389 3.3085946068167686 26.556888952851295 276.68455306440592 8.8563784733414632 7.5199372172355643 640.49492610991001 2.703475147485733 28.655951872467995 2.2562712207436553 40.983223997056484 2.3630657419562331
leaf_count=2138 20 275 631 332 20 24 21 268 162 36 73 56 36 797 24 40 264 26 34 22 22 213 2572 62 68 6518 17 257 20 399 21
internal_value=7.35606e-05 -0.0386174 -0.0178652 0.0501732 0.0106524 -0.0217364 -0.026816 -0.0199038 -0.0123897 0.0551894 0.030784 -0.0460622 -0.0280229 -0.0473757 -0.0425855 0.129555 -0.0400771 -0.0100325 -0.0439335 -0.0428271 -0.0132485 -0.0493572 -0.0508146 -0.0442051 -0.053057 0.0558522 0.0278906 -0.050434 -0.0486273 -0.0557199 0.054932
internal_weight=1689.24 953.143 251.658 736.093 82.905 48.9274 224.541 181.207 136.472 653.188 14.5354 701.486 47.6106 653.875 273.248 11.9151 41.7094 9.24025 34.3921 44.7347 6.26538 31.1452 380.627 96.423 284.204 646.923 6.42797 261.333 32.4691 43.3345 10.4817
internal_count=15468 8138 1778 7330 717 385 1503 1083 793 6613 118 6360 402 5958 2459 64 346 62 267 290 42 247 3499 859 2640 6571 53 2395 284 420 94
is_linear=0
shrinkage=0.05


Tree=31
num_leaves=32
num_cat=0
split_feature=12 27 27 9 12 14 8 5 43 21 45 11 5 45 45 16 35 12 3 17 7 7 30 11 6 12 20 41 34 0 11
split_gain=1230.65 57.1474 62.2234 55.864 47.2088 21.5037 17.6382 12.0668 30.3274 12.1853 11.4391 10.5931 6.61077 14.5214 13.4515 4.93807 8.04579 4.77304 4.07473 3.36239 3.1989 18.982 4.18993 2.31759 2.05219 2.76534 1.22803 1.1733 0.519504 1.10474 0.388868
threshold=-0.35712666629937123 1.0000000180025095e-35 0.99997358653385171 0.52009536125279188 2.7084533625306269 -0.58297735611061285 0.030704408388652342 1.0000000180025095e-35 0.012538652603033442 0.25635422228499999 0.99987853278274375 -0.52702712743042135 1.0000000180025095e-35 0.0040699313771622734 0.99987853278274375 3.5000000000000004 0.33128166689544308 2.7349769336268683 0.97959940651616406 2.5000000000000004 0.070523719957775302 0.99848203964983373 0.10501894280602998 0.31963761998241175 -0.021049447026853043 1.9266207184226867 0.12652533909036348 0.16158530619717407 0.99930865958219239 0.30775942133843964 -1.0481824618672646
decision_type=2 2 2 2 2 2 2 2 2 2 2 2 2 2 2 2 2 2 2 2 2 2 2 2 2 2 2 2 2 2 2
left_child=1 12 -3 11 -5 18 7 9 -9 -4 26 17 20 15 -15 16 -14 -2 27 -17 28 -22 -23 -16 25 -13 -7 -6 -1 -30 -8
right_child=3 2 6 4 5 10 30 8 -10 -11 -12 24 13 14 23 19 -18 -19 -20 -21 21 22 -24 -25 -26 -27 -28 -29 29 -31 -32
leaf_value=-0.055512534699866112 0.037285395808001186 0.055912017201928121 -0.013440373242176108 0.056910932657390251 -0.061363827631354451 0.031645280541378031 -0.03526947051828698 -0.019203181971942887 0.097456037935754358 -0.042674396215943114 -0.036686624729491114 0.056307858112934067 -0.03909513049446936 0.067286358959014247 -0.058746835729477503 -0.0023246074686003359 0.027230465724373754 -0.048118798385282831 -0.0026432701174753668 -0.052275446657638627 0.072981684696138638 -0.04837803876871441 -0.034776853898137741 4.2930068633696115e-05 0.055785280952160024 -0.011198702888331236 0.064518682648645562 -0.038489131642839014 -0.056835369634906187 -0.012523904122882987 -0.056471840462788948
leaf_weight=112.92889390140772 3.0643663704395285 25.94755706936121 90.761832028627396 32.531391508877277 17.711970590054996 4.7903841510415095 2.288736291229724 22.279166996479038 7.4286257624626151 58.697652012109756 5.4119150266051284 3.4698684141039839 17.805101878941063 6.4248510971665365 3.8983584195375443 3.5961602404713622 6.1523824930191031 3.5096951201558113 4.5131154209375373 53.337425664067268 3.3528215810656539 393.54146924614906 66.139177538454533 2.941143661737442 612.61681001633406 2.6955430805683136 6.9809685871005058 8.2015843391418439 3.8057967796921721 2.231239341199398 39.235429480671883
leaf_count=1124 22 275 523 332 149 37 21 129 38 393 36 35 142 50 31 31 33 24 35 489 20 3782 584 18 6515 17 59 69 36 20 399
internal_value=7.52498e-05 -0.037932 -0.01733 0.0497889 0.0104861 -0.0212356 -0.0259414 -0.0191365 0.00996821 -0.0249215 0.0234793 0.0548257 -0.0454469 -0.0331552 0.0153355 -0.0411066 -0.0220624 -0.00830935 -0.046488 -0.0491203 -0.0474354 -0.0455565 -0.0464211 -0.0334659 0.0554964 0.0267937 0.0511408 -0.054124 -0.0547486 -0.0404582 -0.0553032
internal_weight=1628.29 922.794 246.639 705.498 80.1413 47.6099 220.691 179.167 29.7078 149.459 17.1833 625.356 676.155 94.1554 13.2644 80.8911 23.9575 6.57406 30.4267 56.9336 581.999 463.033 459.681 6.8395 618.782 6.16541 11.7714 25.9136 118.966 6.03704 41.5242
internal_count=15468 8138 1778 7330 717 385 1503 1083 167 916 132 6613 6360 794 99 695 175 46 253 520 5566 4386 4366 49 6567 52 96 218 1180 56 420
is_linear=0
shrinkage=0.05


Tree=32
num_leaves=32
num_cat=0
split_feature=12 27 23 6 12 8 5 43 21 14 11 0 14 7 7 21 36 7 7 39 24 30 19 0 6 14 16 11 9 7 18
split_gain=1156.19 55.0416 58.1212 53.6412 64.1233 16.5938 12.0276 27.3357 11.4435 8.81527 7.49114 7.94997 7.34874 6.4791 17.6905 4.61079 4.41983 4.32225 19.154 4.76254 1.98493 1.83062 1.71032 1.11131 0.570585 0.51776 1.24333 0.440537 0.433948 1.99049 0.0580019
threshold=-0.35712666629937123 1.0000000180025095e-35 0.99997358653385171 0.96301982968341948 2.7084533625306269 0.030704408388652342 1.0000000180025095e-35 0.012538652603033442 -0.25882047040557216 -0.47507904840875809 0.33248056110373786 0.44126868551507764 1.5223445599649137 1.0182534497653528 1.9963824514917934 -0.5 0.061363494076462251 0.070523719957775302 0.99848203964983373 0.99987949765743289 0.57540871278850159 0.7045593344905321 54.500000000000007 0.29538030898012596 1.3487670104385414 1.807680034835746 4.5000000000000009 -1.2154036316084744 0.54432519422236181 1.0043929614174816 20.500000000000004
decision_type=2 2 2 2 2 2 2 2 2 2 2 2 2 2 2 2 2 2 2 2 2 2 2 2 2 2 2 2 2 2 2
left_child=1 13 20 4 -2 6 8 -8 -4 21 11 -5 -11 17 -15 -14 22 25 -19 -20 -3 23 -16 -6 -13 30 -27 -7 -12 -30 -1
right_child=3 2 5 10 9 27 7 -9 -10 12 28 24 15 14 16 -17 -18 18 19 -21 -22 -23 -24 -25 -26 26 -28 -29 29 -31 -32
leaf_value=-0.056108580530223828 0.056312992464512379 0.055865001802786134 -0.0091245651452324817 -0.036652539717369918 -0.06064347219115386 -0.032040710289571644 -0.017697713030050851 0.093946292796848518 -0.037356297311746771 0.05974077451816058 0.055536629714486252 0.064061083335358635 0.020055394133930409 0.056823697047477167 -0.048171128856046158 -0.060796734950843784 0.0054000952758457808 0.069962384586353232 -0.038930600129476432 -0.049075695940352639 0.0053786058763765424 -0.018021322449378402 -0.0083647287512626494 -0.038488407507695159 0.031492773737452413 -0.031301661574005261 -0.056503140301597213 -0.056041454060815732 0.01244022426947009 0.057106200360704629 -0.05275082780402876
leaf_weight=93.226009584963322 39.428024135529995 25.132347211241726 64.51298514008522 4.5931523665785772 16.2265566661954 2.0144974812865248 21.813803300261501 7.3234875276684752 80.913949772715569 3.9184913933277112 571.91705823689699 3.5444489568471909 3.1349915936589241 5.5853175446391097 31.233132943511009 4.0301498249173164 5.04543912410736 3.6625227294862261 199.25373857468367 275.81286792457104 2.1103434115648261 4.4263440966606131 2.9536054581403723 8.6921676993370038 2.1670704856514931 7.8347071483731296 13.039457254111765 37.553833805024624 3.2634889185428611 10.582386456429957 14.919571027159689
leaf_count=964 417 276 373 30 142 19 128 38 533 27 6374 31 19 56 285 26 37 24 1904 2707 11 35 24 73 19 76 129 400 29 108 154
internal_value=7.90379e-05 -0.0372329 -0.0168331 0.0494258 0.0109434 -0.0255844 -0.0189577 0.0103634 -0.0248324 -0.0333032 0.0545814 0.0123204 0.00468684 -0.0447785 -0.026432 -0.0254212 -0.0382848 -0.0461315 -0.0439425 -0.0448206 0.0519541 -0.047652 -0.044732 -0.0529153 0.051704 -0.0542538 -0.0470443 -0.0548195 0.0553249 0.0465784 -0.0556454
internal_weight=1569.87 893.942 241.375 675.924 79.8567 214.133 174.564 29.1373 145.427 40.4287 596.068 10.3047 11.0836 652.566 44.8175 7.16514 39.2322 607.749 478.729 475.067 27.2427 29.3451 34.1867 24.9187 5.71152 129.02 20.8742 39.5683 585.763 13.8459 108.146
internal_count=15468 8138 1778 7330 739 1491 1072 166 906 322 6591 80 72 6360 402 45 346 5958 4635 4611 287 250 309 215 50 1323 205 419 6511 137 1118
is_linear=0
shrinkage=0.05


Tree=33
num_leaves=32
num_cat=0
split_feature=12 27 27 9 12 7 8 35 3 41 11 14 5 45 45 16 15 12 11 19 7 7 30 8 11 6 12 34 2 11 11
split_gain=1086.38 52.947 54.1898 51.4705 42.4149 19.1604 16.9186 11.7754 13.6247 10.5436 9.69799 7.54136 6.6127 13.4008 12.1803 5.06868 8.31322 4.14777 3.8472 3.52273 3.29884 16.6551 4.40206 2.47269 2.31142 1.92509 3.0187 0.551052 1.13648 0.403404 0.29685
threshold=-0.35712666629937123 1.0000000180025095e-35 0.99997358653385171 0.52009536125279188 2.7084533625306269 1.0096840255646971 0.030704408388652342 0.047560973583475448 1.647848289567593 0.010499896815525491 -0.52702712743042135 -0.58297735611061285 1.0000000180025095e-35 0.0040699313771622734 0.99987853278274375 3.5000000000000004 2023.5000000000002 2.7349769336268683 -1.5495903240205633 54.500000000000007 0.070523719957775302 0.99848203964983373 0.10501894280602998 0.081334345426088889 0.31963761998241175 -0.021049447026853043 2.2510205448547311 0.99930865958219239 0.37596130291125945 -1.0481824618672646 -0.73414347459308649
decision_type=2 2 2 2 2 2 2 2 2 2 2 2 2 2 2 2 2 2 2 2 2 2 2 2 2 2 2 2 2 2 2
left_child=1 12 -3 10 -5 18 7 9 -9 -4 17 -7 20 15 30 16 -14 -2 -6 -17 27 -22 -23 -20 -16 26 -12 -1 -29 -8 -15
right_child=3 2 6 4 5 11 29 8 -10 -11 25 -13 13 14 24 19 -18 -19 23 -21 21 22 -24 -25 -26 -27 -28 28 -30 -31 -32
leaf_value=-0.054766978089105217 0.035531016959898049 0.055291953380914222 -0.034696485471848948 0.056248000569255698 0.010951263168216159 -0.017154519526025702 -0.033607232015826216 0.071083843921564902 -0.0075756525670912511 -0.0066166577936812437 0.055922115963289332 0.060011361525708767 0.020616691143912687 0.077781583895923476 -0.057883457611050494 -0.052229664612018417 -0.042244322069993429 -0.046301976674087142 -0.012730727798688278 -0.0098439210817015798 0.070465312421192042 -0.047145988647230887 -0.032801498906115188 -0.053779864446874631 0.0021459612462947585 0.05515882899039623 -0.017733613027025932 -0.056171184933645125 -0.0098685583442508617 -0.055801576475907104 0.055692804262013521
leaf_weight=103.5964273288846 2.9160197004675856 23.742960058152676 87.722661823034286 29.873852573335171 3.1168948113918331 5.2075277268886557 2.1710767149925223 7.009705774486064 25.64744758605957 54.014824792742729 3.4408403486013404 8.0771678537130338 8.2043530941009539 3.1561649441719055 3.6176056936383247 47.483496569097042 14.653167158365248 3.3017100095748901 4.3243330642581013 5.4664030373096457 3.1430584900081149 366.59244053065777 62.620237588882446 24.193547919392586 2.8803516924381256 560.54906809329987 2.3350900113582611 3.5167787298560134 2.1266026794910431 35.931095741689205 2.9358564987778646
leaf_count=1124 22 275 610 332 20 38 21 42 127 304 37 80 57 16 31 475 118 24 34 45 20 3782 584 213 18 6515 15 36 20 399 34
internal_value=8.34692e-05 -0.0365356 -0.0163489 0.0490853 0.010077 -0.0206292 -0.0243536 -0.0177591 0.00930824 -0.0239955 0.0541811 0.0297628 -0.0441054 -0.0314256 0.0163447 -0.0393593 -0.0196813 -0.00792356 -0.0417908 -0.0478539 -0.0461749 -0.0442134 -0.0450532 -0.0475553 -0.0312742 0.0548629 0.0261446 -0.0539381 -0.0387229 -0.0545369 0.0671366
internal_weight=1513.57 866.233 236.24 647.336 74.7933 44.9195 212.497 174.395 32.6572 141.737 572.543 13.2847 629.993 88.3974 12.59 75.8074 22.8575 6.21773 31.6348 52.9499 541.596 432.356 429.213 28.5179 6.49796 566.325 5.77593 109.24 5.64338 38.1022 6.09202
internal_count=15468 8138 1778 7330 717 385 1503 1083 169 914 6613 118 6360 794 99 695 175 46 267 520 5566 4386 4366 247 49 6567 52 1180 56 420 50
is_linear=0
shrinkage=0.05


Tree=34
num_leaves=32
num_cat=0
split_feature=12 27 27 9 12 5 8 15 21 0 11 12 5 45 45 16 15 17 7 7 30 11 19 3 21 6 12 14 34 0 11
split_gain=1020.83 50.9214 50.5912 49.3996 39.9989 18.1041 16.5371 11.4618 14.8059 10.0556 8.94038 7.05684 6.39463 12.4921 11.3842 4.98459 7.72979 3.52124 3.37677 15.5843 4.47506 3.12199 3.10303 2.62239 2.23715 1.93186 2.83655 1.44999 0.562709 1.12015 0.411007
threshold=-0.35712666629937123 1.0000000180025095e-35 0.99997358653385171 0.52009536125279188 2.7084533625306269 1.0000000180025095e-35 0.030704408388652342 2024.5000000000002 0.70406766269611465 0.35375155775982609 -0.49264960728890678 2.7084533625306269 1.0000000180025095e-35 0.0040699313771622734 0.99987853278274375 3.5000000000000004 2023.5000000000002 2.5000000000000004 0.070523719957775302 0.99848203964983373 0.10501894280602998 -0.93282946673459732 12.500000000000002 1.0495555279394835 -0.25882047040557216 -0.021049447026853043 2.2510205448547311 -0.57702961777269279 0.99930865958219239 0.30775942133843964 -1.0481824618672646
decision_type=2 2 2 2 2 2 2 2 2 2 2 2 2 2 2 2 2 2 2 2 2 2 2 2 2 2 2 2 2 2 2
left_child=1 12 -3 10 -5 21 7 8 -4 -7 11 -2 18 15 -15 16 -14 -17 28 -20 -21 -6 -9 -23 -16 26 -12 -11 -1 -30 -8
right_child=3 2 6 4 5 9 30 22 -10 27 25 -13 13 14 24 17 -18 -19 19 20 -22 23 -24 -25 -26 -27 -28 -29 29 -31 -32
leaf_value=-0.05441837026562555 0.058770763149317645 0.055007459527129238 -0.0016796936060469497 0.055927249652512313 -0.00060709568325751468 -0.046758572689152289 -0.032784903496705722 -0.017283148452476138 -0.04119686056491817 0.018122827176662276 0.055615929896811384 -0.048834937773078499 0.019345093310373443 0.06610169397830376 0.00022459358307610192 0.0022502533819697373 -0.041362002404893024 -0.050712762890409796 0.069329108351125088 -0.046501606898735608 -0.031864607694070159 -0.057317422036712855 -0.05108103815446239 -0.017075288024112543 -0.059159412608371598 0.0548679162133223 -0.016959956129053502 0.059669275733501594 -0.055842707269826847 -0.009365428656907154 -0.055491016829809087
leaf_weight=99.159292250871658 2.5612891092896453 22.698853597044945 105.91849169880152 28.57573676109314 3.7876794859766987 3.6485196575522414 2.1156799569725981 9.1406636834144575 30.536577925086021 2.8243378177285186 3.2079852297902098 3.7608339786529541 8.3038133084774035 5.8830929324030858 3.0719230026006699 3.3594614937901488 14.228329770267008 47.664760708808899 3.0375178046524516 353.42396341264248 61.273105978965759 20.26392059028149 26.421596594154835 5.0590083152055731 3.2787075713276863 535.79962563514709 2.3199252188205719 8.1897069439291936 3.3680511265993109 2.1076292619109154 34.36515648663044
leaf_count=1124 22 275 631 332 27 25 21 60 216 23 36 27 57 50 23 31 118 489 20 3782 584 188 176 38 26 6513 15 84 36 20 399
internal_value=8.74958e-05 -0.0358533 -0.0158793 0.0487443 0.00991394 -0.0201242 -0.0235967 -0.0171119 -0.010523 0.0251838 0.0538741 -0.00524051 -0.0434466 -0.0307952 0.0159891 -0.0385762 -0.0189895 -0.0472257 -0.0455244 -0.0435124 -0.0443389 -0.0429451 -0.0423939 -0.0492779 -0.0304342 0.0545645 0.0251577 0.0490155 -0.0535567 -0.0379533 -0.0541742
internal_weight=1459.36 839.357 231.197 619.999 72.3489 43.7732 208.498 172.017 136.455 14.6626 547.65 6.32212 608.16 85.7901 12.2337 73.5564 22.5321 51.0242 522.37 417.735 414.697 29.1106 35.5623 25.3229 6.35063 541.328 5.52791 11.014 104.635 5.47568 36.4808
internal_count=15468 8138 1778 7330 717 385 1503 1083 847 132 6613 49 6360 794 99 695 175 520 5566 4386 4366 253 236 226 49 6564 51 107 1180 56 420
is_linear=0
shrinkage=0.05


Tree=35
num_leaves=32
num_cat=0
split_feature=12 27 9 27 12 14 8 41 41 45 6 11 12 7 7 2 2 11 42 42 0 34 34 19 3 6 12 6 6 41 11
split_gain=959.23 49.1512 47.3459 47.189 37.7493 16.9715 16.2015 10.9871 49.3133 9.31579 9.19725 8.52347 6.61713 6.45011 15.5372 4.7647 10.2964 4.66939 9.83094 32.7196 4.57199 4.37241 14.5977 4.04403 3.87199 1.91046 3.0217 1.76648 1.29641 1.22189 0.469144
threshold=-0.35712666629937123 1.0000000180025095e-35 0.52009536125279188 0.99997358653385171 2.7084533625306269 -0.58297735611061285 0.030704408388652342 0.010499896815525491 0.99987853278274375 0.99987853278274375 0.083000245727203534 -0.49264960728890678 2.7084533625306269 1.0182534497653528 1.9963824514917934 -1.1665577909904796 -1.2941414240573801 -0.62574748808994041 0.10997486868896024 0.99952847873625494 -1.48804561622306 0.089642002270148471 0.99930865958219239 48.500000000000007 0.97959940651616406 -0.021049447026853043 2.7084533625306269 0.33862516188341862 1.2425761899696359 0.16158530619717407 -1.2154036316084744
decision_type=2 2 2 2 2 2 2 2 2 2 2 2 2 2 2 2 2 2 2 2 2 2 2 2 2 2 2 2 2 2 2
left_child=1 13 11 -3 -4 24 7 10 -9 27 -5 12 -2 17 -15 16 -16 18 20 -20 -1 23 -23 -19 29 26 -13 -7 -17 -6 -8
right_child=2 3 4 6 5 9 30 8 -10 -11 -12 25 -14 14 15 28 -18 21 19 -21 -22 22 -24 -25 -26 -27 -28 -29 -30 -31 -32
leaf_value=-0.012938170342217665 0.05828506696405801 0.0547396017984218 0.055624487054794947 -0.039740392215202841 -0.059719887474078838 0.012898580073183397 -0.029446282540953658 0.099927471247261923 -0.019193261080686995 -0.033804254185839926 -0.0099978335356687362 0.055492514167843843 -0.04788235505393635 0.056641242648981738 -0.047538765400008107 -0.047301897215012871 0.076567544587122269 -0.051618168839379024 0.11855499089333188 -0.039387855430190827 -0.04401254635550559 0.066115853535448618 -0.043400695586919884 -0.037553346008554866 0.00019688532016229533 0.054593038273284857 -0.020920319498621005 0.060683684670969573 -0.0051229051749547153 -0.034922853932557334 -0.055204151887817056
leaf_weight=12.822659477591513 2.456161029636859 21.69479862600565 27.326289236545563 58.098583243787289 15.478207677602773 2.5621642470359784 1.8676591664552677 10.326489165425299 54.763552993535995 5.0377823039889327 47.034279577434063 3.2025465220212928 3.6467830091714859 5.2510106638073912 4.222680851817131 26.858271650969986 2.7659128904342642 274.33202102035284 4.2500824108719835 14.352047868072987 153.98640754818916 3.5893885418772724 19.979615271091461 62.80876424908638 4.2550168782472602 512.16963049769402 2.1706985980272293 7.8889393359422684 1.9543095752596844 7.3160255774855605 33.052845746278763
leaf_count=128 22 275 332 414 149 13 19 57 312 36 300 37 27 56 36 274 16 3101 22 140 1644 27 213 683 35 6513 14 83 20 69 401
internal_value=9.10606e-05 -0.0351544 0.0484309 -0.0153871 0.00976856 -0.0196891 -0.0228033 -0.016439 -0.000294841 0.0220468 -0.0264342 0.0535892 -0.00515473 -0.0427909 -0.0236771 -0.0354575 0.00157945 -0.0442277 -0.0377791 -0.0033022 -0.0416239 -0.0475424 -0.0267221 -0.0489979 -0.0435877 0.0542819 0.024623 0.0489688 -0.044441 -0.051761 -0.0538265
internal_weight=1407.52 814.011 593.51 226.838 69.8644 42.5381 205.143 170.223 65.09 15.4889 105.133 523.646 6.10294 587.173 41.0522 35.8012 6.98859 546.121 185.411 18.6021 166.809 360.71 23.569 337.141 27.0493 517.543 5.37325 10.4511 28.8126 22.7942 34.9205
internal_count=15468 8138 7330 1778 717 385 1503 1083 369 132 714 6613 49 6360 402 346 52 5958 1934 162 1772 4024 240 3784 253 6564 51 96 294 218 420
is_linear=0
shrinkage=0.05


Tree=36
num_leaves=32
num_cat=0
split_feature=12 27 9 23 12 7 8 6 21 13 11 7 7 20 19 39 39 18 11 12 24 16 11 0 8 19 6 12 3 14 11
split_gain=901.957 47.3341 45.3947 44.1364 35.6368 16.1686 15.209 11.3005 10.9642 10.3633 8.46335 6.15774 14.5427 4.71528 6.49711 4.70073 131.492 8.85325 3.65298 3.30315 2.45561 2.39666 4.32716 2.86778 2.35144 2.14155 1.85274 2.89004 1.66638 0.649836 0.504061
threshold=-0.35712666629937123 1.0000000180025095e-35 0.52009536125279188 0.99997358653385171 2.7084533625306269 1.0096840255646971 0.030704408388652342 -1.3741689935902675 0.70406766269611465 2.1154545758950176 -0.52702712743042135 1.0182534497653528 1.9963824514917934 -0.86688808668927086 26.500000000000004 0.99987949765743289 0.0057480203176075171 6.5000000000000009 -1.5495903240205633 2.7349769336268683 0.64779504847445712 3.5000000000000004 -0.7916744547743545 1.7129329828871949 0.081334345426088889 54.500000000000007 -0.021049447026853043 2.7084533625306269 1.0632914427097377 -0.57702961777269279 -1.2531738235238712
decision_type=2 2 2 2 2 2 2 2 2 2 2 2 2 2 2 2 2 2 2 2 2 2 2 2 2 2 2 2 2 2 2
left_child=1 11 10 20 -4 18 7 -5 -9 -7 19 15 -13 14 -14 16 28 -18 -6 -2 -3 22 -17 -23 -20 -15 27 -12 -1 -11 -8
right_child=2 3 4 6 5 9 30 8 -10 29 26 12 13 25 -16 21 17 -19 24 -21 -22 23 -24 -25 -26 -27 -28 -29 -30 -31 -32
leaf_value=-0.04867154147050122 0.033143367088353311 0.055151448003288764 0.055338521622977456 -0.06231393519971197 0.012250337384553882 -0.066052358610964798 -0.027123532755943199 -0.0051416198757997574 -0.036482476690169525 0.030953651211049257 0.055181682863064352 0.056285017401620709 0.040233763464834392 -0.048177155060614936 -0.06141090282031722 -0.017908930574968257 0.19143242920312656 0.096795038692779486 -0.01065860730881809 -0.043367900454881148 -0.0072277253128585385 -0.051197721994419548 -0.046322229753645049 -0.016653338496063399 -0.052043073032248081 -0.00069428955226215599 0.054333085051175858 -0.020061025535666865 -0.034499210659325104 0.059370893034783323 -0.054849864540281124
leaf_weight=187.02335507795215 2.6585427522659293 21.354961253702644 26.124495409429073 12.370113857090471 3.049710392951968 2.3224633634090415 1.7292240485548962 116.71774167567492 36.674414448440075 2.8089281320571891 3.1379049941897383 5.0257278084754935 4.2677135169506064 25.416387975215915 2.4890561997890472 17.146109499037266 3.5796164125204069 7.9812645278871059 4.0670709237456348 3.0052602663636208 1.7035376355051983 220.09183310717344 61.328776776790619 6.176613248884677 21.995733112096786 2.6193391531705847 489.61412434279919 2.1510079950094223 23.328162841498852 7.0889169424772254 31.495494514703751
leaf_count=2138 22 278 332 84 20 16 18 718 270 23 38 56 29 273 20 167 24 40 34 24 9 2572 692 68 213 24 6515 14 257 79 401
internal_value=9.45078e-05 -0.0345093 0.0481307 -0.0149425 0.00962674 -0.0192655 -0.0225309 -0.0163422 -0.0126349 0.0290024 0.0533196 -0.042179 -0.0232201 -0.0347045 0.00278994 -0.0436124 -0.0380768 0.126098 -0.0395265 -0.00745414 0.0505429 -0.0476434 -0.0401142 -0.0502547 -0.0455851 -0.0437409 0.0540151 0.0245804 -0.0470998 0.0513063 -0.0534068
internal_weight=1356.54 788.519 568.024 222.045 67.4573 41.3328 198.987 165.762 153.392 12.2203 500.567 566.474 39.8182 34.7925 6.75677 526.656 221.912 11.5609 29.1125 5.6638 23.0585 304.743 78.4749 226.268 26.0628 28.0357 494.903 5.28891 210.352 9.89785 33.2247
internal_count=15468 8138 7330 1778 717 385 1491 1072 988 118 6613 6360 402 346 49 5958 2459 64 267 46 287 3499 859 2640 247 297 6567 52 2395 102 419
is_linear=0
shrinkage=0.05


Tree=37
num_leaves=32
num_cat=0
split_feature=12 27 6 12 27 8 15 21 14 11 0 7 7 5 45 14 21 30 19 13 41 14 16 17 6 11 9 5 6 18 19
split_gain=848.06 45.9209 43.6175 48.0201 41.1353 15.4741 10.6292 13.3843 7.38181 6.72631 6.27987 6.08225 14.3276 6.93522 8.7722 5.8663 4.69805 4.64439 3.09145 1.98463 2.84749 0.631637 1.46498 2.30995 0.523721 0.485037 0.476697 3.60525 0.297996 0.0715067 0.470746
threshold=-0.35712666629937123 1.0000000180025095e-35 0.96301982968341948 2.7084533625306269 0.99997358653385171 0.030704408388652342 2024.5000000000002 0.86589995611931936 -0.47507904840875809 0.33248056110373786 0.44126868551507764 0.070523719957775302 0.99848203964983373 1.0000000180025095e-35 0.0040699313771622734 1.5223445599649137 -0.50008814080062525 0.10501894280602998 12.500000000000002 2.1154545758950176 0.99987853278274375 1.807680034835746 4.5000000000000009 19.500000000000004 1.3487670104385414 -1.2154036316084744 0.54432519422236181 1.0000000180025095e-35 0.60910703874027916 20.500000000000004 50.500000000000007
decision_type=2 2 2 2 2 2 2 2 2 2 2 2 2 2 2 2 2 2 2 2 2 2 2 2 2 2 2 2 2 2 2
left_child=1 11 3 -2 -3 6 7 -6 19 10 -4 21 -13 17 -15 -10 -17 -14 -8 28 -21 29 23 -23 -12 -7 -11 -28 -5 -1 -31
right_child=2 4 9 8 5 25 18 -9 15 26 24 12 13 14 -16 16 -18 -19 -20 20 -22 22 -24 -25 -26 -27 27 -29 -30 30 -32
leaf_value=-0.054719347936166618 0.054839764183854202 0.054250304547306609 -0.035920292211016655 -0.05657941118699749 -0.0022315311532230273 -0.027849586912026315 -0.014856520419664046 -0.047075326774663549 0.058099901369454789 0.054210250828720843 0.061907808488454535 0.066402421288419916 -0.044782730875082929 -0.032824188468156941 0.016947015790318647 0.027033967020960798 -0.058318226893583236 -0.029149598795710316 -0.049310724790703128 -0.048344119860671525 -0.0011525901946177061 -0.055476829409838481 -0.055100127068845109 0.0037774913512536924 0.027777788718886743 -0.054675717646032441 -0.022250561498701263 0.05570618126273616 -0.078540248795562817 -0.054678513717208513 -0.026860031105271055
leaf_weight=75.579894281923771 31.595219343900681 19.801001287996769 4.0489120334386808 9.2704745158553141 113.06791845709085 1.7845652028918291 8.8208960667252523 19.510297060012817 3.5312897786498052 456.29961362481117 2.9301504641771317 3.198637891560792 316.77952819317579 54.710574574768543 10.56215740740299 2.8192295655608177 3.7657685652375221 55.891426764428616 24.857191197574139 9.2295420467853528 4.8900882229208937 3.2114482000470188 10.712474949657915 3.3714801520109177 1.8234896659851072 30.199608460068703 1.7469495683908434 9.8193346485495567 1.8535901755094517 10.322854973375795 1.7835008725523938
leaf_count=964 417 275 30 102 699 19 60 148 27 6374 31 24 3782 555 92 18 27 584 176 91 45 37 129 39 19 401 14 123 12 132 22
internal_value=9.59973e-05 -0.0338642 0.0478334 0.0100442 -0.0144661 -0.0213298 -0.0152027 -0.00883077 -0.0299819 0.0531415 0.0098396 -0.0416089 -0.0390348 -0.0398049 -0.0247704 0.00610596 -0.0217765 -0.0424381 -0.0402865 -0.044444 -0.0320002 -0.0524254 -0.0436928 -0.0251294 0.0488156 -0.0531789 0.0539562 0.0439317 -0.0602387 -0.0541479 -0.0505803
internal_weight=1307.79 764.165 543.624 66.9552 218.041 198.24 166.256 132.578 35.36 476.668 8.80255 546.124 441.142 437.944 65.2727 10.1163 6.585 372.671 33.6781 25.2437 14.1196 104.982 17.2954 6.58293 4.75364 31.9842 467.866 11.5663 11.1241 87.6863 12.1064
internal_count=15468 8138 7330 739 1778 1503 1083 847 322 6591 80 6360 5037 5013 647 72 45 4366 236 250 136 1323 205 76 50 420 6511 137 114 1118 154
is_linear=0
shrinkage=0.05


Tree=38
num_leaves=32
num_cat=0
split_feature=12 27 9 27 12 8 11 35 3 19 11 14 2 7 7 5 45 30 6 12 13 14 16 17 2 2 11 8 11 18 19
split_gain=796.818 44.2016 42.0278 38.397 32.0583 15.1228 14.2547 10.4455 11.6259 10.7416 8.69448 8.29529 6.4617 6.16985 13.3915 6.80635 8.15421 4.68875 1.6293 2.64377 1.54199 0.651042 1.46711 2.22272 0.566504 0.726926 0.523807 0.171986 0.153847 0.0738189 0.475754
threshold=-0.35712666629937123 1.0000000180025095e-35 0.52009536125279188 0.99997358653385171 2.7084533625306269 0.030704408388652342 1.1076223737683561 0.047560973583475448 1.647848289567593 33.500000000000007 -0.73414347459308649 -0.51122737643365379 0.24023747599107975 0.070523719957775302 0.99848203964983373 1.0000000180025095e-35 0.0040699313771622734 0.10501894280602998 -0.021049447026853043 2.7084533625306269 2.1353477288733931 1.807680034835746 4.5000000000000009 19.500000000000004 -0.77955652526949237 -0.93306807624577737 -1.2531738235238712 0.018762813675989802 -0.137437106423653 20.500000000000004 50.500000000000007
decision_type=2 2 2 2 2 2 2 2 2 2 2 2 2 2 2 2 2 2 2 2 2 2 2 2 2 2 2 2 2 2 2
left_child=1 13 10 -3 -4 7 11 9 -9 -5 -2 20 -13 21 -15 17 -17 -16 19 -12 -6 29 23 -23 25 -20 -7 -8 -26 -1 -31
right_child=2 3 4 5 6 26 27 8 -10 -11 18 12 -14 14 15 16 -18 -19 24 -21 -22 22 -24 -25 28 -27 -28 -29 -30 30 -32
leaf_value=-0.054468344522527079 -0.019750638274909318 0.054025990410897978 0.054835134585598092 -0.0078572466745545008 -0.059196169861484127 -0.025517671884428501 0.057017281664571262 0.069931042517653627 -0.004432761369016376 -0.036399832734878172 0.054685234580031883 -0.045180329106823375 0.037403002836230201 0.065554299087472359 -0.044147564478768497 -0.031978749248271508 0.016080796806206523 -0.028263472608385146 0.007820887762682787 -0.018243395999595857 -0.032887199213137708 -0.055183374786245624 -0.054827395986666951 0.0035774801861381705 0.042727854141427817 0.054310815027640749 -0.054433616550673108 0.037843410481665049 0.054036999744970338 -0.05442958946771416 -0.026103061005667547
leaf_weight=72.216740936040878 4.0895758569240561 18.91152149438858 23.911191493272781 73.149129465222359 13.368462502956392 1.6557583883404756 4.4468568265438071 6.6646979898214367 24.86304347217083 60.000005453824997 3.1171374246478072 3.8071686550974828 6.2688867449760437 3.081002213060855 305.55621705204248 53.383289322257042 10.574234187602995 54.790041826665401 1.5239360556006434 2.066579282283783 9.546805262565611 3.0706577301025417 10.23942720890045 3.3817050158977509 3.0278765335679045 1.8758404552936543 28.942924074828625 1.5868975669145582 441.47016698122025 9.8631742373108846 1.7444670945405949
leaf_count=964 33 275 332 495 143 18 50 42 127 419 41 26 52 24 3782 555 92 584 15 14 95 37 129 39 35 26 402 19 6449 132 22
internal_value=9.98315e-05 -0.0331589 0.0475532 -0.0140013 0.00924604 -0.0205894 -0.018687 -0.0145915 0.0112871 -0.0207192 0.0528268 -0.0316102 0.00619946 -0.0409317 -0.0383103 -0.0390645 -0.024033 -0.0417324 0.0534819 0.025611 -0.0482355 -0.0520778 -0.0430602 -0.0243866 0.0538044 0.0334719 -0.0528689 0.0519745 0.05396 -0.0538735 -0.0501725
internal_weight=1262.2 742.088 520.107 214.187 62.9363 195.276 39.0251 164.677 31.5277 133.149 457.171 32.9913 10.0761 527.901 427.385 424.304 63.9575 360.346 453.082 5.18372 22.9153 100.516 16.6918 6.45236 447.898 3.39978 30.5987 6.03375 444.498 83.8244 11.6076
internal_count=15468 8138 7330 1778 717 1503 385 1083 169 914 6613 316 78 6360 5037 5013 647 4366 6580 55 238 1323 205 76 6525 41 420 69 6484 1118 154
is_linear=0
shrinkage=0.05


Tree=39
num_leaves=32
num_cat=0
split_feature=12 27 9 23 12 8 7 5 43 18 11 7 7 13 11 42 42 2 18 0 34 34 19 11 24 8 0 12 6 6 17
split_gain=748.773 42.3904 40.2894 35.8822 30.2932 14.2019 13.483 11.2628 23.0914 10.6538 8.37603 6.31251 13.2099 5.8044 5.02396 9.1458 27.5975 4.95379 7.10491 4.78079 4.18279 12.1633 4.4279 3.47398 2.61502 2.2635 1.71087 1.87886 1.47692 0.715704 1.35588
threshold=-0.35712666629937123 1.0000000180025095e-35 0.52009536125279188 0.99997358653385171 2.7084533625306269 0.030704408388652342 1.0096840255646971 1.0000000180025095e-35 0.012538652603033442 16.500000000000004 -0.73414347459308649 1.0182534497653528 1.9963824514917934 2.1294562075180359 -0.62574748808994041 0.10997486868896024 0.99952847873625494 -1.0861534148807601 17.500000000000004 -1.48804561622306 0.089642002270148471 0.99930865958219239 48.500000000000007 -1.5495903240205633 0.71557275385595365 0.081334345426088889 -0.61073662514719917 1.3261698709978451 1.2425761899696359 -0.021049447026853043 24.500000000000004
decision_type=2 2 2 2 2 2 2 2 2 2 2 2 2 2 2 2 2 2 2 2 2 2 2 2 2 2 2 2 2 2 2
left_child=1 11 10 24 -4 7 23 9 -9 -5 -2 14 -13 -8 15 19 -17 18 -14 -1 22 -22 -16 -6 -3 -25 27 -12 -19 30 -28
right_child=2 3 4 5 6 -7 13 8 -10 -11 26 12 17 -15 20 16 -18 28 -20 -21 21 -23 -24 25 -26 -27 29 -29 -30 -31 -32
leaf_value=-0.0079347197638241548 -0.018905200147927265 0.054560272239609603 0.054592275471159073 -0.012240014778369631 0.013629035029138615 -0.052483364590214535 -0.024642041942864523 -0.012404550976196145 0.092713310019255549 -0.044677979290372191 0.055216933296043491 0.056262365990996044 -0.044137645565763203 0.053150067362164335 -0.050059271254823935 0.11260295482275291 -0.036225926049608184 -0.046616552927475553 0.051920862589971119 -0.041376127490833706 0.064201110492403832 -0.040532655701231879 -0.034279773334494293 -0.0086852007737377949 -0.014796369090187661 -0.050502605910902533 0.0015920152332283711 -0.014561014776926347 0.00077929849128611237 0.053741136469552045 0.061673043037524813
leaf_weight=11.610759042203425 4.0596216320991507 18.864073902368549 22.843654569238424 99.454303473234177 2.9653733670711544 29.084222733974457 3.5259399041533452 20.201959259808067 7.0467629283666602 33.95467671751976 1.9173262491822236 4.8853180296719065 3.9316142722964313 7.4948928356170654 235.34392467141151 4.1235448792576799 12.733331233263016 22.427669167518619 3.7716351971030235 134.38412547111511 3.3001447021961239 17.326894149184227 54.812684029340744 3.8592680394649532 1.464575521647929 20.036801539361477 1.8664468824863427 1.9416883587837217 1.7736598923802365 425.19469824805856 1.8898750543594358
leaf_count=128 33 280 332 653 20 419 33 128 38 253 23 56 40 85 3101 22 140 264 22 1644 27 213 683 34 7 213 21 17 20 6498 21
internal_value=0.000104246 -0.032474 0.0472761 -0.0135692 0.00911539 -0.0203332 -0.0183079 -0.0145129 0.0147799 -0.020496 0.0525805 -0.0402544 -0.0203035 0.0282617 -0.0418041 -0.0346903 0.000180735 -0.0320275 0.00289415 -0.0387166 -0.0455318 -0.0237762 -0.0470784 -0.0374147 0.0495635 -0.043749 0.053251 0.0201077 -0.043143 0.0535492 0.0318199
internal_weight=1218.09 720.496 497.596 210.071 60.7259 189.742 37.8823 160.658 27.2487 133.409 436.87 510.425 36.7899 11.0208 473.635 162.852 16.8569 31.9046 7.70325 145.995 310.784 20.627 290.157 26.8614 20.3286 23.8961 432.81 3.85901 24.2013 428.951 3.75632
internal_count=15468 8138 7330 1778 717 1491 385 1072 166 906 6613 6360 402 118 5958 1934 162 346 62 1772 4024 240 3784 267 287 247 6580 40 284 6540 42
is_linear=0
shrinkage=0.05


Tree=40
num_leaves=32
num_cat=0
split_feature=12 27 9 27 12 8 14 6 35 11 45 7 7 5 29 30 3 0 6 41 6 17 14 16 19 11 11 31 19 9 14
split_gain=703.835 40.8302 38.7664 33.5295 28.6099 14.3542 13.0098 10.3755 10.5692 8.0756 7.568 6.33044 12.1316 6.54493 7.7354 4.84795 3.57478 2.59062 1.47612 1.18243 0.74395 1.23188 0.700166 1.52943 2.32803 0.559412 0.193599 0.0799824 0.601471 0.0283953 0.0192072
threshold=-0.35712666629937123 1.0000000180025095e-35 0.52009536125279188 0.99997358653385171 2.7084533625306269 0.030704408388652342 -0.58297735611061285 -1.4142410332700319 0.047560973583475448 -0.73414347459308649 0.99987853278274375 0.070523719957775302 0.99848203964983373 1.0000000180025095e-35 0.10581359481725873 0.10501894280602998 0.97959940651616406 -0.92423265175610114 0.3685407943391445 0.16158530619717407 -0.021049447026853043 24.500000000000004 1.807680034835746 4.5000000000000009 34.500000000000007 -1.2531738235238712 -0.137437106423653 0.99997358653385171 49.500000000000007 0.88162490556169326 0.95999526661447587
decision_type=2 2 2 2 2 2 2 2 2 2 2 2 2 2 2 2 2 2 2 2 2 2 2 2 2 2 2 2 2 2 2
left_child=1 11 9 -3 29 7 16 30 -9 -2 18 22 -13 15 -15 -14 19 -11 -8 -6 21 -19 27 24 -24 -7 -22 -1 -29 -4 -5
right_child=2 3 4 5 6 25 10 8 -10 17 -12 12 13 14 -16 -17 -18 20 -20 -21 26 -23 23 -25 -26 -27 -28 28 -30 -31 -32
leaf_value=-0.054047844325022937 -0.018089532627504179 0.053613987089492512 0.053882021542476247 -0.059970682426000781 -0.058035926870693956 -0.023139759799524474 0.014911785609277771 -0.016579343310513518 0.017090677200017747 0.0030872085624098307 -0.031203144076821426 0.065017148202963101 -0.042965311440215537 -0.029866685135287938 0.021042858238817876 -0.026358372111054462 0.0037472125998548769 0.0034152520454996658 0.059743745872844679 -0.031802568150913695 0.040092247950313152 0.060654067746249755 0.006955648132678259 -0.054374461865756035 -0.054935003062220981 -0.053995078336012248 0.053629159204299462 -0.053987250624596042 -0.019155341816129712 0.061135378024972792 -0.064771177508865657
leaf_weight=66.110183604061604 4.0312809199094763 17.233393847942352 20.374127514660362 7.7700509279966337 12.991074811667209 1.5553661063313509 2.5504396557807905 121.37244177609682 28.847173482179642 2.5811286196112624 4.652085728943347 2.8971153721213332 284.52711563557386 52.119605984538794 8.7081295102834684 51.973378665745258 3.7866510078310958 1.935996621847152 6.554937332868576 6.4172678031027308 2.6585756428539744 1.8271488994359968 3.2210003510117522 9.428301163017748 2.8761983066797256 26.444162551313639 404.43325839564204 9.4559781178832036 1.426309399306773 1.4449970722198475 2.8472219556570053
leaf_count=959 33 275 316 59 149 18 14 850 156 25 36 24 3782 559 88 584 35 22 82 69 33 21 40 129 36 402 6479 139 20 16 18
internal_value=0.000107879 -0.0318376 0.0469833 -0.0131487 0.00896322 -0.0192415 -0.0178434 -0.0134898 -0.0101136 0.0523358 0.0206788 -0.0396534 -0.0369286 -0.0376719 -0.0225784 -0.0404003 -0.0406918 0.0530225 0.0471862 -0.049362 0.0533362 0.0312069 -0.0514408 -0.0417544 -0.0222397 -0.0522811 0.0535408 -0.053394 -0.0494219 0.0543624 -0.061258
internal_weight=1175.05 698.813 476.239 206.07 58.7716 188.836 36.9525 160.837 150.22 417.467 13.7575 492.743 400.225 397.328 60.8277 336.5 23.195 413.436 9.10538 19.4083 410.855 3.76315 92.518 15.5255 6.0972 27.9995 407.092 76.9925 10.8823 21.8191 10.6173
internal_count=15468 8138 7330 1778 717 1503 385 1083 1006 6613 132 6360 5037 5013 647 4366 253 6580 96 218 6555 43 1323 205 76 420 6512 1118 159 332 77
is_linear=0
shrinkage=0.05


Tree=41
num_leaves=32
num_cat=0
split_feature=12 27 6 12 27 8 41 41 6 7 7 5 45 14 11 14 14 30 21 13 41 14 16 17 11 9 5 19 6 18 16
split_gain=661.116 39.1716 37.4307 38.8413 31.3304 13.9846 10.2113 43.3138 8.61251 6.42426 11.3332 6.45419 7.27561 6.21814 6.18979 5.28717 4.92767 4.86611 4.38337 2.0131 2.87378 0.72102 1.52899 2.25473 0.566883 0.517613 3.34326 0.256404 0.237773 0.0830423 0.5272
threshold=-0.35712666629937123 1.0000000180025095e-35 0.96301982968341948 2.7084533625306269 0.99997358653385171 0.030704408388652342 0.010499896815525491 0.99987853278274375 0.083000245727203534 0.070523719957775302 0.99848203964983373 1.0000000180025095e-35 0.0040699313771622734 -0.47507904840875809 0.33248056110373786 -0.26556047127400045 1.5223445599649137 0.10501894280602998 -0.50008814080062525 2.1154545758950176 0.99987853278274375 1.807680034835746 4.5000000000000009 19.500000000000004 -1.2531738235238712 0.54432519422236181 1.0000000180025095e-35 6.5000000000000009 0.60910703874027916 20.500000000000004 3.5000000000000004
decision_type=2 2 2 2 2 2 2 2 2 2 2 2 2 2 2 2 2 2 2 2 2 2 2 2 2 2 2 2 2 2 2
left_child=1 9 3 -2 -3 6 8 -8 -6 21 -11 17 -13 19 15 -4 -15 -12 -18 28 -21 29 23 -23 -7 -16 -27 -17 -5 -1 -31
right_child=2 4 14 13 5 24 7 -9 -10 10 11 12 -14 16 25 27 18 -19 -20 20 -22 22 -24 -25 -26 26 -28 -29 -30 30 -32
leaf_value=-0.053829063088396828 0.054030649688746095 0.053425427072703237 -0.031412740142602688 -0.055633002607098241 -0.036599182461171054 -0.022410061054218458 0.098926207045512138 -0.015335114820850633 -0.0068089040872505897 0.064273162908057416 -0.04232687995773711 -0.029720167389575048 0.016682419598477868 0.056184178765946384 0.053395805354479686 0.062035609074790957 0.027354727532032802 -0.025513897351548239 -0.057069439693411432 -0.046648248299009654 0.0026996411036883695 -0.054583050190241122 -0.054143481691955021 0.0069481653230335201 -0.053787718939248878 -0.023062412204964966 0.0547754684552254 0.035700947918305415 -0.076282182961472683 -0.02259170621795005 -0.053858509041209805
leaf_weight=63.333927895873785 26.629912689328194 16.449305456131697 4.0579527169466019 7.9778436012566107 53.100400611758232 1.5264580771327043 9.8804991543292982 51.656772792339325 44.672679528594017 2.7869108989834777 274.63014820218086 49.64249662309885 10.179674319922922 3.2492661662399751 379.22244308516383 2.1636889204382892 2.7550338581204414 51.033290632069111 3.4790348932147026 8.2683801800012571 4.5868666097521773 2.7726558968424788 9.0057699084281904 3.2153689414262772 25.248988371342421 1.6542253270745249 8.3072671256959438 1.6135909669101236 1.6893117278814314 1.5978323817253102 8.6287484839558584
leaf_count=964 417 275 35 102 414 18 57 312 300 24 3782 555 92 27 6374 24 18 584 27 91 45 37 129 39 402 14 123 21 12 24 130
internal_value=0.000112016 -0.0311398 0.0467071 0.00941726 -0.0127178 -0.0185647 -0.0129453 0.00301082 -0.022988 -0.0389646 -0.036193 -0.0369193 -0.021824 -0.0277027 0.0522144 0.00821432 0.00626088 -0.0396922 -0.0197597 -0.0420034 -0.0290405 -0.0511171 -0.0411239 -0.0215428 -0.0519989 0.0531003 0.0418496 0.0507859 -0.0592414 -0.053154 -0.0489733
internal_weight=1135.02 679.362 455.655 58.6356 202.535 186.086 159.31 61.5373 97.7731 476.827 388.273 385.486 59.8222 32.0057 397.019 7.83523 9.48333 325.663 6.23407 22.5224 12.8552 88.5543 14.9938 5.98802 26.7754 389.184 9.96149 3.77728 9.66716 73.5605 10.2266
internal_count=15468 8138 7330 739 1778 1503 1083 369 714 6360 5037 5013 647 322 6591 80 72 4366 45 250 136 1323 205 76 420 6511 137 45 114 1118 154
is_linear=0
shrinkage=0.05


Tree=42
num_leaves=32
num_cat=0
split_feature=12 27 9 27 12 8 11 6 15 14 11 7 7 5 29 45 30 0 13 6 17 14 16 19 11 11 31 19 9 41 0
split_gain=621.358 37.4325 36.017 29.3172 25.8363 13.5797 11.4967 9.80076 9.78966 7.63732 7.44331 6.50325 10.5891 6.30363 7.17167 4.92629 4.876 2.5076 1.51196 0.742214 1.14752 0.741828 1.52744 2.26462 0.574365 0.197891 0.0864414 0.632864 0.0216534 0.0148943 0.00479686
threshold=-0.35712666629937123 1.0000000180025095e-35 0.52009536125279188 0.99997358653385171 2.7084533625306269 0.030704408388652342 1.2114876846808724 -1.4142410332700319 2024.5000000000002 -0.51122737643365379 -0.73414347459308649 0.070523719957775302 0.99848203964983373 1.0000000180025095e-35 0.10581359481725873 0.99987853278274375 0.10501894280602998 -0.92423265175610114 2.1353477288733931 -0.021049447026853043 24.500000000000004 1.807680034835746 4.5000000000000009 34.500000000000007 -1.2531738235238712 -0.12501955575193854 0.99997358653385171 49.500000000000007 0.88162490556169326 0.99987853278274375 1.2632674320306314
decision_type=2 2 2 2 2 2 2 2 2 2 2 2 2 2 2 2 2 2 2 2 2 2 2 2 2 2 2 2 2 2 2
left_child=1 11 10 -3 28 7 9 29 -9 18 -2 21 -13 16 -15 -11 -14 -12 -6 20 -19 26 23 -23 -7 -21 -1 -28 -4 -5 -8
right_child=2 3 4 5 6 24 30 8 -10 15 17 12 13 14 -16 -17 -18 19 -20 25 -22 22 -24 -25 -26 -27 27 -29 -30 -31 -32
leaf_value=-0.053636932940546 -0.016961048566944865 0.053247313487821371 0.053518078776978811 -0.058940157055197 -0.058005788648531613 -0.021692133153848565 0.057173575858622705 -0.002891842123494946 -0.035512906220023371 0.040170019347399923 0.0026058012373109921 0.063572389901429188 -0.041685558591596748 -0.028391344692152282 0.02096342433400623 -0.031190708208491985 -0.024682532096676098 0.0030432479423656107 -0.030556814357919172 0.039462843278145976 0.059876788929892857 0.0076856412360313672 -0.053925580970100001 -0.054575813998877877 -0.053591780713284833 0.053268899319261265 -0.053581820483129886 -0.016675188156135886 0.060107058604589758 -0.062991475662265609 0.053896740900690299
leaf_weight=60.305001050233841 3.8829398304224005 15.698079593479632 18.618757177144293 6.5267051607370359 11.567393399775034 1.4988440573215509 1.8105548210442055 118.81259950995445 28.519864663481712 5.3122538998723012 2.4895207732915869 2.6794724985957137 265.15418420732021 50.085802566260099 8.6284009143710119 4.4397164955735207 50.137803681194782 1.8566937744617455 8.8590237125754339 2.6139473505318156 1.7026227787137029 3.1852022334933272 8.6002933643758279 2.6972118318080902 24.10317200422287 368.33557572960854 8.6224426329135877 1.3424001708626736 1.3363896310329426 3.4773691445589066 2.9148407578468323
leaf_count=959 33 275 316 55 143 18 19 792 214 45 25 24 3782 559 88 35 584 22 96 35 21 40 129 36 402 6477 139 20 16 22 47
internal_value=0.000116307 -0.0304744 0.0464562 -0.0123266 0.00857871 -0.0179535 -0.0173662 -0.0124583 -0.00920646 -0.0287213 0.0519117 -0.0382865 -0.035471 -0.0361806 -0.0211384 0.00768208 -0.0389817 0.0526211 -0.0461011 0.0529536 0.03023 -0.0508004 -0.0404964 -0.0208626 -0.0517242 0.0531716 -0.0529241 -0.04861 0.0539593 -0.0603484 0.0551523
internal_weight=1095.82 660.075 435.74 198.637 54.8589 182.939 34.9038 157.337 147.332 30.1784 380.881 461.438 376.686 374.006 58.7142 9.75197 315.292 376.998 20.4264 374.509 3.55932 84.7526 14.4827 5.88241 25.602 370.95 70.2698 9.96484 19.9551 10.0041 4.7254
internal_count=15468 8138 7330 1778 717 1503 385 1083 1006 319 6613 6360 5037 5013 647 80 4366 6580 239 6555 43 1323 205 76 420 6512 1118 159 332 77 66
is_linear=0
shrinkage=0.05


Tree=43
num_leaves=32
num_cat=0
split_feature=12 27 6 12 23 8 45 29 34 7 7 11 20 19 19 39 39 18 2 2 0 16 11 0 24 3 30 19 11 9 5
split_gain=583.618 35.9195 34.583 34.9504 27.3988 12.7596 10.1712 12.6306 10.8791 6.71718 11.9218 5.94415 5.74666 5.50368 5.64602 5.46038 121.09 8.09214 5.25629 7.27053 4.8582 2.71806 5.22712 3.47007 2.3022 2.05657 1.58816 1.32057 0.578914 0.538886 3.13438
threshold=-0.35712666629937123 1.0000000180025095e-35 0.96301982968341948 2.7084533625306269 0.99997358653385171 0.030704408388652342 0.013524168795890636 0.16440034381455657 0.0028638883325029512 1.0182534497653528 1.9963824514917934 0.33248056110373786 0.97587317697337472 13.500000000000002 7.5000000000000009 0.99987949765743289 0.0057480203176075171 8.5000000000000018 -1.0861534148807601 -1.2941414240573801 0.44126868551507764 3.5000000000000004 -0.7916744547743545 1.7129329828871949 0.71557275385595365 1.0632914427097377 0.99987956274106693 39.500000000000007 -1.2531738235238712 0.54432519422236181 1.0000000180025095e-35
decision_type=2 2 2 2 2 2 2 2 2 2 2 2 2 2 2 2 2 2 2 2 2 2 2 2 2 2 2 2 2 2 2
left_child=1 9 3 -2 24 6 8 -8 -6 15 -11 20 13 14 -5 16 25 -18 19 -12 -4 22 -17 -23 -3 -1 -20 -15 -7 -13 -31
right_child=2 4 11 12 5 28 7 -9 -10 10 18 29 -14 27 -16 21 17 -19 26 -21 -22 23 -24 -25 -26 -27 -28 -29 -30 30 -32
leaf_value=-0.045405545491985944 0.053680851515605102 0.053942942888252056 -0.03488527654409232 -0.043855647570925999 -0.021481414667102461 -0.020986324598727527 0.0045050079280589224 0.12718714526268682 0.020057197755060097 0.056400658154819844 -0.043211272446213256 0.053052488749702559 0.057266303291950343 -0.055965963342362368 0.040405448559339835 -0.0089498395936600337 0.18735883883657728 0.096975783562074133 -0.046381511154224737 0.057748518371192908 0.045944711311878023 -0.048655766548265852 -0.043239456614969689 -0.0065421557679040719 -0.012334527092201312 -0.02775911436648585 -0.0075713830455438405 -0.0296383505850028 -0.053332376565485076 -0.021950832237345765 0.05433342322073928
leaf_weight=145.62378697469831 24.423278696835041 15.739356137812138 3.5348920077085486 3.5983797274529987 123.68767220526934 1.4724731966853166 9.6676391363143903 2.6794432699680319 18.064715892076492 4.8569935634732238 3.4624880105257034 345.2925407551229 1.9099766649305809 12.780899211764337 4.4424449093639851 14.457677341997622 3.7555194124579412 7.2711864300072193 18.256694078445438 3.6769001632928875 3.9209343232214451 170.68733032792807 48.059050679206848 5.0357165895402423 1.42921930551529 18.622260738164186 3.0808227136731139 7.5923941247165194 22.837611988186836 1.636608362197874 7.5976868309080601
leaf_count=2138 417 280 30 41 862 18 63 16 131 56 36 6374 17 141 40 167 28 36 252 26 50 2572 692 68 7 257 32 83 401 14 123
internal_value=0.00012018 -0.0297729 0.0462029 0.00916588 -0.0119022 -0.0177076 -0.0123966 0.0311283 -0.0161878 -0.0375947 -0.0160031 0.0518045 -0.0266868 -0.0323301 0.00269745 -0.0393352 -0.0326366 0.127759 -0.0283522 0.00878465 0.0076223 -0.0442634 -0.0353096 -0.0474489 0.0484256 -0.0434048 -0.0407779 -0.0461546 -0.0513732 0.0527337 0.0408134
internal_weight=1059.15 642.425 416.73 54.7474 195.578 178.41 154.099 12.3471 141.752 446.846 33.3339 361.983 30.3241 28.4141 8.04082 413.513 175.273 11.0267 28.4769 7.13939 7.45583 238.24 62.5167 175.723 17.1686 164.246 21.3375 20.3733 24.3101 354.527 9.2343
internal_count=15468 8138 7330 739 1778 1491 1072 79 993 6360 402 6591 322 305 81 5958 2459 64 346 62 80 3499 859 2640 287 2395 284 224 419 6511 137
is_linear=0
shrinkage=0.05


Tree=44
num_leaves=32
num_cat=0
split_feature=12 27 6 12 27 8 6 21 7 7 19 36 19 11 14 14 7 2 13 41 14 16 17 45 9 5 19 6 18 19 41
split_gain=548.763 34.7872 33.2991 32.9639 25.5992 12.8662 9.3898 9.76349 6.59559 9.54587 6.42781 12.7861 5.93257 5.83009 5.40232 4.61203 4.25739 2.94682 2.02799 2.80593 0.794007 1.57728 2.26581 0.591447 0.553088 3.00793 0.259627 0.208858 0.0940529 0.588575 0.0119264
threshold=-0.35712666629937123 1.0000000180025095e-35 0.96301982968341948 2.7084533625306269 0.99997358653385171 0.030704408388652342 -1.4142410332700319 0.70406766269611465 0.070523719957775302 0.99848203964983373 4.5000000000000009 0.00235851058365022 35.500000000000007 0.33248056110373786 -0.47507904840875809 -0.26556047127400045 1.0096840255646971 0.29539759027501367 2.1154545758950176 0.99987853278274375 1.807680034835746 4.5000000000000009 19.500000000000004 0.99987853278274375 0.54432519422236181 1.0000000180025095e-35 8.5000000000000018 0.65617322246701237 20.500000000000004 50.500000000000007 0.99987853278274375
decision_type=2 2 2 2 2 2 2 2 2 2 2 2 2 2 2 2 2 2 2 2 2 2 2 2 2 2 2 2 2 2 2
left_child=1 8 3 -2 -3 6 30 -8 20 -10 11 -11 -12 15 18 -4 17 -16 27 -20 28 22 -22 -7 -15 -26 -17 -5 -1 -30 -6
right_child=2 4 13 14 5 23 7 -9 9 10 12 -13 -14 24 16 26 -18 -19 19 -21 21 -23 -24 -25 25 -27 -28 -29 29 -31 -32
leaf_value=-0.053287554953279671 0.053493514154858438 0.052919272932662645 -0.030180186435251027 -0.055105108660840486 -0.058300363810787063 -0.053306233043566346 -0.001278331529758767 -0.032247790353994381 0.062259536054002008 -0.030386219891434918 -0.04323139659273699 0.045425887541724136 -0.029529472777501627 0.052894800335583116 -0.04372319705271905 0.060687444909552371 0.061450810159903502 0.024988978924384869 -0.04519712570449394 0.004896071954236348 -0.05408585241625085 -0.053561663967269663 0.0098652436560441609 -0.021202254918836191 -0.020695009922434018 0.054120033696039599 0.032717397284422071 -0.076182108913585608 -0.053269260009788426 -0.018003162760142404 -0.062017358196331501
leaf_weight=55.4677364975214 23.311445750296116 14.282970149070023 3.8539917059242725 7.2359474226832443 6.1805423349142057 21.870691180229191 112.53496595472097 32.88662177324295 2.5494305696338406 25.045381799340248 173.55093233287334 7.1491874121129504 145.00214706733823 329.40684979781508 3.7547022923827154 2.0585840009152885 2.5258674584329128 2.6699139028787613 7.59964971244335 4.4221880510449409 2.515622813254593 7.9074896797537804 3.0818805992603302 1.5353347845375527 1.6488024890422801 7.2549191527068615 1.3897890411317346 1.4033154286444185 7.5960926972329599 1.401385463774204 3.3158709034323692
leaf_count=964 417 275 35 103 55 395 733 273 24 358 2544 77 2034 6374 28 25 26 18 91 45 37 129 39 25 14 123 20 11 132 22 22
internal_value=0.00012116 -0.0291564 0.0459527 0.0090188 -0.0114892 -0.016648 -0.0114276 -0.00828197 -0.0370467 -0.0341419 -0.0348426 -0.0135512 -0.0369944 0.0516083 -0.0259935 0.00740668 0.00645411 -0.0151681 -0.04005 -0.0267705 -0.0502089 -0.0391851 -0.0188756 -0.0512003 0.0525624 0.0402657 0.0494147 -0.0585287 -0.0525184 -0.0477765 -0.0595982
internal_weight=1022.41 623.874 398.536 52.923 192.607 178.324 154.918 145.422 431.267 353.297 350.748 32.1946 318.553 345.613 29.6116 7.30236 8.95048 6.42462 20.6611 12.0218 77.9702 13.505 5.5975 23.406 338.311 8.90372 3.44837 8.63926 64.4652 8.99748 9.49641
internal_count=15468 8138 7330 739 1778 1503 1083 1006 6360 5037 5013 435 4578 6591 322 80 72 46 250 136 1323 205 76 420 6511 137 45 114 1118 154 77
is_linear=0
shrinkage=0.05


Tree=45
num_leaves=32
num_cat=0
split_feature=12 11 9 12 21 15 21 21 1 14 11 42 42 14 11 33 31 31 19 45 19 34 34 3 19 19 2 19 18 6 2
split_gain=515.484 33.3473 32.2445 22.1928 12.9314 16.0965 15.0984 27.0548 10.1494 8.54676 7.15465 8.15196 23.4309 6.80674 6.67191 5.88337 5.72375 46.9841 6.15203 5.52494 4.58279 4.53475 10.9803 3.81085 3.69336 3.44812 3.10582 2.95623 2.22792 1.97531 1.9193
threshold=-0.35712666629937123 0.22561082573212407 0.52009536125279188 2.7084533625306269 0.86589995611931936 2024.5000000000002 -0.96565899408545142 -0.8661426606000272 -0.19896596795501431 -0.58297735611061285 -0.70169578523728093 0.10997486868896024 0.99952847873625494 -0.56631588720395665 -0.73414347459308649 0.5237366081081295 0.15365748520095326 0.94013850398955268 4.5000000000000009 0.99987853278274375 19.500000000000004 1.0000000180025095e-35 0.99930865958219239 0.97959940651616406 40.500000000000007 3.5000000000000004 -1.2112011522043302 40.500000000000007 4.5000000000000009 1.610440421883127 -1.891142678283581
decision_type=2 2 2 2 2 2 2 2 2 2 2 2 2 2 2 2 2 2 2 2 2 2 2 2 2 2 2 2 2 2 2
left_child=1 10 14 -4 5 6 -3 -8 -5 23 11 16 -13 25 -2 29 18 -18 -1 -11 -15 -12 -23 -10 -17 -7 -16 -14 -24 30 -6
right_child=2 4 3 8 15 13 7 -9 9 19 21 12 27 20 26 24 17 -19 -20 -21 -22 22 28 -25 -26 -27 -28 -29 -30 -31 -32
leaf_value=0.00052680384002744989 -0.015919890071640165 -0.044528530952413707 0.053447599044350924 -0.05882371364114225 -0.0025383627901123594 0.014912516712279573 0.11340559231914782 -0.00078080372665213608 -0.040406386597067939 0.061229254166661085 -0.045680854162046064 0.1057512293915161 -0.048548666258099588 0.037881016988208512 -0.031220645981860452 -0.030217547051062107 0.22085152896731497 -0.038121080185926574 -0.041232769295741489 -0.018367359320895855 -0.031672824890956873 0.060840555233092911 0.001735093512436699 0.02921060134930107 0.06395605350220443 -0.052208670475870966 0.052369850804500531 0.008589133018874982 -0.049112520210055736 0.0099712513186048304 -0.052098436401921147
leaf_weight=9.6765520460903627 3.6467493176460257 18.467264618724585 17.453641887754202 9.8628205992281419 2.079177673906087 2.0440968088805702 5.3891888819634906 138.58338989689946 9.6331706941127759 6.9078239798545837 205.98890782147646 4.2036906406283352 8.1104626245796663 4.3727308101952058 1.1150180771946896 2.116718776524066 2.0047331526875469 13.859084714204073 99.583469521254301 3.1854367628693581 5.1662958338856697 3.4485650081187496 2.6849030405282983 2.4697442725300798 2.0488867945969105 29.922034114599228 326.76138814538717 3.1402650848031053 10.900093778967856 1.4757517054676998 32.325640648603439
leaf_count=124 33 176 332 120 24 20 30 1344 125 92 3424 26 106 43 11 24 15 218 1477 24 51 41 39 24 20 329 6569 40 174 15 378
internal_value=0.000124959 -0.0284666 0.0457165 0.00807958 -0.0141671 -0.00906645 -0.00196604 0.00349343 -0.0166198 0.00213343 -0.0380621 -0.0292279 0.00503192 -0.0368555 0.0513375 -0.0401437 -0.0334595 -0.00539434 -0.0375344 0.0361085 0.000210955 -0.0436306 -0.0188369 -0.0262002 0.0161025 -0.0479166 0.0520856 -0.0326006 -0.0390631 -0.0466737 -0.0491034
internal_weight=988.628 607.592 381.036 49.5126 243.991 203.945 162.44 143.973 32.059 22.1962 363.601 140.578 15.4544 41.5052 331.523 40.0462 125.124 15.8638 109.26 10.0933 9.53903 223.022 17.0336 12.1029 4.16561 31.9661 327.876 11.2507 13.585 35.8806 34.4048
internal_count=15468 8138 7330 717 2454 1993 1550 1374 385 265 5684 2006 172 443 6613 461 1834 233 1601 116 94 3678 254 149 44 349 6580 146 213 417 402
is_linear=0
shrinkage=0.05


Tree=46
num_leaves=32
num_cat=0
split_feature=12 27 6 12 27 8 41 41 6 7 7 15 8 11 20 19 19 7 6 8 14 16 19 11 9 5 7 18 16 39 11
split_gain=484.089 32.627 30.9878 29.6788 23.5559 12.2328 9.04577 36.3737 8.10931 6.7138 8.65432 6.65886 6.42105 5.61388 5.12098 4.89955 5.04821 4.25491 2.15351 1.51812 0.852622 1.63172 2.33984 0.645021 0.573586 2.86135 0.499745 0.101641 0.628997 0.0053766 0.00485667
threshold=-0.35712666629937123 1.0000000180025095e-35 0.96301982968341948 2.7084533625306269 0.99997358653385171 0.030704408388652342 0.010499896815525491 0.99987853278274375 0.083000245727203534 0.070523719957775302 0.99848203964983373 2024.5000000000002 0.23952566800062194 0.33248056110373786 0.97587317697337472 13.500000000000002 7.5000000000000009 1.0398598299497019 -1.8208645528758693 0.081334345426088889 1.807680034835746 4.5000000000000009 34.500000000000007 -1.2531738235238712 0.54432519422236181 1.0000000180025095e-35 1.6222726738323627 20.500000000000004 3.5000000000000004 0.93195341278135124 -0.76698270672281188
decision_type=2 2 2 2 2 2 2 2 2 2 2 2 2 2 2 2 2 2 2 2 2 2 2 2 2 2 2 2 2 2 2
left_child=1 9 3 30 -3 6 8 -8 -6 20 -11 12 -12 17 15 16 -5 -4 -13 -17 27 22 -22 -7 -15 -26 -19 -1 -29 -27 -2
right_child=2 4 13 14 5 23 7 -9 -10 10 11 18 -14 24 -16 19 -18 26 -20 -21 21 -23 -24 -25 25 29 -28 28 -30 -31 -32
leaf_value=-0.052979516446638335 0.055406114533206367 0.052775748889898347 -0.035999820806203446 -0.043077044568449185 -0.034040437593963017 -0.017155310062218813 0.093099164307396121 -0.012593323384408049 -0.0044211742971061747 0.061873198162700906 -0.039616954417041786 -0.004949445761538788 -0.02312532805649381 0.052606333123007713 0.055758901422243469 -0.0025182662586609381 0.039325505846227432 0.055681637592892977 -0.047555215779355446 -0.049263062962039472 0.012835078236379858 -0.053227345559774777 -0.053924900815118186 -0.052954067634558954 -0.020325653097600215 0.053168936247531162 0.016971115779267864 -0.015456166781029427 -0.053021338639071061 0.057081694152210649 0.052925903441683533
leaf_weight=50.849861681461334 2.2013913355767754 13.631468266248701 3.1650263965129843 3.3037456795573297 49.557832330465317 1.3417721763253236 9.7404512315988523 49.550574816763401 43.29878156632185 2.3983411639928809 95.446540351957083 3.0835419222712508 154.66527388989925 299.78793178126216 1.8315457776188839 1.9374110847711588 4.2491680607199669 2.4940872192382817 77.71395605802536 16.784708317369223 2.9600396081805211 7.2541785463690758 2.3580437749624252 20.221956074237823 1.6201453134417514 5.6026892326772213 1.2523992620408533 1.3267037160694579 6.9616708531975746 1.0411251783370969 19.090744093060493
leaf_count=964 35 275 26 41 414 18 57 312 300 24 1504 50 2239 6374 17 19 40 37 1220 205 40 129 36 402 14 108 17 24 130 15 382
internal_value=0.000124759 -0.0277694 0.0454736 0.00865469 -0.0105156 -0.0154822 -0.0104871 0.00477006 -0.0202291 -0.0357502 -0.0327642 -0.0334501 -0.0294188 0.0512482 -0.0250772 -0.030712 0.00328153 0.00668292 -0.0459292 -0.0444258 -0.0496288 -0.0378043 -0.0167664 -0.0507265 0.0522481 0.0392533 0.0427412 -0.0521426 -0.0470084 0.0537821 0.0531823
internal_weight=956.723 592.361 364.362 49.3987 187.343 173.711 152.148 59.291 92.8566 405.018 333.308 330.909 250.112 314.963 28.1066 26.275 7.55291 6.91151 80.7975 18.7221 71.7105 12.5723 5.31808 21.5637 308.052 8.26396 3.74649 59.1382 8.28837 6.64381 21.2921
internal_count=15468 8138 7330 739 1778 1503 1083 369 714 6360 5037 5013 3743 6591 322 305 81 80 1270 224 1323 205 76 420 6511 137 54 1118 154 123 417
is_linear=0
shrinkage=0.05


Tree=47
num_leaves=32
num_cat=0
split_feature=12 11 6 12 21 15 21 21 5 16 42 42 14 33 11 17 30 30 7 14 19 2 14 21 19 19 41 41 34 30 11
split_gain=454.757 31.5642 29.8729 28.0052 12.1743 14.6929 13.9631 23.3652 7.27915 10.2225 6.91274 12.9897 6.65903 5.6227 5.48242 5.37884 4.85823 34.8693 4.82493 4.75959 4.17954 4.13462 3.63551 3.84913 3.39992 3.24231 3.12383 32.0349 2.67141 2.0591 1.97876
threshold=-0.35712666629937123 0.22561082573212407 0.96301982968341948 2.7084533625306269 0.86589995611931936 2024.5000000000002 -0.96565899408545142 -0.8661426606000272 1.0000000180025095e-35 3.5000000000000004 0.99952847873625494 0.10997486868896024 -0.56631588720395665 0.5237366081081295 0.33248056110373786 1.5000000000000002 0.087963434679698707 0.99987956274106693 1.1702044121193753 -0.47507904840875809 19.500000000000004 0.013541025891839566 1.5223445599649137 -0.50008814080062525 3.5000000000000004 40.500000000000007 0.090841377738024379 0.99987853278274375 0.0028638883325029512 0.7045593344905321 -1.3886598023350272
decision_type=2 2 2 2 2 2 2 2 2 2 2 2 2 2 2 2 2 2 2 2 2 2 2 2 2 2 2 2 2 2 2
left_child=1 8 3 -2 5 6 -3 -8 16 10 11 -10 24 -6 21 -11 26 30 -17 29 -14 -4 -21 -24 -7 -15 28 -28 -1 -5 -18
right_child=2 4 14 19 13 12 7 -9 9 15 -12 -13 20 25 -16 18 17 -19 -20 22 -22 -23 23 -25 -26 -27 27 -29 -30 -31 -32
leaf_value=-0.048622880897316152 0.053020839264886391 -0.04331184009528391 -0.04665961611431324 -0.045310338328488797 -0.04573290148649773 0.015741657915883431 0.1063719527845059 -0.00014494984849029472 -0.0026114493116499889 0.066828670801734408 -0.037472130114960971 0.10527942799829591 0.037097865401864751 -0.028971817290128543 0.052099292906424267 -0.043918814218264005 0.14012971636971408 -0.040190185664951944 0.056031116543298724 0.05343021576222419 -0.029965805148943148 0.035320452713014136 0.028081807212327638 -0.054991470320248127 -0.051391750694874762 0.059568748797251603 0.11733031532375399 -0.041231854201490364 -0.025093064947120942 -2.4139419675210264e-05 0.074880289650684453
leaf_weight=149.94572720304132 20.313832376152277 17.624416712671518 2.3709764853119841 16.079320918768651 33.852618757635355 2.0217788815498379 5.3507176004350177 136.1546658873558 9.6227927096188086 1.2196235470473755 5.5762208439409724 3.9287951104342929 4.3727105148136598 2.034924589097499 293.84690812975168 31.631641238927841 2.0963641218841076 38.823928136378527 1.2553599663078774 2.8018169254064542 4.9568082131445408 4.377818189561367 2.6085591018199921 2.9956825971603394 28.07313260436058 2.1020701080560684 3.3222727961838237 77.317863687872887 13.117989886552094 2.9743932783603659 2.6067309044301501
leaf_count=2713 417 176 22 215 417 20 30 1344 108 15 67 25 43 24 6511 501 11 602 19 27 51 58 18 27 329 20 30 1359 202 35 32
internal_value=0.000129096 -0.027106 0.0452389 0.00851187 -0.013076 -0.00811432 -0.00134428 0.00388275 -0.0368535 -0.0198714 0.00938628 0.0286676 -0.0354404 -0.0390085 0.051076 -0.0362797 -0.0400009 -0.0246143 -0.0401035 -0.0244144 0.00146669 0.00651934 0.00692569 -0.0163241 -0.0468817 0.016017 -0.0427491 -0.0346993 -0.04673 -0.0382409 0.103965
internal_weight=925.378 577.009 348.369 47.7736 236.544 198.554 159.13 141.505 340.465 53.2344 19.1278 13.5516 39.4244 37.9896 300.596 34.1066 287.231 43.527 32.887 27.4598 9.32952 6.74879 8.40606 5.60424 30.0949 4.13699 243.704 80.6401 163.064 19.0537 4.7031
internal_count=15468 8138 7330 739 2454 1993 1550 1374 5684 735 200 133 443 461 6591 535 4949 645 520 322 94 80 72 45 349 44 4304 1389 2915 250 43
is_linear=0
shrinkage=0.05


Tree=48
num_leaves=32
num_cat=0
split_feature=12 11 9 12 14 14 32 32 16 21 1 33 33 0 14 11 16 15 20 11 34 45 34 34 19 3 41 3 2 15 18
split_gain=427.26 30.7721 29.1041 19.1125 11.701 12.4664 11.0828 55.0455 11.357 9.48951 9.12575 9.08189 54.8913 8.74725 7.30679 7.15305 7.81072 9.85561 9.76122 5.85439 5.43234 4.92038 4.24936 9.75877 3.67781 3.49568 3.19843 7.7449 2.92567 2.78731 2.284
threshold=-0.35712666629937123 0.22561082573212407 0.52009536125279188 2.7084533625306269 -0.56631588720395665 0.95999526661447587 0.036977046081088767 0.99952847873625494 2.5000000000000004 0.25635422228499999 -0.19896596795501431 0.0045474381706620002 0.92495635297296575 -0.77605228463019593 -0.58297735611061285 -0.70169578523728093 5.5000000000000009 2024.5000000000002 -1.0000000180025095e-35 -0.73414347459308649 0.0028638883325029512 0.99987853278274375 1.0000000180025095e-35 0.99930865958219239 25.500000000000004 0.97959940651616406 0.23756769146484105 1.0495555279394835 -1.2112011522043302 2024.5000000000002 4.5000000000000009
decision_type=2 2 2 2 2 2 2 2 2 2 2 2 2 2 2 2 2 2 2 2 2 2 2 2 2 2 2 2 2 2 2
left_child=1 15 19 -4 6 -6 11 24 -9 13 -5 20 -13 -7 25 16 17 18 -1 -2 -3 -16 -17 -24 -8 -12 -18 -28 -21 -11 -25
right_child=2 4 3 10 5 9 7 8 -10 29 14 12 -14 -15 21 22 26 -19 -20 28 -22 -23 23 30 -26 -27 27 -29 -30 -31 -32
leaf_value=0.019388559238505423 -0.014304017074686745 -0.036139101774997108 0.052993523044101848 -0.058064585793788683 0.059955258034319031 -0.050998122999023815 0.15837132893224593 0.041344517367377188 -0.045629605070519004 -0.045885831316599984 -0.03906483030497146 0.17210379791266484 -0.030274659564857379 0.021348426082873073 0.060594129572083794 -0.044373410220477416 -0.046177360942691176 -0.045001330824502611 -0.029495615933278586 -0.031435434334715406 -0.0067488225637469231 -0.016894866596030313 0.060868666593628919 0.004900901787386145 0.0860171642632062 0.029727235365267182 -0.03434189148305463 0.053758565587655238 0.051914169465652728 -0.0023070002228563111 -0.048204666792298595
leaf_weight=24.778719160705805 3.4095459729433051 95.982421070337296 15.207988940179346 8.9755278192460555 9.1173082143068296 4.8321078531444064 4.2430415451526668 4.6526742316782501 19.419233936816454 12.576225847005846 8.8894745931029338 3.9838988110423115 21.075293730944395 30.868255149573088 6.2445253543555719 183.99675243347883 46.234433770179749 17.946356359869242 17.370915118604898 1.0567496791481961 18.802366644144058 3.0488098673522472 3.1863828599452946 2.5504645071923742 2.9967582263052464 2.3309188932180396 19.810940925031904 2.8539620973169795 283.90165781602263 5.1807566806673995 9.8212761431932432
leaf_count=297 33 1120 332 120 120 46 26 46 201 146 125 22 226 243 92 3424 783 293 274 11 171 24 41 39 28 24 316 43 6569 59 174
internal_value=0.000128848 -0.0264545 0.0450068 0.00746495 -0.0125864 0.00591563 -0.0193508 0.00753774 -0.028819 -0.00330099 -0.0160147 -0.0253712 0.00189937 0.0115562 0.00238369 -0.0363202 -0.0271441 -0.0139702 -0.000757828 0.0508258 -0.0313248 0.0351728 -0.0422518 -0.0171602 0.128422 -0.024774 -0.0386347 -0.0232483 0.0516051 -0.0331713 -0.0372568
internal_weight=895.346 562.281 333.065 44.6972 233.73 62.5747 171.156 31.3117 24.0719 53.4573 29.4893 139.844 25.0592 35.7004 20.5137 328.55 128.995 60.096 42.1496 288.368 114.785 9.29334 199.555 15.5581 7.2398 11.2204 68.8993 22.6649 284.958 17.757 12.3717
internal_count=15468 8138 7330 717 2454 614 1840 301 247 494 385 1539 248 289 265 5684 2006 864 571 6613 1291 116 3678 254 54 149 1142 359 6580 205 213
is_linear=0
shrinkage=0.05


Tree=49
num_leaves=32
num_cat=0
split_feature=12 11 9 12 21 15 21 21 2 41 5 16 15 11 14 11 33 17 30 30 7 17 19 41 41 42 19 34 8 13 2
split_gain=401.496 29.3995 27.8887 18.0901 11.1146 13.4739 12.7381 20.5242 8.71233 7.93292 7.21345 9.4164 6.59295 7.03961 6.09042 5.68878 5.27791 5.04411 4.84175 31.5732 4.58795 4.01022 3.30808 3.15049 29.8323 3.03949 2.74078 2.65623 2.38093 2.19037 2.08732
threshold=-0.35712666629937123 0.22561082573212407 0.52009536125279188 2.7084533625306269 0.86589995611931936 2024.5000000000002 -0.96565899408545142 -0.8661426606000272 0.11592431329632792 1.0000000180025095e-35 1.0000000180025095e-35 3.5000000000000004 2023.5000000000002 -0.70169578523728093 -0.56631588720395665 -0.59190494759748835 0.5237366081081295 1.5000000000000002 0.087963434679698707 0.99987956274106693 1.1702044121193753 14.500000000000002 3.5000000000000004 0.090841377738024379 0.99987853278274375 0.99952847873625494 40.500000000000007 0.0028638883325029512 0.081334345426088889 2.1294562075180359 -1.5044710185597336
decision_type=2 2 2 2 2 2 2 2 2 2 2 2 2 2 2 2 2 2 2 2 2 2 2 2 2 2 2 2 2 2 2
left_child=1 10 15 -4 5 6 -3 -8 28 -10 18 12 13 -12 22 -2 -6 -13 23 -20 -19 -16 -7 27 -25 -14 -18 -1 -5 -11 -17
right_child=2 4 3 8 16 14 7 -9 9 29 11 17 25 -15 21 30 26 20 19 -21 -22 -23 -24 24 -26 -27 -28 -29 -30 -31 -32
leaf_value=-0.047962843232977545 -0.0081485415298228319 -0.04206088072238523 0.052846831480193091 -0.0038164446004082795 -0.044614282789973633 0.015924372912357425 0.10061555154170235 0.00017142822417063157 -0.029002367376166349 0.00044774081409783566 0.076199356301941468 0.063715218884106722 0.0025824316831039979 -0.025841242432144747 -0.034296721490441801 -0.047956541789429499 -0.027459274854695015 -0.042735752783565249 0.099129966827328886 -0.038880379277731761 0.054779958171614733 0.031682830273851381 -0.050543503343319231 0.11476243492669878 -0.040126518309173555 -0.054726838705414699 0.054417876786439494 -0.023893707384722324 -0.057484937404423044 0.057432148971098398 0.051697895246380687
leaf_weight=138.54557407647371 4.0563811846077433 16.836135059595108 14.505428168922661 2.5964605361223247 31.823410332202911 2.0151875577867058 5.2864551097154608 133.97773206979036 7.3582950457930556 2.3182401768863183 5.4553762450814247 1.2496060207486142 7.2594189345836622 2.4489717446267631 4.3172550313174707 0.52647668495774169 1.9408391341567028 29.562552995979789 4.6781487651169291 36.305128406733274 1.2574796266853798 4.9360312670469284 26.334366135299206 3.2484907135367385 72.269326567649841 3.3959062956273556 2.1591405346989632 12.496550865471361 10.125975936651228 6.186700850725174 270.7842568308115
leaf_count=2713 42 176 332 24 417 20 30 1344 94 31 38 15 85 32 39 5 24 501 43 602 19 55 329 30 1359 45 20 202 143 93 6566
internal_value=0.000127672 -0.0258262 0.0447725 0.00736837 -0.0121914 -0.00745417 -0.000981904 0.00398428 -0.0157091 0.00901112 -0.0356665 -0.0183602 0.00998463 0.0445845 -0.0343224 0.0506258 -0.0377352 -0.0347642 -0.0389416 -0.0231268 -0.038757 0.000899113 -0.0458187 -0.0418024 -0.0334638 -0.0156823 0.0156591 -0.0459715 -0.046532 0.0418996 0.0515045
internal_weight=866.257 547.799 318.458 43.0911 229.627 193.703 156.1 139.264 28.5857 15.8632 318.173 50.6293 18.5597 7.90435 37.6028 275.367 35.9234 32.0696 267.543 40.9833 30.82 9.25329 28.3496 226.56 75.5178 10.6553 4.09998 151.042 12.7224 8.50494 271.311
internal_count=15468 8138 7330 717 2454 1993 1550 1374 385 218 5684 735 200 70 443 6613 461 535 4949 645 520 94 349 4304 1389 130 44 2915 167 124 6571
is_linear=0
shrinkage=0.05


Tree=50
num_leaves=32
num_cat=0
split_feature=12 11 6 12 9 19 19 14 32 32 14 6 6 11 16 15 20 11 20 19 19 34 34 14 18 31 28 20 15 5 17
split_gain=376.98 28.5705 27.1356 24.1161 10.5489 14.8688 23.0902 13.4004 12.8372 43.4046 8.16172 10.0931 7.72258 7.09632 7.32417 9.12798 8.55279 5.21082 4.35498 4.33941 4.44628 4.00502 8.96207 3.78801 3.25434 4.82566 2.80199 2.45235 2.31993 2.25371 10.0559
threshold=-0.35712666629937123 0.22561082573212407 0.96301982968341948 2.7084533625306269 0.54936862342887705 48.500000000000007 50.500000000000007 -0.56631588720395665 0.036977046081088767 0.99952847873625494 0.95999526661447587 0.043925665951408663 1.6278583131022746 -0.70169578523728093 5.5000000000000009 2024.5000000000002 -1.0000000180025095e-35 0.22561082573212407 0.97587317697337472 13.500000000000002 7.5000000000000009 1.0000000180025095e-35 0.99930865958219239 -0.26556047127400045 3.5000000000000004 0.23997977661736383 0.99987956274106693 -0.5048522742377104 2023.5000000000002 1.0000000180025095e-35 1.5000000000000002
decision_type=2 2 2 2 2 2 2 2 2 2 2 2 2 2 2 2 2 2 2 2 2 2 2 2 2 2 2 2 2 2 2
left_child=1 13 3 -2 5 -3 -7 8 12 -10 -9 -12 -6 14 15 16 -1 23 19 20 -5 29 -23 -4 25 -16 -26 -8 -24 -15 -31
right_child=2 4 17 18 7 6 27 10 9 -11 11 -13 -14 21 24 -17 -18 -19 -20 -21 -22 22 28 -25 26 -27 -28 -29 -30 30 -32
leaf_value=0.018547760540021815 0.052657357125670018 -0.047785847289952325 -0.034028415235178827 -0.041939978240174924 -0.024746663287942651 0.14689693398336981 0.011347818535398322 0.059540898016595657 0.12355606730653815 -0.023187805209971546 -0.018078906986912429 0.031167234714341858 0.053124028792429223 -0.0457990734359629 -0.02635235946328477 -0.044017773327461131 -0.028064491206633346 0.051644601094904055 0.054066031154677119 -0.042393023378309184 0.038571233006745718 0.060667354352322039 -0.006958575759677752 0.047568878690568875 0.016866149690742273 0.066663831500597556 -0.045086443192154046 -0.053610123410440247 -0.053148841559633869 0.11363745297436126 -0.036581645562780776
leaf_weight=24.565614886581898 17.760972674936056 35.90433019772172 3.0988775715231895 2.9805609472096029 103.39883725345135 2.6866977177560312 2.3514782786369324 8.7202594764530641 6.9605137147009399 18.255076836794615 20.981157965958118 20.639541491866112 3.2850153148174277 146.03170434013009 10.707672134041783 16.660143278539181 16.418639969080687 255.59681601077318 1.7041444443166245 16.892648674547672 4.0381743721663952 3.0121616404503557 4.3127228021621704 2.6289848536252967 1.8941137008368958 1.6031387560069568 50.092827789485455 3.802568431943655 7.3534513711929321 1.1695628762245203 23.479602821171284
leaf_count=297 417 626 31 41 1034 33 31 120 51 159 161 148 27 3005 181 293 274 6518 17 224 40 41 77 42 31 22 908 64 136 13 406
internal_value=0.000127099 -0.0251834 0.0445086 0.00788456 -0.0117302 -0.0334835 0.0246015 -0.00638921 -0.0147654 0.0173194 0.0155574 0.00634206 -0.0223489 -0.0351205 -0.0257528 -0.0128111 -0.000125503 0.0505877 -0.0231594 -0.0286632 0.00438152 -0.0412833 -0.016221 0.00342326 -0.0373553 -0.0142396 -0.0428292 -0.0287895 -0.0360733 -0.0434386 -0.029454
internal_weight=838.988 534.287 304.701 43.3765 226.985 44.7451 8.84074 182.24 131.899 25.2156 50.341 41.6207 106.684 307.301 121.942 57.6444 40.9843 261.325 25.6155 23.9114 7.01874 185.359 14.6783 5.72786 64.2978 12.3108 51.9869 6.15405 11.6662 170.681 24.6492
internal_count=15468 8138 7330 739 2454 754 128 1700 1271 210 429 309 1061 5684 2006 864 571 6591 322 305 81 3678 254 73 1142 203 939 95 213 3424 419
is_linear=0
shrinkage=0.05


Tree=51
num_leaves=32
num_cat=0
split_feature=12 11 6 12 21 15 21 21 5 16 35 29 17 14 11 33 30 30 17 7 14 19 12 1 21 18 32 19 2 19 6
split_gain=354.099 27.3242 26.1739 22.7629 10.2728 12.3598 11.6185 18.691 7.03541 8.62029 5.89589 8.14748 6.79856 5.69411 5.11876 5.037 4.79068 28.7713 4.51576 4.55683 4.1772 3.63302 3.5672 3.4065 3.27572 3.25795 8.23991 3.25698 2.412 2.36315 2.13229
threshold=-0.35712666629937123 0.22561082573212407 0.96301982968341948 2.7084533625306269 0.86589995611931936 2024.5000000000002 -0.96565899408545142 -0.8661426606000272 1.0000000180025095e-35 3.5000000000000004 0.10548128670931996 0.13243735503284007 25.500000000000004 -0.56631588720395665 0.33248056110373786 0.5237366081081295 0.087963434679698707 0.99987956274106693 2.5000000000000004 1.1702044121193753 -0.47507904840875809 19.500000000000004 2.7084533625306269 -0.2268186170837759 -0.70710678118654757 4.5000000000000009 0.051851597935386247 3.5000000000000004 0.40734131985662886 40.500000000000007 1.610440421883127
decision_type=2 2 2 2 2 2 2 2 2 2 2 2 2 2 2 2 2 2 2 2 2 2 2 2 2 2 2 2 2 2 2
left_child=1 8 3 -2 5 6 -3 -8 16 10 11 -10 -12 27 22 30 25 -18 -11 -20 -5 -15 -4 -22 -25 26 -1 -7 -24 -17 -6
right_child=2 4 14 20 15 13 7 -9 9 18 12 -13 -14 21 -16 29 17 -19 19 -21 23 -23 28 24 -26 -27 -28 -29 -30 -31 -32
leaf_value=-0.038264440326847615 0.052524673968571106 -0.040797772434104013 0.054504047762427454 -0.036195892336677284 -0.046491552380858482 0.016573699040631142 0.096986975232620884 0.00044121349850973694 -0.035223378432080024 0.027331953775083514 -0.0023457361509012674 0.056059028602342666 0.10382566380983571 0.034337745740106694 0.051544744851968693 -0.026050192283408859 0.095731759041895959 -0.037550656212583293 -0.043955998532689167 0.053567327797173353 -0.050253079811891893 -0.028985030103119525 -0.062003533573615315 0.060679723446324767 -0.014403307385988731 -0.044244242068083472 0.018692313560066929 -0.04976512504016619 0.018121735569396721 0.050462119346045775 0.018326124446241654
leaf_weight=41.288497053086758 16.936360009014606 16.094626978039742 2.2701744921505442 17.292694590985779 28.767498906701807 1.9994885288178945 5.2108233477920285 132.10962918773293 8.8057392649352568 2.7814488448202637 3.0259764045476905 3.3838653638958922 3.0052705630660057 4.3016995638608915 243.36469594761729 1.8522615917026986 4.597112424671649 33.96329128369689 26.302452456206087 1.254955444484948 1.8992142565548418 4.7843381799757481 2.0231209993362431 3.2185099795460701 2.647673722356557 161.8486444465816 7.5040692500770083 24.781584568321705 1.7531596533954141 2.217174407094717 1.3273597918450821
leaf_count=818 417 176 39 250 402 20 30 1344 125 37 25 35 15 43 6511 24 43 602 479 19 20 51 20 27 25 3360 126 329 21 20 15
internal_value=0.000125392 -0.024554 0.0442669 0.00774802 -0.0113384 -0.00678372 -0.000605901 0.00410478 -0.0344712 -0.0170604 0.0101233 -0.00988315 0.0505577 -0.0332082 0.0504157 -0.0365729 -0.0378639 -0.0216609 -0.0333863 -0.0395148 -0.0225158 0.000994546 0.00497206 0.00794829 0.0267914 -0.04083 -0.0295048 -0.0448122 -0.0248049 0.0156365 -0.0436327
internal_weight=812.613 521.208 291.406 41.9945 223.446 189.282 153.415 137.32 297.761 48.5597 18.2209 12.1896 6.03125 35.8671 249.411 34.1643 249.202 38.5604 30.3389 27.5574 25.0581 9.08604 6.04646 7.7654 5.86618 210.641 48.7926 26.7811 3.77628 4.06944 30.0949
internal_count=15468 8138 7330 739 2454 1993 1550 1374 5684 735 200 160 40 443 6591 461 4949 645 535 498 322 94 80 72 52 4304 944 349 41 44 417
is_linear=0
shrinkage=0.05


Tree=52
num_leaves=32
num_cat=0
split_feature=12 11 9 12 9 19 37 5 21 42 19 17 1 11 16 15 19 14 11 33 45 34 34 41 39 13 18 5 17 6 0
split_gain=332.533 26.3896 25.4443 15.6088 9.87755 14.1447 18.9615 12.7089 13.5016 12.9209 11.8576 8.79576 7.81974 7.00645 6.83516 8.47983 7.92788 5.97948 5.16598 5.16249 4.43262 3.91636 8.2348 3.3704 13.5435 3.21166 2.39473 2.30852 8.53275 2.09471 2.06202
threshold=-0.35712666629937123 0.22561082573212407 0.52009536125279188 2.7084533625306269 0.54936862342887705 48.500000000000007 0.10815157053524162 1.0000000180025095e-35 0.25635422228499999 0.99952847873625494 30.500000000000004 11.500000000000002 -0.19896596795501431 -0.70169578523728093 5.5000000000000009 2024.5000000000002 45.500000000000007 -0.58297735611061285 -0.59190494759748835 0.077868297191832539 0.99987853278274375 1.0000000180025095e-35 0.99930865958219239 0.23756769146484105 0.12462548390338025 2.1353477288733931 4.5000000000000009 1.0000000180025095e-35 1.5000000000000002 -1.3357817845239461 -0.92423265175610114
decision_type=2 2 2 2 2 2 2 2 2 2 2 2 2 2 2 2 2 2 2 2 2 2 2 2 2 2 2 2 2 2 2
left_child=1 13 18 -4 5 -3 -7 8 10 11 -6 -9 -5 14 15 16 -1 25 -2 -10 -19 27 -23 -16 -25 -14 -24 -15 -29 -17 -20
right_child=2 4 3 12 7 6 -8 9 19 -11 -12 -13 17 21 23 29 -18 20 30 -21 -22 22 26 24 -26 -27 -28 28 -30 -31 -32
leaf_value=0.01127804065603687 -0.0076437287798746083 -0.047223332270103863 0.052469674569848516 -0.056970074923014605 0.015065732226620538 -0.016686642321566941 0.15578797144561363 -0.012204012098634344 -0.038364817858049793 -0.026008866567682688 -0.020937860320143917 0.059843033252208924 -0.053755629866116261 -0.044979355313653283 -0.044454636636908601 0.012681538963267909 -0.045790372835590204 0.059934375883119673 -0.0065282959025648318 0.0091606682492591709 -0.01610117935747498 0.060186831287096267 0.0099431523229599889 -0.029208942221814554 0.15108931523975277 0.0025517054764479779 -0.046958402933982436 0.097244401305603384 -0.035249068419172774 -0.049093751328652617 0.051463074195497817
leaf_weight=32.357672307640314 3.8051456212997428 33.869174849241972 12.602200075983999 7.8547146134078529 52.357704205438495 6.8205886483192426 2.0793497450649738 5.5728837214410332 45.723989333957434 9.7536359354853612 40.60406619310379 17.662243133410811 4.679380267858507 135.36138082295656 39.850313823670149 1.5215445049107064 7.4952973946928969 5.528029400855301 1.5429758317768563 6.5301467329263678 2.9341127201914787 2.8999057654291365 2.3607254438102254 19.169418759644035 1.101417127996682 5.5196052491664886 8.531035937368868 1.2853585183620477 22.255980491638184 13.985933057963846 234.12321062758565
leaf_count=445 42 626 332 120 464 105 23 59 526 72 345 166 77 3005 783 29 126 92 20 68 24 41 39 353 6 72 174 13 406 264 6551
internal_value=0.000125607 -0.0239045 0.044043 0.00665594 -0.0109051 -0.0324835 0.0236097 -0.00572632 -0.0120905 0.0222885 -0.000660004 0.0425627 -0.015118 -0.0338724 -0.0243385 -0.0116619 0.00054497 0.00249812 0.0501502 -0.0324256 0.0335703 -0.0402478 -0.0146896 -0.0360112 -0.0194124 -0.0232826 -0.0346253 -0.0424661 -0.0280149 -0.0430326 0.0510834
internal_weight=787.739 509.15 278.589 39.118 220.974 42.7691 8.89994 178.205 145.216 32.9888 92.9618 23.2351 26.5158 288.176 115.482 55.3604 39.853 18.6611 239.471 52.2541 8.46214 172.694 13.7917 60.1211 20.2708 10.199 10.8918 158.903 23.5413 15.5075 235.666
internal_count=15468 8138 7330 717 2454 754 128 1700 1403 297 809 225 385 5684 2006 864 571 265 6613 594 116 3678 254 1142 359 149 213 3424 419 293 6571
is_linear=0
shrinkage=0.05


Tree=53
num_leaves=32
num_cat=0
split_feature=12 27 6 12 23 8 6 32 7 7 15 8 11 20 19 19 14 6 23 8 14 16 17 11 9 5 19 8 31 16 41
split_gain=312.202 25.4504 24.4972 20.5892 19.4659 10.018 9.34497 8.67163 6.97439 6.94549 6.47038 6.40049 4.89311 4.01899 3.87154 4.01317 3.36068 2.58517 1.88037 1.27994 1.11575 2.0114 2.7643 1.03315 0.81371 3.10264 0.195152 0.184767 0.136503 0.967121 0.00917806
threshold=-0.35712666629937123 1.0000000180025095e-35 0.96301982968341948 2.7084533625306269 0.99997358653385171 0.030704408388652342 -1.3741689935902675 0.036977046081088767 0.070523719957775302 0.99848203964983373 2024.5000000000002 0.23952566800062194 0.33248056110373786 0.97587317697337472 13.500000000000002 7.5000000000000009 -0.26556047127400045 -1.8208645528758693 0.016890190996383895 0.7153655822819418 1.807680034835746 4.5000000000000009 19.500000000000004 -1.2779795127244882 0.54432519422236181 1.0000000180025095e-35 8.5000000000000018 0.0046901208992914242 0.99997358653385171 2.5000000000000004 0.99987853278274375
decision_type=2 2 2 2 2 2 2 2 2 2 2 2 2 2 2 2 2 2 2 2 2 2 2 2 2 2 2 2 2 2 2
left_child=1 8 3 -2 18 6 30 -8 20 -10 11 -11 16 14 15 -5 -4 -12 -3 -16 28 22 -22 -7 -14 -26 -18 -20 -1 -30 -6
right_child=2 4 12 13 5 23 7 -9 9 10 17 -13 24 -15 19 -17 26 -19 27 -21 21 -23 -24 -25 25 -27 -28 -29 29 -31 -32
leaf_value=-0.052208302806080048 0.052322719317442291 -0.002749336930924579 -0.030550544348886974 -0.041567006980150596 -0.056931931750363741 0.0039502739543352009 -0.010469473491675076 0.025268149325325995 0.06099798085498092 -0.036021935342441018 0.006747153405919532 -0.017866567206753253 0.051815241458907979 0.053445158699875407 -0.04851208551803371 0.037297378273124071 0.058273314434470293 -0.044983601665653995 0.074664934512423481 -0.014026930818962283 -0.052911723116904889 -0.052389319186067346 0.02832466679358624 -0.05222039719820442 -0.030331699053151386 0.052787286396602441 0.029928162101253993 0.052555187831987787 0.0041299593677474843 -0.052179490377851967 -0.060281069939234627
leaf_weight=38.399197947233915 15.490374347195027 1.6259408853948105 3.1199310161173344 2.7508454695344033 5.5888606123626214 0.86323720589280384 110.19720864295959 20.064896784722805 2.1674286508932701 77.252584308385849 2.5156813636422148 130.63450081273913 215.03538085892797 1.6572894118726242 12.15205020457506 3.900251429527998 1.5231282748281949 60.391891170293093 1.027096390724181 3.4559160172939292 1.8402605652809123 5.5178459994494915 2.4298998825252056 15.840299703180788 1.4590939059853543 4.8699939120560884 1.009824853390455 11.810536324977873 0.8869696781039228 5.4351939111948013 3.2266160845756531
leaf_count=959 417 16 35 41 60 13 854 134 24 1504 50 2239 6374 17 177 40 25 1220 7 47 37 129 39 406 14 123 20 264 22 137 24
internal_value=0.000122994 -0.0232599 0.0438053 0.00741498 -0.00757878 -0.0127305 -0.0083363 -0.00496464 -0.0314121 -0.0281513 -0.0288649 -0.0246133 0.0501221 -0.0216713 -0.0272641 0.00467964 0.00418624 -0.0429149 0.0479081 -0.0408764 -0.0477408 -0.0324501 -0.00668482 -0.0493175 0.0512952 0.0336252 0.0469728 0.0543241 -0.0510874 -0.0442795 -0.0581578
internal_weight=764.14 497.716 266.424 39.4067 170.245 155.781 139.078 130.262 327.471 272.962 270.795 207.887 227.017 23.9164 22.2591 6.6511 5.65288 62.9076 14.4636 15.608 54.5094 9.78801 4.27016 16.7035 221.364 6.32909 2.53295 12.8376 44.7214 6.32216 8.81548
internal_count=15468 8138 7330 739 1778 1491 1072 988 6360 5037 5013 3743 6591 322 305 81 80 1270 287 224 1323 205 76 419 6511 137 45 271 1118 159 84
is_linear=0
shrinkage=0.05


Tree=54
num_leaves=32
num_cat=0
split_feature=12 11 6 12 3 3 30 1 16 32 16 1 6 11 42 42 11 31 31 19 14 11 2 14 12 34 34 19 20 11 45
split_gain=293.067 24.5538 23.7098 17.2418 9.6716 31.6124 13.6778 9.13271 8.6288 13.056 8.04054 7.79639 7.45702 6.95865 6.85114 16.0031 6.51667 5.61421 29.0931 6.16441 4.52926 4.40971 5.86142 4.34056 4.27612 3.6757 7.48466 3.57876 2.6859 3.92585 2.63627
threshold=-0.35712666629937123 0.22561082573212407 0.761918220394187 2.7084533625306269 -0.77776418905643208 -0.053418694261456616 0.99987956274106693 1.2882647970327554 2.5000000000000004 0.036977046081088767 4.5000000000000009 0.16639773211628114 0.068587367226213808 -0.70169578523728093 0.10997486868896024 0.99952847873625494 0.1535784208883989 0.15365748520095326 0.94013850398955268 4.5000000000000009 -0.47507904840875809 0.73611252443636099 -0.36562356366052023 -0.56631588720395665 2.7084533625306269 1.0000000180025095e-35 0.99930865958219239 40.500000000000007 0.48365732171879328 0.12973821536988692 0.0088291433858678232
decision_type=2 2 2 2 2 2 2 2 2 2 2 2 2 2 2 2 2 2 2 2 2 2 2 2 2 2 2 2 2 2 2
left_child=1 13 3 -2 8 6 23 10 9 -3 -7 -11 -9 14 17 -16 24 19 -19 -1 28 22 -10 -6 -4 -15 -27 -17 -5 -30 -23
right_child=2 4 16 20 5 7 -8 12 21 11 -12 -13 -14 25 15 27 -18 18 -20 -21 -22 30 -24 -25 -26 26 -28 -29 29 -31 -32
leaf_value=0.0093468551010815384 0.052161019089127951 -0.03220162344483337 0.054551038462419446 -0.0544428417800683 0.13279617417364462 -0.033466245315673396 -0.029177736131111971 -0.011343159563244012 0.049067735721366357 -0.0074977172929019736 -0.0043318832234016998 0.097830800919233935 0.08471710283879591 -0.041483998293476022 0.093228934400118937 -0.046040029542601411 0.050990797222061006 0.15964177859837991 -0.032648299595713304 -0.036609959270281628 0.010878817907671454 -0.04285459161841302 -0.046700064567830775 0.060564652622958209 -0.031417085595343161 0.059969757945144898 -0.033302795234225753 0.023829660848794038 0.037151089996528934 -0.049503823390851569 -0.018909758925525075
leaf_weight=8.0670672692358476 12.097595907747744 8.8647083081305045 2.2534872293472281 9.3005192279815692 5.6808336302638045 33.325011897832155 2.3497317247092715 3.6437334306538087 3.6503379717469215 2.8419672660529605 81.839387075975537 4.6014632843434811 4.5345358140766621 147.95466342940927 4.0756410211324665 6.4469034075737 214.8762081656605 2.4157359600067112 10.590798024088144 76.418191213160753 6.904168900102376 42.047628866508603 2.8413894250988951 3.2811284177005282 4.0392112098634243 2.7223277520388338 10.245265301316977 2.5606520846486092 2.4149768538773051 2.8489453233778477 15.819694850593804
leaf_count=124 343 116 41 166 45 390 33 38 54 28 877 34 49 3424 26 106 6595 15 218 1477 67 406 57 44 47 41 213 40 34 37 283
internal_value=0.000126274 -0.0226112 0.0435794 0.00442322 -0.0100021 -0.00180022 0.0781981 -0.00913683 -0.0236932 0.00879307 -0.0127625 0.0576154 0.0419186 -0.0326114 -0.0229547 0.0110196 0.0495221 -0.027514 0.00306622 -0.0322218 -0.0224771 -0.031925 0.00715075 0.106351 -0.000630918 -0.0392468 -0.0137218 -0.0261776 -0.0382892 -0.00974837 -0.0363086
internal_weight=741.554 486.819 254.735 33.5662 215.322 134.654 11.3117 123.343 80.6672 16.3081 115.164 7.44343 8.17827 271.497 110.575 13.0832 221.169 97.4918 13.0065 84.4853 21.4686 64.3591 6.49173 8.96196 6.2927 160.922 12.9676 9.00756 14.5644 5.26392 57.8673
internal_count=15468 8138 7330 647 2454 1476 122 1354 978 178 1267 62 87 5684 2006 172 6683 1834 233 1601 304 800 111 89 88 3678 254 146 237 71 689
is_linear=0
shrinkage=0.05


Tree=55
num_leaves=32
num_cat=0
split_feature=12 27 9 27 12 8 6 36 1 7 7 19 30 19 7 11 11 2 6 11 14 16 8 12 11 41 31 18 19 14 6
split_gain=275.067 23.7095 23.1924 17.8115 13.4873 9.86139 8.27108 7.38707 7.16017 6.94799 6.32363 6.54219 14.2637 6.72137 5.14286 4.76328 3.41094 2.02692 1.55047 2.08583 1.18228 2.04957 2.87209 1.08759 1.06254 1.02827 0.31621 0.148263 0.884566 0.032508 0.016057
threshold=-0.35712666629937123 1.0000000180025095e-35 0.52009536125279188 0.99997358653385171 2.7084533625306269 0.030704408388652342 -1.4142410332700319 0.99998464057730885 -0.19896596795501431 0.070523719957775302 0.99848203964983373 5.5000000000000009 0.040116746032046409 35.500000000000007 1.0096840255646971 -0.59190494759748835 -1.5495903240205633 -1.2112011522043302 -0.021049447026853043 0.48881107490894277 1.807680034835746 4.5000000000000009 0.33409506398537481 2.8042631663768458 -1.2779795127244882 0.69803240498822083 0.99997358653385171 20.500000000000004 50.500000000000007 0.95999526661447587 0.73090858719219942
decision_type=2 2 2 2 2 2 2 2 2 2 2 2 2 2 2 2 2 2 2 2 2 2 2 2 2 2 2 2 2 2 2
left_child=1 9 15 -3 -4 6 -5 -8 29 20 -11 12 -12 -13 16 25 -10 -17 19 -19 27 22 -22 -16 -7 -2 -20 -1 -29 30 -6
right_child=2 3 4 5 8 24 7 -9 14 10 11 13 -14 -15 23 17 -18 18 26 -21 21 -23 -24 -25 -26 -27 -28 28 -30 -31 -32
leaf_value=-0.052008187549116985 -0.035659458864179559 0.052475141733491042 0.052155902210572064 -0.057620664099079011 -0.052995477127198404 0.00575316098733584 -0.00031809740790216407 -0.041545669238290339 0.044047426125028655 0.060757400216370383 -0.026051611473190878 -0.038521962182389236 0.053592284080755052 -0.021346902552659551 0.005746153307765677 -0.033150718034491065 -0.027516811882414196 0.049508524273648692 0.051705519712167448 -0.038079419655911689 0.053609053434004919 -0.052183540554326696 -0.034697149932881984 0.056248149201890335 -0.052092293185158546 0.017957748541997328 0.030636623409503544 -0.051979067220112432 0.0011898495243764168 -0.062751106964980402 -0.058929980946984199
leaf_weight=35.341175474226475 1.6975209340453139 11.795681636780499 10.968263704329727 7.6346145793795577 3.962428783997896 0.8390277735888948 118.99075454846025 11.956976652145384 1.9986298643052602 2.0428636362776151 21.517349582165483 120.52828377112746 7.6098975725471965 108.01359547674656 1.4490958917886008 0.71810548752546211 9.9753383435308915 1.6870402898639434 199.19021664187312 1.138387134298682 1.3952322192490081 5.078931912779808 2.7077538073062897 4.0333534628152847 14.748482655733822 1.8895797878503799 1.7969370391219843 4.8228517882525912 0.93371541798114766 1.6199400573968885 1.6001001149415968
leaf_count=964 23 275 332 77 87 13 901 105 16 24 424 2462 93 2034 26 9 144 33 6464 14 25 129 51 79 407 19 51 132 22 16 17
internal_value=0.000126122 -0.0219939 0.0433231 -0.00674235 0.00603425 -0.0112731 -0.00703208 -0.00408263 -0.0144973 -0.0301594 -0.0268657 -0.0275604 -0.00524354 -0.0304047 0.00279212 0.0497029 -0.0155717 0.0507046 0.0510001 0.0142186 -0.0471721 -0.0309511 -0.00466837 0.0428997 -0.0489787 -0.00741548 0.0515172 -0.0507961 -0.0433551 -0.0565179 -0.0547026
internal_weight=719.682 475.957 243.725 165.966 35.6072 154.17 138.582 130.948 24.6389 309.992 259.712 257.669 29.1272 228.542 17.4564 208.118 11.974 204.531 203.813 2.82543 50.2797 9.18192 4.10299 5.48245 15.5875 3.5871 200.987 41.0977 5.75657 7.18247 5.56253
internal_count=15468 8138 7330 1778 717 1503 1083 1006 385 6360 5037 5013 517 4496 265 6613 160 6571 6562 47 1323 205 76 105 420 42 6515 1118 154 120 104
is_linear=0
shrinkage=0.05


Tree=56
num_leaves=32
num_cat=0
split_feature=12 11 9 12 21 15 21 21 5 16 1 14 15 39 3 30 30 33 11 19 41 41 41 17 12 19 42 34 6 6 2
split_gain=258.223 22.7087 22.3619 12.7647 9.22295 10.9787 10.5008 16.091 7.07409 7.90798 6.8084 5.63424 5.34136 5.67246 5.02837 4.90699 24.3087 4.7353 4.65104 4.60174 6.14228 3.6874 24.4817 3.60079 3.3383 3.15784 2.96242 2.61833 2.39541 2.35304 2.36639
threshold=-0.35712666629937123 0.22561082573212407 0.52009536125279188 2.7084533625306269 0.86589995611931936 2024.5000000000002 -0.96565899408545142 -0.8661426606000272 1.0000000180025095e-35 3.5000000000000004 -0.19896596795501431 -0.56631588720395665 2023.5000000000002 0.10598756003608202 -0.98250468521391932 0.087963434679698707 0.99987956274106693 0.5237366081081295 -0.59190494759748835 52.500000000000007 0.11636049250528759 0.090841377738024379 0.99987853278274375 14.500000000000002 2.7978151630681056 3.5000000000000004 0.99952847873625494 0.0028638883325029512 0.095116822251217661 1.6479895849987456 -1.891142678283581
decision_type=2 2 2 2 2 2 2 2 2 2 2 2 2 2 2 2 2 2 2 2 2 2 2 2 2 2 2 2 2 2 2
left_child=1 8 18 -4 5 6 -3 -8 15 12 -5 25 13 -10 -12 21 -17 29 -2 -11 -21 27 -23 -13 -16 -7 -14 -1 -19 30 -6
right_child=2 4 3 10 17 11 7 -9 9 19 14 23 26 -15 24 16 -18 28 -20 20 -22 22 -24 -25 -26 -27 -28 -29 -30 -31 -32
leaf_value=-0.045862978683232802 -0.0071122477835877471 -0.038726767781776021 0.052051236074883128 -0.056196905237713951 0.01320097993065214 0.017428917075857676 0.092601163694049082 0.0020316819456147012 -0.029547587825385926 -0.039776371535222149 -0.05413844872602374 -0.031261425843918604 0.0072519920876515445 0.07083652964504325 -0.039683884954539818 0.090675882476040914 -0.034280777255933439 0.060413617704932414 0.050581467470383092 -0.0311040991120775 0.086071458255605304 0.10407214049633931 -0.03602481176465671 0.033766338456584742 0.026383241332528857 -0.048579675755256159 -0.053942629005602344 -0.019503206431813132 -0.017735474638263939 0.026799406068122623 -0.049000342852665676
leaf_weight=107.97983863018453 3.5569938719272605 14.910584509372709 10.453785279765723 6.8701684419065741 1.6323354877531624 1.9717811271548296 5.1024147514253846 126.17984071746469 1.8834830150008226 21.62457657977939 3.1716042794287231 3.9353399351239187 6.5356379374861699 5.5661250464618206 2.2853563502430907 4.4905891101807347 29.202847605571151 1.7453124672174447 195.02114734984934 2.8517329022288314 1.8400176130235193 3.2981199547648421 57.206961341202259 4.6374593656510115 11.704585989937184 22.34250277094543 2.8358277939260006 10.321113307029007 2.2378073893487453 1.1916350163519371 24.170758116990328
leaf_count=2713 42 176 332 120 24 20 30 1344 24 459 55 39 85 46 41 43 602 21 6571 48 28 30 1359 55 169 329 45 202 23 14 379
internal_value=0.000128654 -0.0213739 0.0430939 0.0059288 -0.00919362 -0.00483612 0.00103567 0.00555175 -0.0313825 -0.0129219 -0.0141344 -0.030938 0.0138551 0.0454564 0.00270415 -0.03513 -0.0176268 -0.0343839 0.049548 -0.0300374 0.01485 -0.0384282 -0.0283882 0.00391537 0.0155907 -0.0432267 -0.0112656 -0.0435632 0.0165077 -0.0418931 -0.0450654
internal_weight=698.758 465.695 233.064 34.4855 210.058 179.08 146.193 131.282 255.637 43.1374 24.0317 32.8871 16.8211 7.44961 17.1615 212.499 33.6934 30.9778 198.578 26.3163 4.69175 178.806 60.5051 8.5728 13.9899 24.3143 9.37147 118.301 3.98312 26.9947 25.8031
internal_count=15468 8138 7330 717 2454 1993 1550 1374 5684 735 385 443 200 70 265 4949 645 461 6613 535 76 4304 1389 94 210 349 130 2915 44 417 403
is_linear=0
shrinkage=0.05


Tree=57
num_leaves=32
num_cat=0
split_feature=12 11 6 12 3 3 30 37 21 5 3 19 1 11 16 19 19 16 11 3 3 18 14 41 39 34 34 19 15 5 17
split_gain=242.281 21.8705 21.778 16.83 8.79083 28.8249 12.1443 8.65508 9.35346 8.04307 8.74061 7.12818 17.2085 6.90233 6.57156 7.87108 14.8224 5.56185 4.6069 4.02879 3.93818 3.70178 3.53765 3.48157 10.2507 3.38411 6.60495 3.11698 2.70882 2.59735 7.96152
threshold=-0.35712666629937123 0.22561082573212407 0.96301982968341948 2.7084533625306269 -0.77776418905643208 -0.053418694261456616 0.99987956274106693 0.059914955477376637 0.49793170043081414 1.0000000180025095e-35 -0.88095690458803977 3.5000000000000004 0.72548897113381083 -0.70169578523728093 5.5000000000000009 45.500000000000007 35.500000000000007 2.5000000000000004 0.33248056110373786 -0.80036824845176724 -0.95150476682663732 15.500000000000002 -0.56631588720395665 0.23756769146484105 0.12462548390338025 1.0000000180025095e-35 0.99930865958219239 13.500000000000002 2023.5000000000002 1.0000000180025095e-35 1.5000000000000002
decision_type=2 2 2 2 2 2 2 2 2 2 2 2 2 2 2 2 2 2 2 2 2 2 2 2 2 2 2 2 2 2 2
left_child=1 13 3 -2 9 6 22 8 -7 11 17 12 -3 14 15 16 -1 -11 19 -4 -5 27 -6 -16 -25 29 -27 -22 -28 -15 -31
right_child=2 4 18 20 5 7 -8 -9 -10 10 -12 -13 -14 25 23 -17 -18 -19 -20 -21 21 -23 -24 24 -26 26 28 -29 -30 30 -32
leaf_value=-0.018457300482188518 0.051957894022033241 -0.056845592663847339 -0.061001664978325223 -0.057712912218447349 0.12685997104179503 -0.00051724258714320917 -0.027551074991516569 0.10172460757729887 -0.031304372364358395 0.064200178354372292 0.097686333236369965 -0.035341756744014449 0.10572731852883961 -0.043099591393979501 -0.042661416676557706 -0.046819599422708351 0.047409910833497965 -0.02396311717969922 0.050852859134065079 0.033679191071416842 0.038646813412471295 -0.046304257417978487 0.060209695252720755 -0.025492589218977908 0.12688606891903195 0.060019704102381138 0.0026159884941617355 -0.013364092093569811 -0.052481031045615023 0.096743621502414667 -0.031807786261759147
leaf_weight=27.241717323660851 12.917555091902612 3.4527282901108256 1.6703121438622472 5.2450398113578585 5.6429245173931113 82.925820620730519 2.2239609323441973 1.769683215767144 35.11770074814558 2.2397312372922888 2.4741494487971059 57.063379339873791 3.0795813351869583 112.76663069985807 34.172365162521601 10.32135473191738 12.442295720800756 8.887025658041237 183.02666745148599 3.4323006831109515 4.6247763857245463 4.6101931352168313 3.076261503621935 16.793335281312469 1.1813283078372467 2.4950495585799191 3.6088928431272507 7.6381634101271629 5.8420234657824039 1.2845634855330015 19.307773754000664
leaf_count=497 417 43 17 97 45 871 33 13 470 18 26 765 25 3005 783 209 158 101 6511 63 55 76 44 353 6 41 77 94 136 13 406
internal_value=0.000126482 -0.0207877 0.0428059 0.00661173 -0.00883506 -0.000936096 0.076743 -0.00803092 -0.00967635 -0.0222144 0.0126845 -0.0296781 0.0197975 -0.0308323 -0.0208729 -0.00792239 0.00219432 -0.00621652 0.0495464 0.00268594 -0.0198715 -0.0081085 0.103345 -0.0332915 -0.015478 -0.037834 -0.0123391 0.00625101 -0.0314419 -0.0401177 -0.0237887
internal_weight=678.575 455.41 223.165 35.0357 207.953 130.756 10.9431 119.813 118.044 77.1966 13.6009 63.5957 6.53231 247.457 102.152 50.0054 39.684 11.1268 188.129 5.10261 22.1182 16.8731 8.71919 52.147 17.9747 145.305 11.946 12.2629 9.45092 133.359 20.5923
internal_count=15468 8138 7330 739 2454 1476 122 1354 1341 978 145 833 68 5684 2006 864 655 119 6591 80 322 225 89 1142 359 3678 254 149 213 3424 419
is_linear=0
shrinkage=0.05


Tree=58
num_leaves=32
num_cat=0
split_feature=12 5 27 23 11 8 6 20 12 7 15 8 8 19 6 8 2 6 17 23 5 9 11 14 16 19 8 37 3 31 19
split_gain=227.459 21.1708 20.8976 16.1224 13.0048 8.76885 8.40289 7.40481 6.97911 6.88603 6.10247 6.85095 7.13392 5.03215 3.40072 3.1685 2.96234 2.71121 4.42798 2.06642 2.01633 1.87587 1.29341 1.29014 2.14301 2.95002 0.545436 0.368196 0.172234 0.166457 1.17798
threshold=-0.35712666629937123 1.0000000180025095e-35 1.0000000180025095e-35 0.99997358653385171 1.1076223737683561 0.030704408388652342 -1.3741689935902675 -0.92312836023813427 2.7084533625306269 0.070523719957775302 2024.5000000000002 0.23952566800062194 0.7493679806872503 48.500000000000007 1.7843406826142569 0.69076398201545752 -1.2112011522043302 -1.8208645528758693 13.500000000000002 1.0000000180025095e-35 1.0000000180025095e-35 0.88948331573957484 -1.3303204638715262 1.807680034835746 4.5000000000000009 34.500000000000007 0.7493679806872503 0.99964157064671022 1.6349009372629661 0.99997358653385171 49.500000000000007
decision_type=2 2 2 2 2 2 2 2 2 2 2 2 2 2 2 2 2 2 2 2 2 2 2 2 2 2 2 2 2 2 2
left_child=2 4 9 19 8 6 -5 -8 -2 23 11 13 -13 -11 15 -10 -3 18 -12 -4 -19 26 -7 29 25 -25 27 -18 -21 -1 -31
right_child=1 16 3 5 -6 22 7 -9 14 10 17 12 -14 -15 -16 -17 21 20 -20 28 -22 -23 -24 24 -26 -27 -28 -29 -30 30 -32
leaf_value=-0.051773722923568466 0.051956030532809644 -0.033996601793143094 -0.011191613286944199 -0.057050601093759291 0.050232802708119688 0.01816707603316987 -0.037919312763651215 0.00084581512022304352 -0.04035752895151358 -0.040106916536505062 0.087853751488489992 -0.0010210678159206542 -0.025574933141688589 -0.0057794692857272949 0.051402811656491292 0.0091185449660767717 0.051068837649815492 -0.046219559293157353 -0.05258853786768402 0.0523997352743788 -0.019446107898217272 -0.0020760975242389399 -0.051830223751807347 0.036172199576226229 -0.051936094549454907 -0.052639163656752114 0.0047470681429521884 0.025439769902662352 0.075454627873877037 -0.051730585591690526 0.017028459690439868
leaf_weight=31.225330522283912 3.4963460098952082 1.0513920560479153 1.3503753207623947 7.7580793984234324 12.025252016261218 0.69475129619240661 13.846210688352583 111.6783063262701 15.213639851659542 54.263841084204614 1.0685942359268659 58.693018863908947 59.642948504537344 13.290971662849186 1.3802863955497731 4.1102053467184296 172.441217366606 44.104118347167969 1.1820953935384748 10.87911960855126 8.3661921694874746 1.7007387597113837 13.175727397203444 2.2256654985249029 4.5230427496135235 1.6124456934630869 0.64362467266619106 1.4128523636609305 0.87526253610849458 4.4393504709005347 0.72456388548016537
leaf_count=959 111 14 11 84 439 11 115 873 233 1250 24 1055 1197 257 52 56 6347 1077 26 269 151 20 408 40 129 36 14 44 7 139 20
internal_value=0.000125376 0.0425635 -0.0202047 -0.00575616 0.00773382 -0.0104888 -0.00655136 -0.00343024 -0.013384 -0.0283189 -0.0249693 -0.020649 -0.0133966 -0.0333532 -0.0244181 -0.0298339 0.0496818 -0.0396456 0.0140914 0.0473868 -0.0419506 0.0501811 -0.0483242 -0.046329 -0.028618 -0.00113873 0.0506905 0.0508606 0.0541165 -0.0503985 -0.0420828
internal_weight=659.096 213.476 445.62 160.258 36.2257 147.153 133.283 125.525 24.2005 285.362 240.612 185.891 118.336 67.5548 20.7041 19.3238 177.25 54.721 2.25069 13.1048 52.4703 176.198 13.8705 44.7504 8.36115 3.83811 174.498 173.854 11.7544 36.3892 5.16391
internal_count=15468 7330 8138 1778 891 1491 1072 988 452 6360 5037 3759 2252 1507 341 289 6439 1278 50 287 1228 6425 419 1323 205 76 6405 6391 276 1118 159
is_linear=0
shrinkage=0.05


Tree=59
num_leaves=32
num_cat=0
split_feature=12 9 11 12 14 14 15 32 32 0 2 33 5 16 1 30 30 15 39 3 6 19 9 21 41 0 41 42 12 11 1
split_gain=213.394 20.6589 20.0376 11.0708 8.53391 8.96167 8.38227 8.43316 31.2563 7.46758 9.85875 6.91574 6.65892 7.05618 6.2287 5.04008 22.1234 4.75274 4.8578 4.44282 4.39733 4.32615 5.27865 3.86859 5.3098 3.07265 2.98554 2.83837 2.7368 2.52717 2.41291
threshold=-0.35712666629937123 0.52009536125279188 0.22561082573212407 2.7084533625306269 -0.56631588720395665 0.95999526661447587 2024.5000000000002 0.036977046081088767 0.99952847873625494 -0.77605228463019593 -0.068404592829743677 0.0045474381706620002 1.0000000180025095e-35 3.5000000000000004 -0.19896596795501431 0.087963434679698707 0.99987956274106693 2023.5000000000002 0.10598756003608202 -0.98250468521391932 0.013784346928077453 52.500000000000007 0.61979751850447917 0.00010217025362242798 0.23756769146484105 -1.9929504943819831 1.0000000180025095e-35 0.99952847873625494 2.7084533625306269 -0.81854569584705283 1.3790242818493932
decision_type=2 2 2 2 2 2 2 2 2 2 2 2 2 2 2 2 2 2 2 2 2 2 2 2 2 2 2 2 2 2 2
left_child=2 20 12 -3 6 -6 7 11 -9 25 -11 -4 15 17 -5 23 -17 18 -14 -16 28 -15 -23 30 -25 -7 -21 -19 -2 -18 -1
right_child=1 3 4 14 5 9 -8 8 -10 10 -12 -13 13 21 19 16 29 27 -20 26 -22 22 -24 24 -26 -27 -28 -29 -30 -31 -32
leaf_value=-0.046337946089517981 0.0521528798387004 0.051784692551727365 -0.02207203502495389 -0.05574685982704846 0.059008742119101225 0.018990076280114291 -0.038802068858803419 0.10607682678891191 -0.019144509854910622 0.039046978871431541 -0.011299252713564089 0.011456276369790585 -0.027644874329673465 -0.038199761143991651 -0.053611416548882379 0.088964699913427953 -0.0058189352054777805 0.0080791797282971853 0.067557002893151474 -0.010774347353949561 0.050361972731434779 0.057620000242420782 -0.053513941327971729 -0.038456273050476414 -0.011208140173259308 -0.059728417666605804 0.03665066161339732 -0.053668324843842929 -0.033018526332380609 -0.04110984120827834 -0.0048537572131822576
leaf_weight=79.419187590479851 1.4791420605033625 9.0800963081419486 75.589492822065949 6.3127562794834402 7.6072125155478707 1.5455946475267408 28.4022396504879 7.0838716644793776 16.805969677865505 16.449021508917212 23.78205881267786 19.308618497103453 1.7712189387530113 19.934223331511024 2.8745023496449056 4.3942186087369945 6.8099908083677319 6.3642520792782289 5.5031773224473 6.1279606092721171 168.54351261071861 2.8405977692455044 1.712729327380657 51.846161186695099 27.289922710508108 6.2626265939325085 7.2385233622044325 2.6302779205143452 2.6029975824058056 19.886055322363973 3.6670777779072514
leaf_count=2194 43 332 960 120 120 19 443 52 191 146 251 194 24 459 55 43 105 85 46 80 6543 45 31 1376 639 78 130 45 27 497 95
internal_value=0.000126026 0.042313 -0.019597 0.00516723 -0.00809435 0.00858547 -0.0144003 -0.00856582 0.0179864 0.000600743 0.00928549 -0.0152501 -0.0295648 -0.0111981 -0.0136009 -0.0334371 -0.0149953 0.014326 0.0443766 0.00278097 0.04912 -0.0281556 0.0158171 -0.0369715 -0.0290598 -0.0441465 0.0149083 -0.00997769 -0.00215711 -0.0321074 -0.044507
internal_weight=641.165 204.259 436.906 31.6338 202.837 55.6465 147.19 118.788 23.8898 48.0393 40.2311 94.8981 234.069 40.7565 22.5537 193.313 31.0903 16.2689 7.2744 16.241 172.626 24.4876 4.55333 162.222 79.1361 7.80822 13.3665 8.99453 4.08214 26.696 83.0863
internal_count=15468 7330 8138 717 2454 614 1840 1397 243 494 397 1154 5684 735 385 4949 645 200 70 265 6613 535 76 4304 2015 97 210 130 70 602 2289
is_linear=0
shrinkage=0.05


Tree=60
num_leaves=32
num_cat=0
split_feature=12 5 28 25 11 11 45 32 17 12 7 42 42 15 30 0 6 8 2 16 11 9 6 14 16 17 42 11 3 6 27
split_gain=200.289 20.0279 19.1067 24.9281 12.8133 11.8506 8.19102 9.05009 7.98029 6.21678 5.65461 5.68441 15.6035 4.95591 4.38536 3.28574 2.99591 2.9937 2.86649 2.46147 3.64572 1.81302 1.52847 1.35052 2.15188 2.9066 1.10682 0.581038 1.25258 0.289114 0.272366
threshold=-0.35712666629937123 1.0000000180025095e-35 0.99987956274106693 0.0055738787772081086 0.35702712622419647 1.1076223737683561 0.013524168795890636 0.036977046081088767 11.500000000000002 2.7084533625306269 0.070523719957775302 0.10997486868896024 0.99952847873625494 2024.5000000000002 0.056011137644598204 -0.037103858676645791 1.7843406826142569 0.78479328422097094 -1.2112011522043302 6.5000000000000009 -1.3886598023350272 0.88948331573957484 -1.8208645528758693 1.807680034835746 4.5000000000000009 19.500000000000004 0.85844755196682765 0.35702712622419647 -0.048734840289493757 -0.24596186281163587 1.0000000180025095e-35
decision_type=2 2 2 2 2 2 2 2 2 2 2 2 2 2 2 2 2 2 2 2 2 2 2 2 2 2 2 2 2 2 2
left_child=2 5 3 4 19 9 7 -6 -8 -2 23 13 -13 14 -12 -14 17 -11 -3 -1 -21 27 -15 -4 25 -25 30 28 -20 -29 -5
right_child=1 18 10 26 6 -7 8 -9 -10 16 11 12 15 22 -16 -17 -18 -19 21 20 -22 -23 -24 24 -26 -27 -28 29 -30 -31 -32
leaf_value=-0.051418283633601271 0.051767250673600822 -0.033791018001007311 -0.050103699034644178 0.070310307514514586 -0.015095197547996401 0.049977925372139458 -0.039632077301481945 0.01971463556184359 0.053463475229914542 -0.037826477663511417 -0.027558424623918071 0.084150148555081503 -0.0020204376194672955 0.00085999229594419804 -0.0042586221892146293 -0.053157824922108965 0.05126707813054461 0.014939078827202296 0.0059132479482248163 0.084244228534503807 -0.030092798292007963 -0.0021252896313617249 -0.045408643525578003 -0.052416852223459542 -0.051769974468567174 0.037458274265728037 0.11199166943055655 0.026482633383375687 0.051955866478970637 0.051276304479817174 0.052306427844697224
leaf_weight=18.213217543438077 3.1768642235547331 1.0292799491435278 32.976095322519541 2.7761282306164476 110.39323290251195 10.957592444494365 2.9811605289578429 22.473001211881638 10.104139385744928 15.365437602624302 108.58807627484202 4.3476437292993078 6.7935602627694616 1.8721382357180107 24.808706106618047 5.8427983224391928 1.2533429414033879 3.2581044845283023 2.2754319962114096 0.72421554476022976 18.681313421577215 1.6562546975910653 38.321141812950373 1.525574836879968 4.1587161477655172 2.1923862732946873 0.98257765173912126 1.1850007940083731 4.21048605069518 151.17099752090871 8.6339905411005002
leaf_count=486 111 14 1103 25 1039 439 25 184 90 245 2526 31 129 42 411 116 52 44 53 12 496 20 987 37 129 39 8 41 100 6211 223
internal_value=0.000125179 0.0420407 -0.019052 -0.00756326 -0.0121968 0.00716829 -0.00549023 -0.00920746 0.032254 -0.0131794 -0.0287801 -0.0251615 0.00244574 -0.0278626 -0.0232252 -0.0256653 -0.0235596 -0.0285954 0.0493835 -0.0382164 -0.0258257 0.0499169 -0.0432535 -0.0456606 -0.0270596 0.000580204 0.0610718 0.0504595 0.0358029 0.0510835 0.0566868
internal_weight=622.929 195.539 427.39 195.963 183.57 34.0113 145.952 132.866 13.0853 23.0537 231.427 190.574 16.984 173.59 133.397 12.6364 19.8769 18.6235 161.527 37.6187 19.4055 160.498 40.1933 40.8528 7.87668 3.71796 12.3927 158.842 6.48592 152.356 11.4101
internal_count=15468 7330 8138 2588 2332 891 1338 1223 115 452 5550 4242 276 3966 2937 245 341 289 6439 994 508 6425 1029 1308 205 76 256 6405 153 6252 248
is_linear=0
shrinkage=0.05


Tree=61
num_leaves=32
num_cat=0
split_feature=12 8 11 41 21 15 21 21 12 11 16 19 19 14 7 33 3 41 39 34 34 16 19 15 2 5 17 9 6 2 6
split_gain=188.019 19.5281 18.3342 14.85 8.07322 8.97261 9.35676 13.9838 6.80354 6.53407 6.18333 7.47821 12.676 5.35253 4.81891 4.55894 4.27284 3.56177 9.23545 3.38641 5.73885 3.31495 3.16382 2.85643 2.74497 2.57567 6.81112 2.38732 2.34229 2.38328 2.21349
threshold=-0.35712666629937123 0.081334345426088889 0.22561082573212407 1.0000000180025095e-35 0.86589995611931936 2024.5000000000002 -0.96565899408545142 -0.8661426606000272 2.7084533625306269 -0.70169578523728093 5.5000000000000009 45.500000000000007 35.500000000000007 -0.56631588720395665 1.0000000180025095e-35 0.5237366081081295 -1.0085505036924565 0.23756769146484105 0.12462548390338025 1.0000000180025095e-35 0.99930865958219239 4.5000000000000009 3.5000000000000004 2023.5000000000002 -0.80326585415590623 1.0000000180025095e-35 1.5000000000000002 0.88948331573957484 1.6479895849987456 -1.891142678283581 0.095116822251217661
decision_type=2 2 2 2 2 2 2 2 2 2 2 2 2 2 2 2 2 2 2 2 2 2 2 2 2 2 2 2 2 2 2
left_child=2 27 9 8 5 6 -4 -8 -3 10 11 12 -1 22 -5 28 -16 -12 -19 25 -21 -15 -7 -22 -18 -11 -27 -2 29 -6 -17
right_child=1 3 4 14 15 13 7 -9 -10 19 17 -13 -14 21 16 30 24 18 -20 20 23 -23 -24 -25 -26 26 -28 -29 -30 -31 -32
leaf_value=-0.015590058301811495 0.051015836304158714 0.051744002206338624 -0.03687731428030077 -0.056996411241989037 0.016238290746927213 0.020451165406628488 0.089000269025451384 0.0029359438463499882 -0.04355889093062925 -0.041506012662008339 -0.041267545650330507 -0.045806866626124335 0.046838845923630627 -0.044729205762367816 -0.020374604910559868 0.060103684551105346 -0.023346044308081654 -0.022867545333339272 0.1215103620658131 0.059766260278997667 0.0076116306644145142 0.026279324758922445 -0.047132901364898616 -0.052137194620498296 0.051382228451667011 0.086635149657018171 -0.029693426449728656 0.00012290760762616372 0.029254340721197043 -0.047966372520759928 -0.015861042154258275
leaf_weight=25.180500116199255 144.84194047190249 2.2038177009671918 13.940456310287116 1.3750715181231523 1.5487810615450239 1.8978922739625037 4.9114759713411322 120.89853272028267 12.463039509952067 97.81164930947125 30.517580777406693 9.1868726052343828 12.008996730670331 2.2851952090859395 2.6677801124751594 1.7363095097243779 1.3097816705703795 15.419857876375319 1.1933556608855713 2.3706375863403055 3.3206502124667168 5.8540909364819527 19.770471068099141 5.0309798661619425 19.894170744344589 1.3567702397704149 17.338367709890008 2.3415357097983351 1.1556648947298516 21.649116717278957 2.1418845728039742
leaf_count=497 6249 85 176 19 24 20 30 1344 221 3005 783 209 158 27 63 21 23 353 6 41 77 67 329 136 639 13 406 31 14 379 23
internal_value=0.000126781 0.0417942 -0.0185002 0.0107747 -0.00744476 -0.00332282 0.00198917 0.00629579 -0.0292388 -0.0284063 -0.0183718 -0.00541008 0.00456909 -0.0282276 0.0340201 -0.0322008 0.0392629 -0.031126 -0.0124966 -0.0357812 -0.00889191 0.00634289 -0.0412133 -0.0283808 0.0467662 -0.0382558 -0.0212511 0.0502062 -0.0402188 -0.0436798 0.0181492
internal_weight=605.623 187.097 418.526 39.9137 197.79 169.558 139.75 125.81 14.6669 220.736 93.5072 46.3764 37.1895 29.8076 25.2468 28.2318 23.8717 47.1308 16.6132 127.229 10.7223 8.13929 21.6684 8.35163 21.204 116.507 18.6951 147.183 24.3536 23.1979 3.87819
internal_count=15468 7330 8138 1050 2454 1993 1550 1374 306 5684 2006 864 655 443 744 461 725 1142 359 3678 254 94 349 213 662 3424 419 6280 417 403 44
is_linear=0
shrinkage=0.05


Tree=62
num_leaves=32
num_cat=0
split_feature=12 8 28 25 41 11 6 32 12 7 21 18 8 0 12 16 18 9 13 17 6 6 11 14 16 2 7 0 42 0 37
split_gain=176.394 18.965 17.5529 22.9487 13.8326 11.6897 7.66148 7.08456 6.35896 5.56774 5.66972 11.1196 6.81619 4.29888 4.78766 2.54387 3.10552 2.37856 2.13008 1.55574 4.22403 2.19311 1.42556 1.41448 2.15703 3.01046 1.19579 1.08993 0.894436 0.852186 0.394741
threshold=-0.35712666629937123 0.081334345426088889 0.99987956274106693 0.0055738787772081086 1.0000000180025095e-35 0.35702712622419647 -1.4142410332700319 0.036977046081088767 2.7084533625306269 0.070523719957775302 0.96464905988311467 1.5000000000000002 0.23952566800062194 0.092226896359795113 2.7084533625306269 6.5000000000000009 9.5000000000000018 0.88948331573957484 2.1353477288733931 25.500000000000004 -0.56029619568776845 -0.2137623894562268 -0.93282946673459732 1.807680034835746 4.5000000000000009 -0.31583024450385516 1.5960368782137244 1.305255698704578 0.88388017670779551 -1.6935385884728598 0.99964157064671022
decision_type=2 2 2 2 2 2 2 2 2 2 2 2 2 2 2 2 2 2 2 2 2 2 2 2 2 2 2 2 2 2 2
left_child=2 17 3 5 8 15 -7 -8 -3 23 11 -11 -13 14 -6 -1 -17 30 -16 20 -15 -21 -10 -4 25 -25 -24 29 -5 -12 -2
right_child=1 4 9 28 13 6 7 -9 22 10 27 12 -14 19 18 16 -18 -19 -20 21 -22 -23 26 24 -26 -27 -28 -29 -30 -31 -32
leaf_value=-0.051127835828045989 0.05118367167713981 0.051659744166998901 -0.04983560057236653 0.05636804596808051 0.051800308904342909 -0.055693305775395253 -0.007450634454878766 0.023091947442490379 -0.0021394599699216528 0.13663828744096485 -0.0070482455180209793 -0.034236921726805689 -0.013161454377059885 -0.049001235252501545 -0.067779644696728661 -0.0013764235014477417 -0.042673457919700411 0.00011675399452626769 0.0048470691308711124 0.13586486447170151 0.047413494087559543 0.048495195174080186 -0.058488161656388586 -0.05274320278531093 -0.051627807500582726 0.040174120051719699 -0.016122110695033689 0.0095197787506997728 0.10749189152922256 -0.052243381415158274 0.022237123752416085
leaf_weight=16.871970016509295 136.80449922569096 2.0996691435575476 30.319307442754507 10.985648876987394 2.627319015562537 7.0838522855192414 114.03796481713653 22.778823342174292 1.8461301382631052 1.1155781112611283 1.1000827830284894 64.870743972249329 93.89122418500483 1.2418197263032222 2.2214617896825075 8.217003285884859 10.207447741180657 2.3417003806680432 1.8506416231393812 1.0754324253648522 13.331779446452854 2.1626270059496155 8.1801722291856986 1.4732163064181807 3.8327082321047783 2.1350978743284932 2.091379188001155 0.8009246252477159 0.92779979109764177 20.106535378843546 1.1879928037524212
leaf_count=486 6207 85 1103 249 91 90 1062 186 22 6 26 1643 2037 20 31 219 289 31 35 18 478 71 161 32 129 44 38 18 7 512 42
internal_value=0.000124767 0.0415382 -0.0179288 -0.006848 0.0105633 -0.0113155 -0.00499074 -0.00236556 -0.0286722 -0.02757 -0.0239429 -0.0206676 -0.021773 0.0333213 -0.000821528 -0.0371008 -0.0242557 0.0500865 -0.0347731 0.0461634 0.039198 0.0775126 -0.0425915 -0.0450415 -0.0255074 0.00223748 -0.0498621 -0.0477365 0.0603495 -0.0498989 0.0509345
internal_weight=589.819 179.063 410.756 191.111 38.7284 179.197 143.901 136.817 14.2174 219.645 181.885 159.878 158.762 24.5111 6.69942 35.2964 18.4245 140.334 4.0721 17.8117 14.5736 3.23806 12.1177 37.7603 7.44102 3.60831 10.2716 22.0075 11.9134 21.2066 137.992
internal_count=15468 7330 8138 2588 1050 2332 1338 1248 306 5550 4242 3686 3680 744 157 994 508 6280 66 587 498 89 221 1308 205 76 199 556 256 538 6249
is_linear=0
shrinkage=0.05


Tree=63
num_leaves=32
num_cat=0
split_feature=12 9 11 12 3 3 30 1 16 16 32 6 1 11 16 15 19 1 11 2 11 3 18 21 17 34 34 28 45 18 6
split_gain=165.581 18.4237 16.7114 9.16243 7.88368 24.3761 9.77523 8.31178 7.4642 7.14249 9.52353 6.71178 6.6886 6.27034 6.02074 7.13699 6.57621 5.41311 4.95126 6.03356 4.00609 3.83061 3.47224 4.77987 3.30631 3.16605 5.12519 3.0511 2.9215 2.84976 2.84891
threshold=-0.35712666629937123 0.52009536125279188 0.22561082573212407 2.7084533625306269 -0.77776418905643208 -0.053418694261456616 0.99987956274106693 1.2882647970327554 4.5000000000000009 2.5000000000000004 0.036977046081088767 0.068587367226213808 0.72548897113381083 -0.70169578523728093 5.5000000000000009 2024.5000000000002 45.500000000000007 -0.19896596795501431 0.73611252443636099 -0.39624767070707995 -0.59190494759748835 0.97959940651616406 3.5000000000000004 0.86589995611931936 10.500000000000002 1.0000000180025095e-35 0.99930865958219239 0.99987956274106693 0.0088291433858678232 4.5000000000000009 -1.3741689935902675
decision_type=2 2 2 2 2 2 2 2 2 2 2 2 2 2 2 2 2 2 2 2 2 2 2 2 2 2 2 2 2 2 2
left_child=2 20 13 -3 9 6 -6 8 -7 10 -4 -9 -12 14 15 16 -1 -5 19 -11 -2 24 23 -16 -19 -15 -27 -24 -20 -28 -17
right_child=1 3 4 17 5 7 -8 11 -10 18 12 -13 -14 25 22 30 -18 21 28 -21 -22 -23 27 -25 -26 26 29 -29 -30 -31 -32
leaf_value=0.01695297003305998 -0.0078918941988169213 0.051482230531716272 -0.028019838629827404 -0.055012269389944517 0.098895896420598553 -0.030813524501608805 -0.024072102267271914 -0.0084026864056842236 -0.0011819539937207206 0.061590375185165691 0.018523821656291104 0.085644424322687998 0.12173559762740847 -0.037191162097263655 0.053121649944135041 0.037399175797334233 -0.042389407168664607 -0.062855957238804813 -0.040186964618243545 -0.044430158803739371 0.049836141710388415 0.037900008379639222 0.032585063101897897 -0.026080890239205526 0.0021279415515157558 0.058798813994236358 0.026822608333125171 -0.040290206314804865 -0.012895845744715338 -0.043695698926130476 -0.046835309839206078
leaf_weight=28.281705660745502 3.0712308920919886 7.5485053993761566 7.5625773072242719 5.570168871432549 8.2253207676112634 29.576793383806944 2.0113563537597647 3.3856471534818402 75.513936184346676 3.1822475418448448 4.7505245376378298 4.3148047458380461 2.3443285934627056 108.91209096089005 2.7010614797472936 1.1124963592737902 5.5916252061724654 2.6798832472413725 37.499751219525933 2.3204809986054888 139.9875218346715 5.1030672267079344 1.4991448558866967 6.4628752544522285 7.260030435398221 2.2388895312324149 1.8803641796112058 34.246325016021729 13.278623335063456 6.0172753557562828 10.271699320524929
leaf_count=445 42 332 116 120 89 390 33 38 877 52 45 49 17 3424 52 26 126 41 406 59 6571 93 31 151 131 41 39 908 283 174 267
internal_value=0.000125296 0.0413198 -0.0173689 0.00435325 -0.00679683 0.000857563 0.0747345 -0.00584734 -0.00952148 -0.0200717 0.0110172 0.0442949 0.0526277 -0.0271704 -0.0172242 -0.00435372 0.00715705 -0.0129053 -0.0281683 0.0168819 0.0485968 0.00268621 -0.0301944 -0.00273602 -0.0153923 -0.0347036 -0.00797598 -0.0372339 -0.0330503 -0.0269059 -0.0386037
internal_weight=574.402 171.22 403.182 28.1617 193.966 123.028 10.2367 112.791 105.091 70.9385 14.6574 7.70045 7.09485 209.216 90.1669 45.2575 33.8733 20.6131 56.2811 5.50273 143.059 15.043 44.9094 9.16394 9.93991 119.049 10.1365 35.7455 50.7784 7.89764 11.3842
internal_count=15468 7330 8138 717 2454 1476 122 1354 1267 978 178 87 62 5684 2006 864 571 385 800 111 6613 265 1142 203 172 3678 254 939 689 213 293
is_linear=0
shrinkage=0.05


Tree=64
num_leaves=32
num_cat=0
split_feature=12 5 28 25 11 11 6 45 7 21 18 8 12 2 16 11 3 2 9 14 16 19 0 0 42 11 3 6 18 18 18
split_gain=155.2 18.1912 16.0225 21.1598 10.817 9.92368 7.22059 6.25877 5.50459 5.65605 9.93022 6.53302 5.01807 2.61958 2.61521 3.22296 2.50322 2.86073 1.65381 1.4788 2.14533 2.92853 1.1771 0.87281 0.79042 0.569961 1.14596 0.322778 0.262657 0.231048 0.217157
threshold=-0.35712666629937123 1.0000000180025095e-35 0.99987956274106693 0.0055738787772081086 0.35702712622419647 1.1076223737683561 -1.4142410332700319 0.013524168795890636 0.070523719957775302 0.96464905988311467 1.5000000000000002 0.23952566800062194 2.7084533625306269 -1.2112011522043302 6.5000000000000009 -1.3886598023350272 -0.95150476682663732 0.11592431329632792 0.88948331573957484 1.807680034835746 4.5000000000000009 34.500000000000007 1.3260016107768759 -1.6935385884728598 0.85844755196682765 0.35702712622419647 -0.048734840289493757 -0.24596186281163587 6.5000000000000009 1.5000000000000002 20.500000000000004
decision_type=2 2 2 2 2 2 2 2 2 2 2 2 2 2 2 2 2 2 2 2 2 2 2 2 2 2 2 2 2 2 2
left_child=2 5 3 4 14 12 -6 -8 19 10 -10 -12 -2 -3 -1 -16 28 -18 25 30 21 -21 23 -11 -5 26 -15 -27 -14 -7 -4
right_child=1 13 8 24 6 29 7 -9 9 22 11 -13 16 18 15 -17 17 -19 -20 20 -22 -23 -24 -25 -26 27 -28 -29 -30 -31 -32
leaf_value=-0.050955241302252686 0.051471553233523142 -0.032640551224192224 -0.051357257518402727 0.05607753813231045 -0.055223611620156501 0.010142734487790007 -0.0053991777809661041 0.031362068749704361 0.12766150155781456 -0.0056285138306153178 -0.033085314386713936 -0.011999768394474003 -0.032486983213964406 0.0044149663560989058 0.078075021824413823 -0.027409966459858701 -0.035902551185122998 0.010257409240443745 -0.0023932625840577758 0.040824758149508415 -0.051492094549464511 -0.052344706751671105 0.014653795827289817 -0.052089381707667415 0.10451723435630117 0.022964112051072863 0.051414461483470286 0.051037175805709614 -0.059340682080992226 0.051150203440968482 -0.038681786476621516
leaf_weight=15.672543112188576 2.6453895848244491 0.97752571664750476 24.013395927846435 10.438033703714606 6.6662449445575467 0.35752501524984737 122.23720271699131 12.789854353293775 1.1395520232617844 1.0682972390204728 61.481494662351906 91.268544502556324 1.2073868755251229 2.0222725421190262 0.75660841912031429 16.867065995931625 6.2356873862445301 7.269435366615653 1.5172068364918221 2.1158069409430023 3.5282980967313051 1.4024858158081768 0.73952889442443748 18.796628557145596 0.91607121005654413 1.0323893073946226 3.6160030979663125 124.75217919610441 3.7042363751679659 8.7508152239024621 3.9323009531944981
leaf_count=486 111 14 952 248 90 12 1133 115 6 26 1643 2037 34 53 12 496 107 123 20 40 129 36 17 513 8 41 100 6211 77 427 151
internal_value=0.000123354 0.0410088 -0.0168254 -0.0061594 -0.0104512 0.0059345 -0.00442504 -0.00191713 -0.0263131 -0.0226835 -0.0193896 -0.0204866 -0.012923 0.0489108 -0.0360957 -0.0228814 -0.0221726 -0.0110559 0.0495104 -0.0444122 -0.0239428 0.00368491 -0.047285 -0.0495908 0.0599857 0.0501096 0.0345572 0.0508068 -0.0527394 0.0495406 -0.0495737
internal_weight=559.918 164.088 395.83 186.344 174.99 30.1705 141.693 135.027 209.486 174.494 153.89 152.75 21.0621 133.918 33.2962 17.6237 18.4167 13.5051 132.94 34.9923 7.04659 3.51829 20.6045 19.8649 11.3541 131.423 5.63828 125.785 4.91162 9.10834 27.9457
internal_count=15468 7330 8138 2588 2332 891 1338 1248 5550 4242 3686 3680 452 6439 994 508 341 230 6425 1308 205 76 556 539 256 6405 153 6252 111 439 1103
is_linear=0
shrinkage=0.05


Tree=65
num_leaves=32
num_cat=0
split_feature=12 8 11 41 14 14 15 34 34 16 0 2 5 16 12 30 30 2 6 21 31 7 17 7 3 0 1 11 2 19 9
split_gain=145.548 17.9048 15.1036 12.2524 7.38659 7.29055 7.21597 7.25206 22.4638 8.23138 6.76208 8.86305 6.02927 6.10384 5.47221 5.20586 19.3105 4.31739 4.62699 4.29176 5.87839 4.20934 3.97988 4.24011 3.93955 2.9753 2.64897 2.44045 2.42092 2.23458 2.12205
threshold=-0.35712666629937123 0.081334345426088889 0.22561082573212407 1.0000000180025095e-35 -0.56631588720395665 0.95999526661447587 2024.5000000000002 0.0028638883325029512 0.99930865958219239 2.5000000000000004 -0.77605228463019593 -0.068404592829743677 1.0000000180025095e-35 3.5000000000000004 2.7084533625306269 0.087963434679698707 0.99987956274106693 -0.7344413925206591 1.0366269560608656 0.00010217025362242798 0.23997977661736383 1.0000000180025095e-35 2.5000000000000004 1.1702044121193753 -1.0085505036924565 -1.9929504943819831 1.3790242818493932 -0.81854569584705283 -0.52140911915100208 3.5000000000000004 0.88948331573957484
decision_type=2 2 2 2 2 2 2 2 2 2 2 2 2 2 2 2 2 2 2 2 2 2 2 2 2 2 2 2 2 2 2
left_child=2 30 12 14 6 -6 7 9 -9 -4 25 -12 15 17 -3 19 -17 -14 -19 26 -21 -5 -15 -24 -23 -7 -1 -18 -26 -8 -2
right_child=1 3 4 21 5 10 29 8 -10 -11 11 -13 13 22 -16 16 27 18 -20 20 -22 24 23 -25 28 -27 -28 -29 -30 -31 -32
leaf_value=-0.04492679804888472 0.050741656537219237 0.051449164897759948 0.020381680079911438 -0.056343105932332542 0.058378571264812988 0.021241479332593027 0.01277542926692036 0.11283745384494902 -0.017470607399914097 -0.018389045743361792 0.039425284253605496 -0.009273069541769029 -0.054388384823233077 0.035319644959619804 -0.041709597210370562 0.08814056268576298 -0.0016738669717643519 0.038107628131036277 -0.053715556165245849 -0.031213720138651781 0.010232833100867382 -0.021725785133938084 -0.03884132028874606 0.058235017619397214 -0.0066164383284362596 -0.058835479013768489 0.0015855973934310293 -0.038291185835740635 0.051718852641602475 -0.040921819459444425 0.0019343586191553051
leaf_weight=65.673172762617469 119.49131228029728 1.8306674696505059 16.477299686521292 1.2685043103992963 6.7269909093156448 1.4619192741811273 2.1144196316599873 4.9384477585554096 10.013643499463797 80.931033024564385 15.935445150360463 22.585211902856827 1.8522712048143137 2.4403924196958569 11.347656672820447 4.2305535860359695 6.2850426025688675 11.521709097549317 1.5573784839361895 56.921281855553389 10.068236943334339 2.4786139372736242 17.445545647293333 1.2023637779057015 1.9940960202366174 5.6166875027120104 3.2107759770005933 16.485404865816236 16.450779736042019 23.149604953825474 2.2693250477313986
leaf_count=2194 6249 85 196 19 120 19 26 32 110 1059 146 251 30 37 221 43 105 142 28 1735 280 63 479 19 49 78 95 497 613 417 31
internal_value=0.000124111 0.0407352 -0.0162867 0.00941978 -0.00620315 0.00978725 -0.0122829 -0.00685394 0.0255682 -0.0118307 0.00261886 0.0108727 -0.0259168 -0.00740504 -0.0287684 -0.0300107 -0.00995825 0.0170559 0.0271739 -0.0339955 -0.0249845 0.0320972 -0.0247244 -0.0325821 0.0374589 -0.0422975 -0.0427588 -0.0281842 0.0454122 -0.0364277 0.049832
internal_weight=545.976 157.131 388.845 35.3703 189.951 52.3263 137.624 112.36 14.9521 97.4083 45.5993 38.5207 198.894 36.0197 13.1783 162.874 27.001 14.9314 13.0791 135.873 66.9895 22.192 21.0883 18.6479 20.9235 7.07861 68.8839 22.7704 18.4449 25.264 121.761
internal_count=15468 7330 8138 1050 2454 614 1840 1397 142 1255 494 397 5684 735 306 4949 645 200 170 4304 2015 744 535 498 725 97 2289 602 662 443 6280
is_linear=0
shrinkage=0.05


Tree=66
num_leaves=32
num_cat=0
split_feature=12 8 28 25 41 11 6 21 21 18 21 21 30 12 0 12 16 18 9 13 11 17 6 6 11 2 7 0 42 27 9
split_gain=136.585 17.3972 14.3753 19.3705 11.392 9.80511 6.80846 5.88778 5.47933 9.48729 6.07446 11.9889 8.2186 5.11129 3.71477 4.17128 2.67918 3.17567 2.12452 1.9264 1.59643 1.50977 3.92593 1.91771 1.45119 1.36267 1.16475 0.931807 0.676651 0.178006 0.0864119
threshold=-0.35712666629937123 0.081334345426088889 0.99987956274106693 0.0055738787772081086 1.0000000180025095e-35 0.35702712622419647 -1.4142410332700319 0.86589995611931936 0.96464905988311467 1.5000000000000002 0.51839985752499429 0.70406766269611465 0.052570799669467767 2.7084533625306269 0.092226896359795113 2.7084533625306269 6.5000000000000009 9.5000000000000018 0.88948331573957484 2.1353477288733931 -1.6494071202781126 25.500000000000004 -0.56029619568776845 -0.2137623894562268 -0.93282946673459732 1.4878074415044553 1.5960368782137244 -1.7696945381782132 0.88388017670779551 1.0000000180025095e-35 0.60556479142540864
decision_type=2 2 2 2 2 2 2 2 2 2 2 2 2 2 2 2 2 2 2 2 2 2 2 2 2 2 2 2 2 2 2
left_child=2 18 3 5 13 16 -7 -8 9 -4 12 -12 -11 -3 15 -6 30 -18 20 -17 -2 22 -16 -23 -15 27 -26 -10 29 -5 -1
right_child=1 4 8 28 14 6 7 -9 25 10 11 -13 -14 24 21 19 17 -19 -20 -21 -22 23 -24 -25 26 -27 -28 -29 -30 -31 -32
leaf_value=-0.03888927643667589 -0.065202914271761128 0.051379116506565438 0.12083264259742908 0.067521147078349095 0.051589656921858511 -0.054835691405392309 0.002354203490256882 -0.029374293599041635 -0.0027420871282997257 -0.033504235697899391 0.10639268481207267 -0.012202601664173042 -0.0019713195503276606 0.00086170299733306487 -0.049265477504321573 -0.066962761080772051 0.0023139543954931352 -0.041320885836748138 0.0018355584838160818 0.0047392806045645323 0.050970036105354111 0.13258101073248671 0.045887303004270429 0.046928141301507895 -0.057812121538560836 0.023212188181938362 -0.014467559901892255 -0.051890931307985222 0.10189169663415215 0.052010721304801277 -0.051919419079836208
leaf_weight=1.4086269289255167 0.29649113863706489 1.7436990253627289 1.1545983925461758 2.4714204687625134 2.275938522070649 6.2955287322401992 116.5849399426952 16.718232706189156 1.0087613426148951 113.19670080579817 2.2725553959608069 34.214113719761372 25.278266749344766 1.7622253261506546 1.197056084871291 2.0448578856885438 7.6864628661423948 9.1137088108807784 2.2718347683548918 1.7286324035376308 113.52949440479279 1.0088046416640284 11.480310983955858 1.8553953859955061 7.3172639030963165 0.65873128175735374 1.9664077721536157 21.909601839259267 0.87108290940523225 7.3545252867043018 13.154351344332097
leaf_count=45 2 85 6 25 91 90 1033 215 26 3367 17 914 529 22 20 31 219 289 31 35 6247 18 478 71 161 17 38 674 7 224 441
internal_value=0.000122522 0.0404603 -0.0157944 -0.00561627 0.00921904 -0.00970034 -0.00402469 -0.00162503 -0.0250534 -0.022023 -0.0229657 -0.00481595 -0.027748 -0.0281766 0.0313707 -0.00187158 -0.0349629 -0.0213569 0.0497119 -0.0341161 0.0506674 0.0443099 0.0369025 0.0770961 -0.0407352 -0.0476897 -0.0486312 -0.0497276 0.0596561 0.0559119 -0.0506591
internal_weight=531.831 150.478 381.352 181.659 34.3806 170.962 139.599 133.303 199.693 176.116 174.962 36.4867 138.475 12.7896 21.591 6.04943 31.3631 16.8002 116.098 3.77349 113.826 15.5416 12.6774 2.8642 11.0459 23.5771 9.28367 22.9184 10.697 9.82595 14.563
internal_count=15468 7330 8138 2588 1050 2332 1338 1248 5550 4833 4827 931 3896 306 744 157 994 508 6280 66 6249 587 498 89 221 717 199 700 256 249 486
is_linear=0
shrinkage=0.05


Tree=67
num_leaves=32
num_cat=0
split_feature=11 5 3 3 37 32 42 43 45 6 16 13 19 6 9 17 0 32 18 21 8 1 11 11 17 39 12 4 8 8 13
split_gain=128.523 26.8322 12.6657 29.0255 15.0227 15.2321 12.369 20.4103 10.753 10.0253 9.70594 6.43852 4.95622 4.37366 4.30592 4.11691 12.6845 12.7419 3.64663 11.4324 2.96557 2.53666 2.23635 2.10364 1.9741 1.50175 1.2418 0.991881 0.929607 0.591731 0.229198
threshold=1.1076223737683561 1.0000000180025095e-35 -0.77776418905643208 -0.21112526353945418 0.059914955477376637 0.0094401897994376167 0.99952847873625494 0.9998864808908724 0.99987853278274375 1.6479895849987456 2.5000000000000004 -0.47000739274664111 54.500000000000007 1.6353504179963794 0.77892586963723043 2.5000000000000004 0.44126868551507764 0.99952847873625494 4.5000000000000009 0.86589995611931936 0.41773638089260118 1.2046971257430583 0.036682609092983813 1.0232879420931682 3.5000000000000004 0.99987949765743289 -0.35712666629937123 1.0000000180025095e-35 0.12603727263858433 0.65679368533174232 -0.41370247831213819
decision_type=2 2 2 2 2 2 2 2 2 2 2 2 2 2 2 2 2 2 2 2 2 2 2 2 2 2 2 2 2 2 2
left_child=1 2 15 23 5 -5 7 8 26 12 -11 -10 25 22 -14 16 27 -18 19 -17 30 -20 -9 29 -15 -8 -3 -1 -12 -4 -2
right_child=20 6 3 4 -6 -7 9 13 11 10 28 -13 14 24 -16 18 17 -19 21 -21 -22 -23 -24 -25 -26 -27 -28 -29 -30 -31 -32
leaf_value=-0.05317080627682691 0.014728024434810897 0.072927356619123099 0.056756532105712569 -0.018008824516164919 0.10412241730271775 0.095258245356630702 -0.019830118430100574 -0.037966972444629765 -0.0097982809544824093 0.29999264269848885 0.050888146295965359 0.064084073948156975 0.098593138975198391 0.13621729283013656 -0.023662697810467273 0.016666845166664251 -0.0029682112181502701 0.19337286449920293 -0.04018027575699086 -0.052330211568960887 -0.044451332262364786 -0.0098557943855460701 -0.0031696389867536985 0.13031245272304143 0.024640090742294268 -0.047095185906229159 0.051274537348981922 0.0079980840105602115 -0.037346128507733403 0.095271173487656541 0.050916916379710145
leaf_weight=4.8347381595522148 0.43940409738570352 14.856788161210716 2.6457648789510122 184.09644099697471 2.6313875056803218 3.016832427121698 8.7859168574214053 11.24177166819573 10.845841770991681 0.41707161441445295 1.5772407595068214 4.0498853763565412 1.3722008615732186 0.49782616272568647 1.5158314909785984 12.646682459861042 2.0176445599645376 1.3994892537593844 89.187134262174368 11.429516699165104 0.82438469119369884 7.474227935075759 7.8355876300483933 2.3404481671750546 1.9461715202778576 11.878369374200702 11.945776368491352 0.76800899207591999 0.36820098571479309 1.6005774475634096 102.1318457275629
leaf_count=130 14 153 56 3975 21 41 178 243 133 4 92 128 22 16 19 307 43 21 2338 327 23 154 184 19 93 226 566 15 13 11 5903
internal_value=0.0001227 -0.012298 -0.0189433 -0.0109323 -0.0145142 -0.0161826 0.012013 0.0239381 0.0443482 -0.0170786 0.0811129 0.010289 -0.0269281 -0.0156071 0.0344251 -0.0310645 0.00151999 0.0774434 -0.0334987 -0.0160876 0.0500027 -0.0378355 -0.0236748 0.0922517 0.0473676 -0.0355028 0.0632768 -0.0447859 0.0341886 0.0712739 0.0507619
internal_weight=518.619 415.223 326.089 196.331 189.745 187.113 89.1345 63.2196 41.6983 25.9148 2.36251 14.8957 23.5523 21.5214 2.88803 129.757 9.01988 3.41713 120.738 24.0762 103.396 96.6614 19.0774 6.58679 2.444 20.6643 26.8026 5.60275 1.94544 4.24634 102.571
internal_count=15468 9528 7458 4123 4037 4016 2070 1516 980 554 109 261 445 536 41 3335 209 64 3126 634 5940 2492 427 86 109 404 719 145 105 67 5917
is_linear=0
shrinkage=0.05


Tree=68
num_leaves=32
num_cat=0
split_feature=11 5 3 3 37 32 42 43 45 6 16 13 19 6 17 0 32 9 31 31 13 1 7 17 11 39 11 4 8 8 8
split_gain=121.408 24.7012 12.0306 26.7378 13.8229 14.0802 11.4863 19.0016 10.4732 9.08284 6.32098 5.87621 4.57655 4.0471 3.86604 11.3188 10.0973 3.72537 3.53107 30.0628 2.8734 2.86776 2.18713 2.04728 1.77143 1.48554 1.09929 0.971205 0.882336 0.512629 0.476207
threshold=1.1076223737683561 1.0000000180025095e-35 -0.77776418905643208 -0.21112526353945418 0.059914955477376637 0.0094401897994376167 0.99952847873625494 0.9998864808908724 0.99987853278274375 1.6479895849987456 2.5000000000000004 -0.47000739274664111 54.500000000000007 1.6353504179963794 2.5000000000000004 0.44126868551507764 0.99952847873625494 0.77892586963723043 0.0044168327976752972 0.9182088215488805 -0.47386401469901412 1.2046971257430583 1.0516240257168803 3.5000000000000004 1.0232879420931682 0.99987949765743289 -1.6494071202781126 1.0000000180025095e-35 0.12603727263858433 0.36540691560549582 0.65679368533174232
decision_type=2 2 2 2 2 2 2 2 2 2 2 2 2 2 2 2 2 2 2 2 2 2 2 2 2 2 2 2 2 2 2
left_child=1 2 14 24 5 -5 7 8 26 12 -11 -10 25 22 15 27 -17 -14 21 -20 -2 -16 -9 -15 30 -8 -3 -1 -12 -22 -4
right_child=20 6 3 4 -6 -7 9 13 11 10 28 -13 17 23 18 16 -18 -19 19 -21 29 -23 -24 -25 -26 -27 -28 -29 -30 -31 -32
leaf_value=-0.053017335308885888 -0.051869890634083232 0.12509203142655892 0.056436630234702113 -0.017328398656951956 0.1009981970427476 0.093040883254738124 -0.019079321499599414 -0.029417722018364786 -0.009363029838356322 0.23316473947128952 0.050844084027518083 0.061548011687054163 0.090246781636548992 0.14150325943877379 -0.040323843279624655 -0.0028234146754643735 0.16751541664148961 -0.022905355057782954 0.14859857242388966 -0.033319742381629013 0.050878237079785962 -0.007006427902540433 0.022168049329017087 0.023696892548981271 0.12447042713536215 -0.046514778018523245 0.060931338123024197 0.0075501163688127017 -0.036386255105411706 -0.0088523899814932899 0.091383343722183083
leaf_weight=4.6119218748062831 0.68817353062331577 0.68586700409651058 2.5306345866993061 181.81832636520267 2.5784971565008155 2.9363566292449823 8.6778859514743161 16.36732995510102 10.784137481823562 0.5069263949990267 1.5015853140503166 4.0070792436599723 1.4227866064757102 0.45629448723047916 81.769357505254447 2.0151285044848919 1.5309714619070294 1.4883641991764305 2.4875186327844885 26.090832076966763 97.422840302810073 7.012528045102953 2.3497146572917691 1.9230575915426014 2.3280931822955608 11.436498885974288 25.061267012730241 0.77277193032205094 0.35924991220235813 0.36053973808884521 1.5856035677716134
leaf_count=130 21 5 56 3975 21 41 178 375 133 4 92 128 22 16 2223 43 21 19 23 736 5907 144 52 93 19 226 714 15 13 12 11
internal_value=0.000122197 -0.0119285 -0.0183507 -0.010525 -0.0139697 -0.0155743 0.0116911 0.0233506 0.0433779 -0.0166088 0.076643 0.00984744 -0.026198 -0.0151335 -0.0303584 0.00135425 0.0707176 0.0323963 -0.0327716 -0.0174852 0.0499415 -0.0376922 -0.0229417 0.0462889 0.0896132 -0.0346784 0.0626405 -0.0443251 0.0340035 0.050658 0.0698983
internal_weight=505.568 407.097 320.069 193.778 187.333 184.755 87.028 61.6347 40.5384 25.3933 2.36776 14.7912 23.0255 21.0964 126.291 8.93079 3.5461 2.91115 117.36 28.5784 98.4716 88.7819 18.717 2.37935 6.44433 20.1144 25.7471 5.38469 1.86084 97.7834 4.11624
internal_count=15468 9528 7458 4123 4037 4016 2070 1516 980 554 109 261 445 536 3335 209 64 41 3126 759 5940 2367 427 109 86 404 719 145 105 5919 67
is_linear=0
shrinkage=0.05


Tree=69
num_leaves=32
num_cat=0
split_feature=11 5 3 3 37 32 41 29 1 41 14 45 3 19 21 6 32 32 17 8 13 6 17 1 11 8 12 8 42 9 9
split_gain=114.722 22.7552 11.4864 24.6483 12.7264 13.0134 10.7365 14.4297 8.13084 6.83738 6.01956 5.77702 5.33864 4.72241 5.63089 3.77456 3.67929 22.3908 8.97867 3.05411 2.73026 2.05417 10.5836 2.47726 1.48752 0.504187 0.468664 0.384871 0.37878 0.000961384 0.000333718
threshold=1.1076223737683561 1.0000000180025095e-35 -0.77776418905643208 -0.21112526353945418 0.059914955477376637 0.0094401897994376167 1.0000000180025095e-35 0.089539788368145148 1.3670763640508674 0.99987853278274375 -0.55171885129698428 1.0000000180025095e-35 0.23463287050079298 14.500000000000002 0.46282916090890486 0.12816106314418987 0.025572100141889379 0.99952847873625494 3.5000000000000004 0.5462580380456088 -0.47386401469901412 -1.4142410332700319 25.500000000000004 1.434223054452374 1.0232879420931682 0.36540691560549582 -0.35712666629937123 0.65679368533174232 0.19848216248530456 0.86723956240369104 0.52009536125279188
decision_type=2 2 2 2 2 2 2 2 2 2 2 2 2 2 2 2 2 2 2 2 2 2 2 2 2 2 2 2 2 2 2
left_child=1 2 16 24 5 -5 7 8 10 26 -3 12 -11 -9 -15 -10 21 -18 -19 -13 -2 22 -1 -23 27 29 28 -4 -8 30 -22
right_child=20 6 3 4 -6 -7 9 13 15 11 -12 19 -14 14 -16 -17 17 18 -20 -21 25 23 -24 -25 -26 -27 -28 -29 -30 -31 -32
leaf_value=-0.044209193426167789 -0.051775771839216556 -0.038336300295930194 0.056131499376060948 -0.0166653879835276 0.098055620627788054 0.090867811168397747 0.05375968222072032 -0.027072764163149233 0.15078875600693475 -0.034470959591025009 0.0047725037996774059 0.057806834456316049 0.024064666594169618 0.034424968117873309 0.13157690845591258 0.027148363017487007 0.10254723090209464 0.039831915695595077 -0.03960174217348237 -0.016822694638379366 0.050803214010958747 -0.039773481842926776 0.085397049894777949 0.0012336654484558012 0.11903541020529274 -0.0084107339490620062 0.051021354315628542 0.087945545489911472 0.079020656740821107 0.053316145733961089 0.051250733637675731
leaf_weight=6.2853993717581016 0.65577084012329478 23.684707414358854 2.4199691396206613 179.65549139957875 2.5244618300348511 2.8582500740885726 2.2842793818563223 1.2921754969283927 0.84088395163416807 7.2269495828077224 12.305048603564499 8.4111694609746319 8.4491653479635698 3.3049427075311542 2.7181068379431963 2.3214044589549303 3.5727308541536322 4.0789628596976426 27.826383201405406 1.6378339808434237 87.987034246325493 74.91804148349911 2.1018799226731062 3.8733267644420257 2.3130487408488989 0.36049958691000838 6.2661282792687398 1.5656994516029952 4.2356730019673705 0.3887354526668777 4.3728100312873712
leaf_count=195 21 447 56 3975 21 41 60 24 13 171 245 256 246 58 47 77 34 88 725 35 5659 2158 46 89 19 12 361 11 30 12 236
internal_value=0.00012294 -0.011573 -0.017785 -0.0101282 -0.0134392 -0.0149814 0.0113803 -0.00479929 -0.0168431 0.0309025 -0.0235972 0.0160496 -0.00292123 0.0596605 0.0782681 0.0600256 -0.0297291 -0.0161544 -0.0294465 0.0456434 0.0498894 -0.0352535 -0.0117294 -0.0377576 0.0871396 0.0506055 0.060786 0.0686291 0.0701704 0.0508348 0.0508244
internal_weight=492.737 398.972 313.994 191.337 185.038 182.514 84.9785 46.4673 39.152 38.5112 35.9898 25.7251 15.6761 7.31523 6.02305 3.16229 122.657 35.4781 31.9053 10.049 93.7649 87.1786 8.38728 78.7914 6.29872 93.1091 12.7861 3.98567 6.51995 92.7486 92.3598
internal_count=15468 9528 7458 4123 4037 4016 2070 911 782 1159 692 708 417 129 105 90 3335 847 813 291 5940 2488 241 2247 86 5919 451 67 90 5907 5895
is_linear=0
shrinkage=0.05


Tree=70
num_leaves=32
num_cat=0
split_feature=11 5 3 3 42 42 30 32 14 6 37 29 16 19 11 17 0 32 18 21 9 20 13 16 11 39 4 9 8 8 0
split_gain=108.386 20.9398 10.9545 22.9179 10.1897 17.1741 9.55896 9.12937 8.68936 8.15034 7.69877 5.8784 4.27194 4.0831 3.96423 3.47731 9.97279 7.804 3.46513 10.8533 3.14643 2.76307 2.59435 2.4308 1.55131 1.45205 0.983486 0.907228 0.821098 0.574825 0.318114
threshold=1.1076223737683561 1.0000000180025095e-35 -0.77776418905643208 -0.053418694261456616 0.99952847873625494 1.0000000180025095e-35 0.99987956274106693 0.033082967544145532 -0.58476531908332718 1.6479895849987456 0.059914955477376637 0.014028311509988069 2.5000000000000004 54.500000000000007 -0.15725293299488421 2.5000000000000004 0.44126868551507764 0.80979407828598993 4.5000000000000009 0.86589995611931936 0.77892586963723043 0.86582124831717244 -0.47386401469901412 3.5000000000000004 1.0232879420931682 0.99987949765743289 1.0000000180025095e-35 0.86723956240369104 0.12603727263858433 0.40053085499493635 -0.17070031105446615
decision_type=2 2 2 2 2 2 2 2 2 2 2 2 2 2 2 2 2 2 2 2 2 2 2 2 2 2 2 2 2 2 2
left_child=1 2 15 6 5 8 24 10 11 13 -5 -3 -11 25 -10 16 26 -18 19 -17 -15 -8 -2 -20 -4 -6 -1 -7 -14 -24 -29
right_child=22 4 3 7 9 27 21 -9 14 12 -12 -13 28 20 -16 18 17 -19 23 -21 -22 -23 29 -25 -26 -27 -28 30 -30 -31 -32
leaf_value=-0.052864171902177938 -0.051686529374001894 -0.024578907710431266 0.06680879593769079 -0.016706135737154192 -0.018153810673743574 0.058208659844650894 -0.031143128844044729 0.093258893191429715 -0.0010019997630721813 0.18961936609869087 0.08149762284873352 0.038861130381371317 0.050779172367266846 0.081091824184548481 0.049659152971903132 0.017844043670106991 -0.024361131497566871 0.12525570298020655 -0.022283513067700354 -0.052058730325254432 -0.022334236503926817 0.067707242197300885 0.05079359645068237 -0.041010008407510193 0.10986244692097885 -0.045747179546552358 0.0087539367277939973 0.09981102192586927 -0.035439673539977325 -0.017253864968941126 0.073109524947600119
leaf_weight=4.3499964047223312 0.62483836524188419 20.686400929465893 4.765622850507496 172.56800424307585 8.4903323575854373 11.993528386577966 3.0524995960295196 1.9485394693911064 5.8123821699991849 0.58777848631143514 2.0190952178090802 4.4342247704043976 1.3888315111398695 1.4763559708371752 11.504266439937053 12.212682502344252 1.4627621024847033 2.1564155016094446 23.717018158175051 10.182662321254609 1.4651140756905077 0.91998781822621811 88.34410030208528 64.339517085812986 3.7297709323465824 10.87399691902101 0.76084284856915463 1.9306383617222307 0.34467160329222668 0.311444241553544 2.641781346872448
leaf_count=130 21 468 86 3864 178 424 80 27 111 4 17 93 92 22 379 307 36 28 630 327 19 19 5910 1862 30 226 15 16 13 9 25
internal_value=0.00012213 -0.0112065 -0.0172278 -0.00974216 0.0109826 0.0222582 0.0557731 -0.0143692 0.00540416 -0.0160322 -0.0155704 -0.0133806 0.0731332 -0.0253113 0.0326546 -0.0290989 0.00127952 0.0647851 -0.0315 -0.0139392 0.0295764 -0.00825038 0.049839 -0.0359662 0.0857108 -0.0336488 -0.0436912 0.0654334 0.0336363 0.0505545 0.0843838
internal_weight=481.096 391.816 308.185 189.004 83.6303 59.0032 12.4679 176.536 42.4373 24.6271 174.587 25.1206 2.32128 22.3058 17.3166 119.182 8.73002 3.61918 110.452 22.3953 2.94147 3.97249 89.2804 88.0565 8.49539 19.3643 5.11084 16.5659 1.7335 88.6555 4.57242
internal_count=15468 9528 7458 4123 2070 1516 215 3908 1051 554 3881 561 109 445 490 3335 209 64 3126 634 41 99 5940 2492 116 404 145 465 105 5919 41
is_linear=0
shrinkage=0.05


Tree=71
num_leaves=32
num_cat=0
split_feature=11 5 3 3 37 32 41 29 1 41 14 45 3 19 0 32 32 17 6 8 8 6 17 14 11 32 8 14 13 9 12
split_gain=102.417 19.26 10.3783 21.0825 10.8589 11.095 9.5406 12.3072 7.25965 6.41356 5.37654 5.32036 4.6924 4.32025 4.81719 3.40365 20.3887 7.87485 3.1912 2.83228 2.47387 2.01579 9.5217 2.64098 1.0375 0.442027 0.26593 0.237999 0.236664 0.000340769 0.000548084
threshold=1.1076223737683561 1.0000000180025095e-35 -0.77776418905643208 -0.21112526353945418 0.059914955477376637 0.0094401897994376167 1.0000000180025095e-35 0.089539788368145148 1.3670763640508674 0.99987853278274375 -0.55171885129698428 1.0000000180025095e-35 0.23463287050079298 13.500000000000002 -0.42268383253847253 0.025572100141889379 0.99952847873625494 3.5000000000000004 0.12816106314418987 0.5462580380456088 0.41773638089260118 -1.4142410332700319 25.500000000000004 -0.58476531908332718 1.0232879420931682 0.99103237765046182 0.65679368533174232 1.8431864445729607 -0.42599803915349382 0.52009536125279188 2.8054244831199475
decision_type=2 2 2 2 2 2 2 2 2 2 2 2 2 2 2 2 2 2 2 2 2 2 2 2 2 2 2 2 2 2 2
left_child=1 2 15 24 5 -5 7 8 10 25 -3 12 -11 -9 -15 21 -17 -18 -10 -13 28 22 -1 -23 26 27 -4 -8 -2 -30 -31
right_child=20 6 3 4 -6 -7 9 13 18 11 -12 19 -14 14 -16 16 17 -19 -20 -21 -22 23 -24 -25 -26 -27 -28 -29 29 30 -32
leaf_value=-0.043464312711796821 0.0082785635519966108 -0.037302637785140695 0.055509813753642806 -0.015411887911154609 0.092639160338076149 0.086574964907116692 0.054719480258438639 -0.034593724931365963 0.13831533437860097 -0.033376671838545362 0.0038947369542996439 0.056512094758308942 0.022134959861725898 -0.011847078294764703 0.094259799761050367 0.099629515592658091 0.035401310296050467 -0.038401812587605361 0.0254264616502296 -0.016258361756114861 -0.042208412616500768 -0.039388499262999616 0.078584606607220039 -0.0058742791063438431 0.1095442428053421 0.10513764233822723 0.082725182143065845 0.075246065449958349 0.050725788504521953 0.050892531899806859 0.052294757228128624
leaf_weight=5.8528498578816635 0.32930725067853828 22.52550607547164 2.1918823225423689 175.52796183153987 2.425970956683158 2.7078752359375349 9.7233427260070986 1.151589985936879 0.86726069077849333 6.9872404094785479 12.213790189474819 7.9882888346910459 8.3636297183111292 1.372668709605932 4.8457503542304039 3.476678471080958 4.1940272217616466 26.151406587101519 2.2506115334108472 1.6059100255370138 0.72446945682167907 67.772097907960415 2.1982307070866227 6.4364942610263816 2.2737015588209033 0.51323855761438686 1.5200748601928351 1.6520887212827808 79.769588820636272 3.297695839777588 0.88359047845005978
leaf_count=195 11 447 56 3975 21 41 427 22 13 171 245 256 246 23 84 34 88 725 77 35 23 2172 46 75 19 3 11 21 5661 215 30
internal_value=0.000122236 -0.0108504 -0.0166745 -0.00937357 -0.0124323 -0.0138624 0.0106351 -0.00475049 -0.0162588 0.0295266 -0.0228183 0.015123 -0.00313221 0.0543635 0.0708375 -0.0284136 -0.0150614 -0.0282015 0.0568274 0.0443315 0.0497921 -0.0339035 -0.0101406 -0.0364816 0.0829467 0.0597485 0.0666547 0.0577006 0.0505829 0.0507489 0.0511889
internal_weight=469.795 384.79 302.729 186.647 180.662 178.236 82.0609 45.2272 37.8572 36.8337 34.7393 24.9451 15.3509 7.37001 6.21842 116.082 33.8221 30.3454 3.11787 9.5942 85.0047 82.2597 8.05108 74.2086 5.98566 11.8887 3.71196 11.3754 84.2802 83.9509 4.18129
internal_count=15468 9528 7458 4123 4037 4016 2070 911 782 1159 692 708 417 129 107 3335 847 813 90 291 5940 2488 241 2247 86 451 67 448 5917 5906 245
is_linear=0
shrinkage=0.05


Tree=72
num_leaves=32
num_cat=0
split_feature=11 5 11 42 42 14 3 32 37 6 30 30 41 41 19 1 29 34 19 11 11 16 19 13 20 39 8 9 8 9 0
split_gain=96.7731 17.7154 10.1835 8.95042 16.0197 7.44849 7.40337 12.4254 11.0258 7.32605 5.86458 15.9226 5.12415 13.3357 4.97771 12.2192 4.93193 4.80775 3.64624 3.63121 3.38406 3.06054 2.39267 2.39247 1.96997 1.40695 0.771101 0.705056 0.604892 0.297088 0.228351
threshold=1.1076223737683561 1.0000000180025095e-35 0.1535784208883989 0.99952847873625494 1.0000000180025095e-35 -0.58476531908332718 -0.77776418905643208 0.033082967544145532 0.059914955477376637 1.6479895849987456 0.087963434679698707 0.99987956274106693 1.0000000180025095e-35 0.99987853278274375 5.5000000000000009 0.32859832634876757 0.014028311509988069 0.0028638883325029512 54.500000000000007 -0.15725293299488421 -0.81854569584705283 2.5000000000000004 19.500000000000004 -0.47386401469901412 0.25881904510252091 0.99987949765743289 0.12603727263858433 0.86723956240369104 0.41773638089260118 0.88948331573957484 -1.0559580443055534
decision_type=2 2 2 2 2 2 2 2 2 2 2 2 2 2 2 2 2 2 2 2 2 2 2 2 2 2 2 2 2 2 2
left_child=1 2 10 4 5 16 14 8 -8 18 12 30 17 -14 15 -4 -3 -1 25 -7 -13 -11 -16 -2 -20 -5 -23 -6 -25 -9 -12
right_child=23 3 6 9 27 19 7 29 -10 21 11 20 13 -15 22 -17 -18 -19 24 -21 -22 26 -24 28 -26 -27 -28 -29 -30 -31 -32
leaf_value=-0.042777707491908776 -0.051554434867164947 -0.023480748146409689 -0.053123828597121725 -0.017293929156054415 0.057645808449032956 -0.0015884032874057157 -0.005939206730432179 0.065441342313545217 0.097643285685261247 0.16139379220971783 0.10025955058061471 0.0086384779013484372 0.078807977747653357 -0.024891483576933882 -0.048830470135841353 0.074775283877240195 0.034425870768526323 -0.0014704632470366285 -0.016056823854741813 0.047224365972133468 -0.035898696933906203 0.050719606139475008 -0.022047507981753145 0.050717856686717737 0.065815507747864307 -0.044932950735650262 -0.03463770972432597 0.081249842466638161 -0.024640830171763772 0.091792635107603729 0.074838922632278482
leaf_weight=66.695153298787773 0.57878572307526965 19.968176298774782 3.475200996734201 8.3165671946480941 11.090749090537427 5.8184820888564017 94.152942450717092 1.7358757331967343 2.6411531111225477 0.65279948711395208 1.2130378531292079 6.0920044146478221 3.36924557480961 38.839791622012854 10.843029070645569 4.0365018555894494 4.5070096794515839 7.8760035634040824 1.3892605695873492 11.037340513430534 14.222809731960293 1.2834946336224673 36.107012836262584 80.099866983480752 1.5594611437991259 10.315464654937387 0.33329520933330048 4.4262816729024044 0.26717603020369907 2.786669135093689 3.2512107361108091
leaf_count=2676 21 468 66 178 424 111 1417 45 30 4 6 107 46 1363 222 49 93 201 20 379 479 92 687 5912 21 226 13 41 7 16 48
internal_value=0.00012217 -0.0105016 -0.0161404 0.0102748 0.0210605 0.00479735 -0.00731959 0.00067206 -0.00311282 -0.0154333 -0.0258473 -0.00375393 -0.0305352 -0.0166139 -0.0221867 0.0156043 -0.0128175 -0.0384149 -0.0244199 0.0303746 -0.0225429 0.0700178 -0.028233 0.0497378 0.0272422 -0.032596 0.0331235 0.0643789 0.0504673 0.0816783 0.0817463
internal_weight=458.982 378.036 297.338 80.6984 56.848 41.331 155.778 101.317 96.7941 23.8503 141.559 24.7791 116.78 42.209 54.4617 7.5117 24.4752 74.5712 21.5808 16.8558 20.3148 2.26959 46.95 80.9458 2.94872 18.632 1.61679 15.517 80.367 4.52254 4.46425
internal_count=15468 9528 7458 2070 1516 1051 2532 1508 1447 554 4926 640 4286 1409 1024 115 561 2877 445 490 586 109 909 5940 41 404 105 465 5919 61 54
is_linear=0
shrinkage=0.05


Tree=73
num_leaves=32
num_cat=0
split_feature=11 5 11 41 29 18 29 19 41 15 1 41 0 2 30 30 21 12 41 41 14 34 0 19 1 13 0 38 8 32 14
split_gain=91.4977 16.3232 9.71496 8.4654 10.6422 7.23545 9.4677 8.10956 7.29541 7.00654 6.42666 6.03576 5.54028 7.95598 5.52589 14.7299 5.1539 6.51893 4.94357 12.3982 4.8271 4.70032 3.99926 3.39168 2.93422 2.27377 0.907831 0.754212 0.583208 0.319529 0.17463
threshold=1.1076223737683561 1.0000000180025095e-35 0.1535784208883989 1.0000000180025095e-35 0.089539788368145148 18.500000000000004 0.99979485528041268 48.500000000000007 0.014955584680269808 2024.5000000000002 1.3670763640508674 0.99987853278274375 -0.49031782076624619 -0.52140911915100208 0.087963434679698707 0.99987956274106693 -0.00010257235979377899 -0.35567498554611671 1.0000000180025095e-35 0.99987853278274375 -0.55171885129698428 0.0028638883325029512 -1.48804561622306 14.500000000000002 1.5579079815627519 -0.47386401469901412 0.83279613553774612 0.391324139788647 0.41773638089260118 0.99952847873625494 1.8431864445729607
decision_type=2 2 2 2 2 2 2 2 2 2 2 2 2 2 2 2 2 2 2 2 2 2 2 2 2 2 2 2 2 2 2
left_child=1 2 14 4 10 6 9 27 -9 -4 20 29 -6 -14 18 -16 22 -18 21 -20 -3 -1 -13 -17 -12 -2 -8 -7 -27 30 -5
right_child=25 3 5 11 12 7 26 8 -10 -11 24 16 13 -15 15 23 17 -19 19 -21 -22 -23 -24 -25 -26 28 -28 -29 -30 -31 -32
leaf_value=-0.042343878229819137 -0.0514765999793537 -0.036287685392312509 0.0074080455635604815 0.054266532836859317 -0.047358532639483239 -0.051912409565403751 -0.054051292434077337 -0.029349963727352147 0.071545931754854172 -0.024294106852035383 0.14796877741054282 0.10404321288797258 0.18121450435490014 0.040514998321960316 0.079609985468344122 0.011338707825391592 -0.039306510108720827 0.041272046349269953 0.077384757269913909 -0.024186362324534541 0.0032044505712701642 -0.0013980882685358088 0.024274370335851465 -0.034716536711475864 0.02823356734013301 0.050682484065668477 -0.0035988897846543719 -0.011781061426770616 -0.023576975161519156 0.097877893623531054 0.072318928739386043
leaf_weight=64.076116658747196 0.55136946216225524 21.448639233596623 97.385934111662209 8.9728332897648162 1.2085724417120216 17.004656981676824 8.9642056915909016 4.2648443309590212 3.0894422847777605 21.227790339849889 0.6469448441639537 1.8223777208477265 1.2692261775955556 4.8212979873642317 4.3573713619262007 5.5407120324671295 7.1530877780169231 3.8669226830825227 3.2623731894418588 37.995314968749881 12.104114659130571 7.869702221825718 11.40373690985143 14.353481644764541 2.447023268789053 76.245187275111675 0.99010351300239641 1.2573196599259961 0.26531905867159267 0.49976494908332902 1.5747527442872531
leaf_count=2676 21 447 1399 428 22 350 182 75 48 427 22 23 13 94 54 134 149 231 46 1363 245 201 305 452 68 5912 21 30 7 2 21
internal_value=0.000121059 -0.0101797 -0.0156474 0.00994411 -0.00470165 -0.00703095 -0.0021962 -0.0312966 0.0130351 0.00173445 -0.0156827 0.0281803 0.050431 0.0698359 -0.0253125 -0.00365289 0.0142232 -0.0110315 -0.0299526 -0.0161548 -0.0220409 -0.0378651 0.0352654 -0.0218897 0.05327 0.0496959 -0.0490331 -0.0491494 0.050425 0.0588127 0.0569618
internal_weight=447.941 370.879 291.639 79.2393 43.9458 154.184 128.568 25.6163 7.35429 118.614 36.6467 35.2935 7.2991 6.09052 137.455 24.2516 24.2461 11.02 113.204 41.2577 33.5528 71.9458 13.2261 19.8942 3.09397 77.0619 9.95431 18.262 76.5105 11.0474 10.5476
internal_count=15468 9528 7458 2070 911 2532 2029 503 123 1826 782 1159 129 107 4926 640 708 380 4286 1409 692 2877 328 586 90 5940 203 380 5919 451 449
is_linear=0
shrinkage=0.05


Tree=74
num_leaves=32
num_cat=0
split_feature=11 14 14 31 2 41 19 7 15 32 32 0 9 6 3 1 6 13 6 8 18 19 2 19 7 23 8 6 12 9 9
split_gain=86.5108 15.425 16.319 10.3627 10.1196 10.1709 8.90457 8.36088 8.71307 7.99487 26.5659 6.27232 5.82216 5.25686 6.77619 3.90296 2.67285 2.16101 1.01695 0.562907 0.332577 1.79825 0.304618 0.258315 0.1947 0.0830167 0.0503518 0.0266726 0.000723656 0.000514237 0.000159945
threshold=1.1076223737683561 -0.58476531908332718 1.5223445599649137 0.99997358653385171 -0.93306807624577737 1.0000000180025095e-35 54.500000000000007 0.070523719957775302 2024.5000000000002 0.0094401897994376167 0.99952847873625494 1.7266636732798475 0.36920212203329056 -1.575457089110593 -0.8810399081468977 1.3902777464416196 0.043925665951408663 -0.47386401469901412 0.99235916853162742 0.41773638089260118 20.500000000000004 50.500000000000007 -0.5710801593749425 5.5000000000000009 1.1024310681355465 0.99997358653385171 0.030154160883943393 1.7309921286328358 -1.0000000180025095e-35 0.86723956240369104 0.52009536125279188
decision_type=2 2 2 2 2 2 2 2 2 2 2 2 2 2 2 2 2 2 2 2 2 2 2 2 2 2 2 2 2 2 2
left_child=1 7 3 23 18 6 -6 20 9 11 -11 -9 -7 14 -10 -15 22 -2 26 29 27 -22 -5 24 -3 -25 -4 28 -1 30 -19
right_child=17 2 4 16 5 12 -8 8 13 10 -12 -13 -14 15 -16 -17 -18 19 -20 -21 21 -23 -24 25 -26 -27 -28 -29 -30 -31 -32
leaf_value=-0.051022464768165111 -0.051402760182484832 0.073060498485606445 -0.061163076621799699 -0.026988453419962311 -0.022386349818125626 0.061737817999260883 0.038746831874200603 -0.015827979340173555 -0.051508230345342222 0.082053658000528454 -0.015034973604693025 0.049290125718787214 0.011262835717368393 -0.041058742034308315 0.096306602114371975 0.031093693642203109 0.018192771120799218 0.050623372660408145 -0.0016247057117341748 -0.022545130232298993 -0.051007132390197357 0.058709731791046021 -0.057061203428912813 0.053214082760797789 0.051786490593744398 0.062733829884016254 -0.052121169042632712 -0.037157612442478692 -0.052329059226761433 0.052662779460680299 0.050971387047007981
leaf_weight=15.33247040957213 0.52521325461566348 4.4468809831887546 1.8858704008162011 1.5208504740148785 38.635606717318296 7.8328229216858771 7.0423563793301573 147.63509464543313 1.418810520321131 9.819825070910154 24.941034280695021 3.7929858583956948 21.111129874363542 41.801088647916913 1.7095514126121987 1.9622537521645416 3.5882412306964397 68.790007545612752 1.0281374137848605 0.26363350823521514 2.0941482288762923 0.45451583620160807 1.8867168482393015 10.356922754552214 1.4185765367001293 2.9402393111959091 8.3878922779113037 0.34967010375112195 1.1384001513943101 0.31559564545750518 3.4679793445393434
leaf_count=820 21 48 16 14 983 334 121 3406 55 122 577 93 510 1235 40 50 36 5661 28 7 111 20 27 453 65 38 267 20 39 12 239
internal_value=0.000115756 -0.00985411 0.00558185 0.0401598 -0.00494498 0.00173289 -0.0129612 -0.0167073 -0.0140843 -0.00923279 0.0123922 -0.0141969 0.0249224 -0.0333476 0.0292679 -0.0378236 -0.0119248 0.0496552 -0.0490363 0.0503839 -0.0482723 -0.0314408 -0.0436393 0.0591746 0.0679153 0.0553191 -0.0537809 -0.0508227 -0.0511128 0.0506489 0.0506401
internal_weight=437.895 364.532 112.082 26.1584 85.9238 74.6219 45.678 252.45 233.081 186.189 34.7609 151.428 28.944 46.8917 3.12836 43.7633 6.99581 73.3624 11.3019 72.8372 19.3692 2.54866 3.40757 19.1626 5.86546 13.2972 10.2738 16.8205 16.4709 72.5736 72.258
internal_count=15468 9528 2940 681 2259 1948 1104 6588 5578 4198 699 3499 844 1380 95 1285 77 5940 311 5919 1010 131 41 604 113 491 283 879 859 5912 5900
is_linear=0
shrinkage=0.05


Tree=75
num_leaves=32
num_cat=0
split_feature=11 5 11 6 42 43 45 18 29 19 41 15 30 30 41 41 34 19 19 0 6 13 7 20 2 8 2 38 8 11 9
split_gain=81.7868 14.6542 9.08417 8.11182 8.6274 15.1655 8.75831 6.72818 8.89217 7.73498 6.45338 6.07965 5.26598 13.2666 4.58077 10.8856 4.61804 3.25016 3.19003 2.27344 2.17977 2.0539 2.05299 1.59839 1.35692 1.07435 0.997209 0.75721 0.64717 0.160221 0.000442905
threshold=1.1076223737683561 1.0000000180025095e-35 0.1535784208883989 1.6278583131022746 0.99952847873625494 0.9998864808908724 0.99987853278274375 18.500000000000004 0.99979485528041268 48.500000000000007 0.014955584680269808 2024.5000000000002 0.087963434679698707 0.99987956274106693 1.0000000180025095e-35 0.99987853278274375 0.0028638883325029512 14.500000000000002 54.500000000000007 -0.24049890297283777 1.680016849076478 -0.47386401469901412 1.0516240257168803 0.25881904510252091 -0.80326585415590623 0.23943576103375847 0.98669993308480286 0.391324139788647 0.45122094680913155 -1.3303204638715262 0.86723956240369104
decision_type=2 2 2 2 2 2 2 2 2 2 2 2 2 2 2 2 2 2 2 2 2 2 2 2 2 2 2 2 2 2 2
left_child=1 2 12 4 5 6 -3 8 11 27 -11 -4 14 29 16 -16 -1 -15 24 -5 -21 -2 -7 -20 -6 -22 -10 -9 30 -14 -23
right_child=21 3 7 19 18 22 -8 9 26 10 -12 -13 13 17 15 -17 -18 -19 23 20 25 28 -24 -25 -26 -27 -28 -29 -30 -31 -32
leaf_value=-0.041656916734659349 -0.051332699520438174 0.062052560900664182 0.0072116364258735799 -0.044188113666021392 -0.05739721485118128 -0.028068737268345852 0.0069726998471752281 -0.051465599484010742 -0.053775042678202295 -0.028084254730107325 0.067453541434227535 -0.022862410224726862 0.086323422582723519 0.011903409341322044 0.074367571770908622 -0.023221102798000003 -0.00056760624298128279 -0.03365213900875421 -0.015089538177327669 0.12628330924333639 0.054452032787636856 0.050608792532223494 0.023483452082893663 0.058836801019039188 -0.023939035246764315 -0.026958473544134234 0.0018726879958597346 -0.010680060066388428 -0.035109691570407067 0.066595113652528945 0.052531153922868924
leaf_weight=60.182212226092815 0.50026296265423198 16.249839024618268 96.591678786091506 0.56665815040469247 3.8909537084400698 15.088638383895161 12.984145513735713 16.052085191942759 8.5293325195088947 4.1016164077445856 3.1061483826488256 20.34434700012207 2.3645231956616044 5.4977866206318167 3.0985013432800761 36.744119897484779 7.7147522885352364 13.60193565674126 1.3519701203331345 1.063569341786202 7.5012075528502464 68.816959022544324 2.2146841324865809 1.59238441940397 13.700484183616936 0.4283939255401491 0.88897440582513887 1.2248395709320892 0.22085639089345832 1.8223053310066486 0.30093707982450624
leaf_count=2676 21 396 1399 15 81 375 198 350 185 75 48 427 12 134 46 1363 201 452 20 25 550 5902 52 21 320 17 18 30 5 42 12
internal_value=0.000114893 -0.00952838 -0.0147994 0.00985909 0.00371762 0.0156298 0.0375891 -0.00643347 -0.00178496 -0.0304223 0.0130873 0.0019794 -0.0244304 -0.00286953 -0.0290905 -0.0156318 -0.0369882 -0.0205391 -0.0232772 0.0529485 0.0590691 0.0496158 -0.0214705 0.0248918 -0.0313395 0.0500539 -0.0485226 -0.0485741 0.0503441 0.0777367 0.0506172
internal_weight=428.337 358.498 281.865 76.6329 67.0731 46.5373 29.234 150.839 126.354 24.4847 7.20776 116.936 131.026 23.2866 107.74 39.8426 67.897 19.0997 20.5358 9.55983 8.99317 69.839 17.3033 2.94435 17.5914 7.9296 9.41831 17.2769 69.3388 4.18683 69.1179
internal_count=15468 9528 7458 2070 1463 1021 594 2532 2029 503 123 1826 4926 640 4286 1409 2877 586 442 607 592 5940 427 41 401 567 203 380 5919 54 5914
is_linear=0
shrinkage=0.05


Tree=76
num_leaves=32
num_cat=0
split_feature=11 14 14 31 2 41 19 7 15 37 37 9 6 3 1 6 13 0 0 8 18 19 19 19 7 23 8 6 12 9 9
split_gain=77.3582 13.7295 14.5945 9.63488 9.42233 8.91855 8.04081 8.02437 7.92026 7.22898 24.5478 5.27506 5.05518 5.90383 3.71448 2.50315 1.95227 1.1342 1.125 0.618574 0.352204 1.71957 0.331392 0.203934 0.151755 0.0729558 0.0528102 0.0273488 0.000602644 0.000381557 0.00011925
threshold=1.1076223737683561 -0.58476531908332718 1.5223445599649137 0.99997358653385171 -0.93306807624577737 1.0000000180025095e-35 54.500000000000007 0.070523719957775302 2024.5000000000002 0.99964157064671022 0.0076521093500994128 0.36920212203329056 -1.575457089110593 -0.8810399081468977 1.3902777464416196 0.043925665951408663 -0.47386401469901412 -2.6831694005468036 0.067519002814292711 0.45122094680913155 20.500000000000004 50.500000000000007 36.500000000000007 5.5000000000000009 1.1024310681355465 0.99997358653385171 0.030154160883943393 1.7309921286328358 2.7084533625306269 0.86723956240369104 0.52009536125279188
decision_type=2 2 2 2 2 2 2 2 2 2 2 2 2 2 2 2 2 2 2 2 2 2 2 2 2 2 2 2 2 2 2
left_child=1 7 3 23 17 6 -6 20 9 10 -9 -7 13 -10 -14 22 -2 -4 -11 29 27 -22 -5 24 -3 -25 -19 28 -1 30 -18
right_child=16 2 4 15 5 11 -8 8 12 18 -12 -13 14 -15 -16 -17 19 26 -20 -21 21 -23 -24 25 -26 -27 -28 -29 -30 -31 -32
leaf_value=-0.050945347587947991 -0.051266216192961227 0.071100333549117128 0.010896231416479968 -0.026933677827324573 -0.021249859385767591 0.059738153752517786 0.036890714441729311 -0.008700070582787307 -0.051390950699726969 -0.04816845300255479 0.10096878121858527 0.010928682373952127 -0.040113115742279874 0.088110226087372956 0.03033611176192242 0.017684024184345903 0.050563645085384093 -0.060481103248582024 -0.024228295965286414 -0.033925332487095179 -0.050926192957419542 0.056178027793166219 -0.058778284088122662 0.052913344739355953 0.051727269917654375 0.062121493922216491 -0.051206854461437058 -0.036452432247773156 -0.052179672091744594 0.05240611314760011 0.050879224828435869
leaf_weight=14.168411689810453 0.47646639123558898 4.2572815082967344 0.74724078923463721 1.643774896860122 37.36589193250984 7.533416427671912 7.0723343668505541 156.39672454632819 1.3108370862901213 10.673283973708751 5.2746175192296496 20.872746852226555 39.42635584436357 1.7997437678277481 1.9642667202278961 3.5991622963920236 62.354085803031921 1.9030268043279628 9.0835942355915886 0.21723276935517688 1.9296603463590138 0.46507651545107354 1.6242496296763418 9.5666085542179626 1.3256048411130903 2.7750497637316576 7.9365788642317057 0.32861616462469179 1.0630735522136099 0.28692598547786374 3.1444716108962885
leaf_count=820 21 48 15 23 983 334 121 3531 55 326 82 510 1235 40 50 36 5663 17 259 5 111 20 18 453 65 38 279 20 39 12 239
internal_value=0.000112508 -0.00922726 0.00559424 0.0392776 -0.00441483 0.00199092 -0.0119968 -0.0158043 -0.0132475 -0.00861104 -0.00512206 0.0238731 -0.03215 0.0293227 -0.0367698 -0.0110811 0.0495806 -0.0484906 -0.0371615 0.0503086 -0.0479763 -0.0301257 -0.0427609 0.0585708 0.0665004 0.0549838 -0.0530005 -0.0507236 -0.0510315 0.0505868 0.0505788
internal_weight=418.586 352.107 108.223 24.7917 83.4312 72.8444 44.4382 243.884 225.929 181.428 161.671 28.4062 44.5012 3.11058 41.3906 6.86719 66.4792 10.5868 19.7569 66.0027 17.9548 2.39474 3.26802 17.9245 5.58289 12.3417 9.83961 15.5601 15.2315 65.7855 65.4986
internal_count=15468 9528 2940 681 2259 1948 1104 6588 5578 4198 3613 844 1380 95 1285 77 5940 311 585 5919 1010 131 41 604 113 491 296 879 859 5914 5902
is_linear=0
shrinkage=0.05


Tree=77
num_leaves=32
num_cat=0
split_feature=11 5 11 6 42 42 18 29 19 29 0 45 11 0 19 17 34 15 19 0 2 13 6 20 39 2 8 38 8 9 9
split_gain=73.1464 13.1678 8.39197 7.51087 7.75858 13.6529 6.25109 8.37005 7.36492 5.92602 5.70563 5.62396 5.20449 6.85678 6.36534 4.87459 4.66534 5.44133 2.90894 2.09427 1.97671 1.85572 1.81657 1.46121 1.37145 1.03797 1.00693 0.762061 0.591694 0.364303 0.000328692
threshold=1.1076223737683561 1.0000000180025095e-35 0.1535784208883989 1.6278583131022746 0.99952847873625494 0.0048542843254016374 18.500000000000004 0.99979485528041268 48.500000000000007 0.56738141808227616 -1.1361856550310274 1.0000000180025095e-35 -0.70169578523728093 -1.5537130355493096 4.5000000000000009 15.500000000000002 0.053130644377869581 2023.5000000000002 54.500000000000007 -0.24049890297283777 2.5051217677022888 -0.47386401469901412 1.680016849076478 0.25881904510252091 0.99987949765743289 1.0418189880486477 0.23943576103375847 0.391324139788647 0.45122094680913155 0.86723956240369104 0.86723956240369104
decision_type=2 2 2 2 2 2 2 2 2 2 2 2 2 2 2 2 2 2 2 2 2 2 2 2 2 2 2 2 2 2 2
left_child=1 2 12 4 5 11 7 10 27 -10 -4 -3 13 14 -1 -15 20 -18 24 -5 -14 -2 -21 -20 -6 -9 -24 -8 30 -7 -23
right_child=21 3 6 19 18 29 8 25 9 -11 -12 -13 16 15 -16 -17 17 -19 23 22 -22 28 26 -25 -26 -27 -28 -29 -30 -31 -32
leaf_value=0.12209009406416588 -0.051203121319700555 -0.02053451691219367 -0.031990438038734727 -0.042811306579198447 -0.014561284534498873 0.058373369474929375 -0.051028485146711114 -0.053556657079038887 -0.0082698035026578364 0.11126027455318771 0.0057812170248445344 0.01996658097389677 -0.03798157024863557 -0.0020989984884962386 0.0006751451342192679 -0.032528351588438524 0.047848708560454117 -0.04214113389319793 -0.014921194738974186 0.12013728727423266 0.068621908763915371 0.050550285685070508 0.054583869292664226 0.055660552102586504 -0.043161135367098036 0.0046488804402890936 -0.025842609365212762 -0.0095105273281638845 -0.03274756456356237 0.077959076829404728 0.052287315997051324
leaf_weight=1.7240352034568776 0.45377325173467298 16.834123224951327 11.056464262306688 0.53861827962100584 7.7037457507103726 7.0157422116026265 15.185723244212571 8.0951940035447443 5.8287532571703187 1.2613143073394892 104.43184911366552 17.462748915888369 60.716579223517329 25.977062379941344 2.8874081261456013 26.676717787981033 3.6595149813219896 3.1051301760599017 1.3427567752078169 1.0583186913281641 0.43798840418457885 62.338407436385751 6.9433643165975809 1.6155034350231288 9.1947407405823469 0.84598926827311594 0.41228117793798436 1.1919986736029393 0.21388072334229846 3.5887151788920164 0.27353688795119424
leaf_count=14 21 429 211 15 175 214 350 186 101 22 1615 340 2903 810 99 876 89 116 20 25 19 5902 550 21 226 17 17 30 5 38 12
internal_value=0.000111034 -0.00890953 -0.0139714 0.00984355 0.00390914 0.0154182 -0.00590738 -0.0014432 -0.0295771 0.0129945 0.00216509 8.72034e-05 -0.0234985 -0.0123956 0.0460674 -0.0175158 -0.0328597 0.00654127 -0.0221158 0.0527698 -0.0372181 0.0495466 0.0588884 0.0236234 -0.0301229 -0.0480494 0.050076 -0.0480067 0.0502743 0.0650015 0.0505579
internal_weight=410.072 346.792 273.082 73.7107 64.7581 44.9013 147.897 124.429 23.4678 7.09007 115.488 34.2969 125.184 57.2652 4.61144 52.6538 67.9192 6.76465 19.8567 8.95258 61.1546 63.2796 8.41396 2.95826 16.8985 8.94118 7.35565 16.3777 62.8258 10.6045 62.6119
internal_count=15468 9528 7458 2070 1463 1021 2532 2029 503 123 1826 769 4926 1799 113 1686 3127 205 442 607 2922 5940 592 41 401 203 567 380 5919 252 5914
is_linear=0
shrinkage=0.05


Tree=78
num_leaves=32
num_cat=0
split_feature=11 41 41 20 20 19 1 42 14 20 0 2 18 16 19 2 19 5 16 6 14 19 13 14 5 8 20 3 35 0 0
split_gain=69.1747 12.3442 44.5399 8.39442 9.7107 8.29796 8.42411 8.14524 7.58311 11.0357 8.36809 5.06326 4.36837 4.84948 8.93754 4.29914 5.49781 3.06392 2.59349 2.40417 3.50219 2.93197 1.76398 1.0299 0.839979 0.566441 0.514951 0.183324 0.118462 0.0502011 0.0345955
threshold=1.1076223737683561 1.0000000180025095e-35 0.99987853278274375 -0.25990403362387099 -0.49921958716089726 4.5000000000000009 -1.5501640489567821 0.038627865923888956 -0.58297735611061285 0.50010114628648317 -0.75160781943036892 1.3257278147781943 7.5000000000000009 9.5000000000000018 55.500000000000007 -0.93306807624577737 2.5000000000000004 1.0000000180025095e-35 2.5000000000000004 -1.0003734156855666 -0.36971566438441256 5.5000000000000009 -0.47386401469901412 -0.58476531908332718 1.0000000180025095e-35 0.45122094680913155 0.41272592795462998 -1.0814520841117299 0.87342307335642111 -1.332717540150189 0.21317540734420878
decision_type=2 2 2 2 2 2 2 2 2 2 2 2 2 2 2 2 2 2 2 2 2 2 2 2 2 2 2 2 2 2 2
left_child=1 3 23 4 5 6 -1 -7 9 11 -11 -4 13 17 -15 18 -17 -5 -10 21 -21 -14 -2 24 26 -24 -3 -26 29 -25 -30
right_child=22 2 8 12 -6 7 -8 -9 15 10 -12 -13 19 14 -16 16 -18 -19 -20 20 -22 -23 25 28 27 -27 -28 -29 30 -31 -32
leaf_value=0.14104071764426401 -0.051143233119390757 0.076264275931732253 -0.036022163427692315 -0.03113309974098909 0.097881648795043574 -0.021365151734151207 0.015414754848320064 0.018324091353417223 0.044955507175101814 0.045651744597995259 -0.012254041180793498 0.025731230956468377 0.075837986694092308 -0.0093844214943334791 0.088046488664216188 0.10345654272441425 0.012485449374899151 0.0027264409638636249 -0.050922962381315717 -0.049321400025513801 -0.01976926820426984 -0.020855924907341214 0.050530425441458304 0.070943205518119043 0.088853736648206283 -0.031579212144126512 0.10315679755684476 0.056586816723098489 0.070033306343388599 0.052974975690203124 0.05964403077447647
leaf_weight=1.5510055683553208 0.43213516753166814 3.6812837310135382 47.561068687587976 36.200516898185015 2.2399185020476571 62.796243393793702 9.5580121520906669 16.277943998575211 0.86360440216958423 9.4506889758631605 18.359754252247512 3.5683518610894671 0.88214707933366199 14.75226898211986 2.8006207384169093 1.7745501687750245 25.914471096359193 8.1933852164074761 3.8480652356520295 31.4523338181898 14.716204659547655 7.0445490684360266 59.589861347340047 0.41082704998552788 0.50353962555527676 0.21078493818640609 3.4468038408085704 3.499175775796175 1.7795129874721172 7.2254532203078252 1.4576457310467956
leaf_count=17 21 35 1301 1149 27 1729 205 362 19 183 504 102 23 432 52 61 772 224 101 1037 339 249 5914 9 3 5 27 131 14 371 50
internal_value=0.000107223 -0.00859903 0.00328153 -0.0161984 -0.00495586 -0.00751008 0.0329543 -0.0131949 -0.00956492 -0.0179247 0.0074238 -0.0317124 -0.0251527 -0.0160872 0.006161 0.0108026 0.0183157 -0.0248839 -0.0333493 -0.035534 -0.0399017 -0.010095 0.0495136 0.0682841 0.0789755 0.050241 0.0892682 0.060646 0.0573396 0.0539417 0.0653552
internal_weight=402.043 341.81 133.345 208.465 92.4231 90.1832 11.109 79.0742 111.341 78.9399 27.8104 51.1294 116.042 61.9468 17.5529 32.4007 27.689 44.3939 4.71167 54.0952 46.1685 7.9267 60.2328 22.0042 11.1308 59.8006 7.12809 4.00272 10.8734 7.63628 3.23716
internal_count=15468 9528 3683 5845 2340 2313 222 2091 3043 2090 687 1403 3505 1857 484 953 833 1373 120 1648 1376 272 5940 640 196 5919 62 134 444 380 64
is_linear=0
shrinkage=0.05


Tree=79
num_leaves=32
num_cat=0
split_feature=11 7 14 14 2 15 37 37 41 6 8 1 6 13 16 17 17 3 18 0 8 9 0 6 12 12 14 9 9 9 12
split_gain=65.445 12.0404 11.6765 11.4148 7.65632 7.21759 6.68737 21.5268 5.55887 4.90182 6.00017 3.49036 3.39135 1.67681 1.65842 4.04225 5.71287 5.97628 1.83613 1.15968 0.542725 0.0853962 0.0465292 0.0278504 0.00443824 0.00253108 0.000303771 0.000245281 0.000124439 7.69416e-05 0.000113513
threshold=1.1076223737683561 1.0000000180025095e-35 -0.58476531908332718 0.95999526661447587 -0.93306807624577737 2024.5000000000002 0.99964157064671022 0.0076521093500994128 1.0000000180025095e-35 -1.575457089110593 0.23943576103375847 1.3902777464416196 0.99235916853162742 -0.47386401469901412 4.5000000000000009 19.500000000000004 23.500000000000004 0.85830588875267699 17.500000000000004 0.067519002814292711 0.45122094680913155 0.93511066398390363 -0.24049890297283777 1.7468926401893323 2.7349769336268683 2.7978151630681056 1.807680034835746 0.86723956240369104 0.70145277509322679 0.52009536125279188 2.8054244831199475
decision_type=2 2 2 2 2 2 2 2 2 2 2 2 2 2 2 2 2 2 2 2 2 2 2 2 2 2 2 2 2 2 2
left_child=1 14 5 21 12 6 7 -3 -6 10 -7 -11 -5 -2 15 25 17 -17 -18 -8 27 22 -4 24 28 26 -1 29 -16 -15 -31
right_child=13 2 3 4 8 9 19 -9 -10 11 -12 -13 -14 20 23 16 18 -19 -20 -21 -22 -23 -24 -25 -26 -27 -28 -29 -30 30 -32
leaf_value=-0.050935997710984615 -0.051086382894542676 -0.0075615982058797387 0.060717197209982698 -0.047849708307476223 -0.0026774697109366351 -0.053205597902141216 -0.047627899202790869 0.097729904738598633 0.025436935270739376 -0.038979229073290309 0.088931464798387261 0.029362868369478653 0.051125640046720933 0.050484340608619616 -0.051812491602132853 0.22930477756879231 -0.051469346340949212 0.011176408506675875 0.061936282998584828 -0.022539870393233588 -0.030423041926477441 0.075267674560100362 0.05362288779502096 -0.036208994311460456 -0.054259114093928675 -0.054850337286824105 -0.051875511200139279 0.052070504371332461 -0.05090135287309925 0.050593855447509245 0.051397299499951282
leaf_weight=3.8171714711934346 0.41150558087974687 150.91352445771918 3.4965763874351969 9.0171866053715313 44.940088062547147 1.2651838064193719 9.9027051441371459 5.0157079491764298 28.881321188993752 36.741867729462683 1.7971833972260354 1.9683297369629134 0.95737373642623502 53.74895384721458 0.38459394406527891 0.53278406802564882 1.8953523896634581 0.76472850050777197 0.4397306740283965 8.6121678585186583 0.20793029107153316 0.61089294403791505 6.8178698485717151 0.31822327058762212 1.0690431706607331 0.5092694517225026 1.110702523961663 0.24890318047255178 14.623699690215288 2.1624971451237793 0.55179052706807841
leaf_count=231 21 3531 85 237 989 30 326 82 896 1235 65 50 20 5663 17 23 91 25 18 259 5 4 328 20 28 10 38 12 890 210 29
internal_value=0.000102989 -0.00831238 -0.00560532 0.00903366 0.00276628 -0.0120184 -0.00754812 -0.00417473 0.00832179 -0.0306867 0.0302091 -0.0355042 -0.0383499 0.0494817 -0.0413663 -0.0242106 0.0166271 0.100744 -0.0301134 -0.0359582 0.0502087 0.0571036 0.0560278 -0.0508565 -0.0511464 -0.0514946 -0.0511478 0.0505044 -0.0509247 0.0504975 0.0507572
internal_weight=393.735 336.403 310.938 94.7213 83.796 216.217 174.444 155.929 73.8214 41.7726 3.06237 38.7102 9.97456 57.3316 25.4653 9.06974 3.6326 1.29751 2.33508 18.5149 56.9201 10.9253 10.3144 16.3956 16.0773 5.43714 4.92787 56.7121 15.0083 56.4632 2.71429
internal_count=15468 9528 8137 2559 2142 5578 4198 3613 1885 1380 95 1285 257 5940 1391 436 157 48 109 585 5919 417 413 955 935 279 269 5914 907 5902 239
is_linear=0
shrinkage=0.05


Tree=80
num_leaves=32
num_cat=0
split_feature=11 7 14 14 2 15 3 33 0 41 6 3 0 1 16 17 17 3 18 13 8 45 36 23 6 12 12 14 9 9 9
split_gain=61.8991 11.4707 10.6683 10.8962 7.09281 6.80364 6.64307 24.4296 6.70936 4.99261 4.55102 5.282 3.28669 3.27518 1.66888 3.84068 4.71537 3.87861 1.69116 1.59398 0.520461 0.0720034 0.0649227 0.0390882 0.0304736 0.00384457 0.00217784 0.000261058 0.000211274 0.000107317 6.62913e-05
threshold=1.1076223737683561 1.0000000180025095e-35 -0.58476531908332718 0.95999526661447587 -0.93306807624577737 2024.5000000000002 0.93590681713842672 0.0045474381706620002 1.7553856966276633 1.0000000180025095e-35 -1.575457089110593 -0.8810399081468977 -2.3905020464827333 1.3902777464416196 4.5000000000000009 19.500000000000004 23.500000000000004 0.85830588875267699 17.500000000000004 -0.47386401469901412 0.45122094680913155 0.99987853278274375 0.24939787695739349 0.99997358653385171 1.7468926401893323 2.7349769336268683 2.7978151630681056 1.807680034835746 0.86723956240369104 0.70145277509322679 0.52009536125279188
decision_type=2 2 2 2 2 2 2 2 2 2 2 2 2 2 2 2 2 2 2 2 2 2 2 2 2 2 2 2 2 2 2
left_child=1 14 5 21 12 6 7 -3 -8 -6 11 -7 -5 -12 15 26 17 -17 -18 -2 28 23 -23 -4 25 29 27 -1 30 -16 -21
right_child=19 2 3 4 9 10 8 -9 -10 -11 13 -13 -14 -15 24 16 18 -19 -20 20 -22 22 -24 -25 -26 -27 -28 -29 -30 -31 -32
leaf_value=-0.050889769164633628 -0.051032412896735539 -0.0070119114023899547 0.051800457343779409 0.047966252641169251 -0.0025470914284523379 -0.051318920890591924 -0.030660413754797951 0.092472418221302755 0.10647690716190822 0.024074122024755677 -0.038304264388197548 0.080809548581908794 -0.047583453925663377 0.027312870518600187 -0.051723584718280063 0.1758552850162414 -0.051397131637280616 0.010513538660038957 0.055459207207651719 0.050460494580129661 -0.029281714995729114 0.056352341810041111 0.071123043132962846 0.059700907516803271 -0.035270178961421865 -0.054055404743580171 -0.054605348137851721 -0.051782082036784506 0.05196844116841888 -0.050856745057641498 0.050720075966804459
leaf_weight=3.6342210453003663 0.39183974172919889 132.31052138842642 5.230182209517805 1.0043878350406874 44.879999341443181 1.2633281359449031 33.255190821364522 6.472768982872366 0.91646611131727596 28.987681977916509 35.550316404551268 1.884976390749215 8.6591091938316804 2.0091685168445101 0.36645004432647965 0.65608893893659137 1.8053842233493926 0.77210107259452343 0.46581072080880392 51.151137512177229 0.20530193299055 1.5692371902987363 1.4145200178027151 2.2344721052795649 0.31055733840912658 1.0206408053636558 0.4865505639463662 1.0583910979330537 0.23721729125827451 13.922386914491652 2.583751722238957
leaf_count=231 21 3392 305 21 989 55 719 73 14 896 1235 40 236 50 17 23 91 25 18 5663 5 54 18 40 20 28 10 38 12 890 239
internal_value=9.83278e-05 -0.00801002 -0.0053879 0.00865131 0.00262999 -0.0115631 -0.00723444 -0.00237202 -0.0269825 0.00789979 -0.029954 0.02779 -0.0376524 -0.0347942 -0.0409374 -0.023628 0.0152826 0.086469 -0.0294814 0.0494506 0.0501773 0.0567896 0.0633547 0.0541654 -0.0507762 -0.0510907 -0.0514212 -0.051091 0.0504795 -0.050879 0.050473
internal_weight=386.71 332.141 307.642 93.9796 83.5312 213.663 172.955 138.783 34.1717 73.8677 40.7078 3.1483 9.6635 37.5595 24.4986 8.87855 3.69938 1.42819 2.27119 54.5692 54.1774 10.4484 2.98376 7.46465 15.62 15.3095 5.17916 4.69261 53.9721 14.2888 53.7349
internal_count=15468 9528 8137 2559 2142 5578 4198 3465 733 1885 1380 95 257 1285 1391 436 157 48 109 5940 5919 417 72 345 955 935 279 269 5914 907 5902
is_linear=0
shrinkage=0.05


Tree=81
num_leaves=32
num_cat=0
split_feature=11 5 11 6 42 42 18 29 19 41 38 30 30 45 41 41 34 12 19 39 8 6 13 8 2 17 38 8 9 11 9
split_gain=58.5535 11.0007 7.55063 6.73315 6.81226 11.9398 5.67279 7.7672 7.14255 5.53029 5.11417 4.80642 10.1004 4.79102 3.99662 8.6918 4.60884 3.58104 2.70497 3.7619 1.89058 1.73076 1.51527 1.19143 1.0575 1.05312 0.781414 0.499569 0.274597 0.0951447 0.00018197
threshold=1.1076223737683561 1.0000000180025095e-35 0.1535784208883989 1.6278583131022746 0.99952847873625494 0.0048542843254016374 18.500000000000004 0.99979485528041268 48.500000000000007 0.014955584680269808 0.99960524445339072 0.087963434679698707 0.99987956274106693 1.0000000180025095e-35 1.0000000180025095e-35 0.99987853278274375 0.0028638883325029512 2.8056013888557039 40.500000000000007 0.99987949765743289 0.65493601462522866 1.680016849076478 -0.47386401469901412 0.23943576103375847 1.0418189880486477 15.500000000000002 0.391324139788647 0.45122094680913155 0.86723956240369104 -1.3303204638715262 0.86723956240369104
decision_type=2 2 2 2 2 2 2 2 2 2 2 2 2 2 2 2 2 2 2 2 2 2 2 2 2 2 2 2 2 2 2
left_child=1 2 11 4 5 13 7 10 26 -10 -4 14 29 -3 16 -16 -1 -14 25 -20 21 -5 -2 -23 -9 -6 -8 30 -7 -13 -24
right_child=22 3 6 20 18 28 8 24 9 -11 -12 12 17 -15 15 -17 -18 -19 19 -21 -22 23 27 -25 -26 -27 -28 -29 -30 -31 -32
leaf_value=-0.039918340273232676 -0.050981170303746159 -0.018771903974679885 0.0053911421608161259 0.11927791972085461 -0.023529719070564489 0.057654444438634656 -0.050495525627989424 -0.053258140468368076 -0.025817787137745015 0.064861126775631467 -0.045013224017908651 0.07886504238934848 -0.021339016248451734 0.019515554197554602 0.07119669853384214 -0.020666861085303148 0.0027161442991900553 0.099392150338692198 0.036774866148539719 -0.036416974021224346 -0.053288841487553765 0.054642795367025668 0.050449723182307685 -0.028794432121189095 0.0065934734959532159 -0.054215752640875005 -0.0073756720011528103 -0.028157748083621037 0.075244402542434627 0.063075137773272907 0.051871452664341101
leaf_weight=51.795288702473044 0.37309468258172174 15.946784430183468 106.45106395473704 1.0056993751786629 7.2101829126477259 6.4241961687803251 13.983130997046828 7.4173596985638124 3.7904744790866962 3.0219034934416413 5.2821588385850182 2.2659685742110018 16.449413913302127 16.755680756643414 2.787453935481607 33.770268675871193 7.2227702494710675 0.6380237340927114 3.8809616481885305 3.2057209694758058 0.40072288922965515 6.2923165680840611 51.137174148112535 0.45906029362231482 0.81957060657441605 4.567032995633781 1.1360309058800346 0.20288538746535678 3.3893102398142219 1.6478142826817954 0.22605932876467605
leaf_count=2676 21 429 1717 25 158 214 350 186 75 48 109 12 574 340 46 1363 201 12 78 73 9 553 5902 20 17 133 30 5 38 42 12
internal_value=9.37536e-05 -0.00771677 -0.0124661 0.00993692 0.00426484 0.0153602 -0.00472036 -0.000445987 -0.0281021 0.0144065 0.00300829 -0.0218945 -0.000236079 0.000845346 -0.0266535 -0.0136624 -0.0347006 -0.0168311 -0.0207422 0.00366592 0.0526141 0.0580849 0.0494202 0.0489695 -0.0473029 -0.0354293 -0.0472556 0.0501467 0.0637295 0.072217 0.050456
internal_weight=379.956 328.016 258.479 69.5377 61.3799 42.516 141.902 119.97 21.9315 6.81238 111.733 116.577 21.0012 32.7025 95.5758 36.5577 59.0181 17.0874 18.8639 7.08668 8.1578 7.75708 51.9392 6.75138 8.23693 11.7772 15.1192 51.5661 9.81351 3.91378 51.3632
internal_count=15468 9528 7458 2070 1463 1021 2532 2029 503 123 1826 4926 640 769 4286 1409 2877 586 442 151 607 598 5940 573 203 291 380 5919 252 54 5914
is_linear=0
shrinkage=0.05


Tree=82
num_leaves=31
num_cat=0
split_feature=11 7 21 14 18 14 16 2 15 13 16 17 17 19 18 0 1 8 19 13 9 6 12 12 34 9 9 9 12 2
split_gain=55.4173 10.6264 10.0363 10.0268 11.4475 8.62665 7.79539 7.46588 5.97903 1.73775 1.72413 3.74405 4.04017 2.77585 2.04757 1.66659 2.6315 1.4429 1.35119 0.359042 0.0508473 0.0322942 0.00326297 0.00177119 0.00023304 0.000156771 0.000100268 4.95014e-05 7.27404e-05 4.03111e-07
threshold=1.1076223737683561 1.0000000180025095e-35 0.96464905988311467 -0.58476531908332718 3.5000000000000004 0.95999526661447587 5.5000000000000009 -0.77955652526949237 2024.5000000000002 2.1294562075180359 4.5000000000000009 19.500000000000004 23.500000000000004 24.500000000000004 18.500000000000004 -1.7696945381782132 -2.1844944444834247 0.41773638089260118 1.0000000180025095e-35 -0.47386401469901412 0.93511066398390363 1.7635136456496385 2.7349769336268683 2.7978151630681056 0.99930865958219239 0.86723956240369104 0.70145277509322679 0.52009536125279188 2.8054244831199475 -0.80326585415590623
decision_type=2 2 2 2 2 2 2 2 2 2 2 2 2 2 2 2 2 2 2 2 2 2 2 2 2 2 2 2 2 2
left_child=1 10 3 4 6 20 -3 -7 -6 15 11 23 13 -13 -14 16 -4 19 -17 -2 -5 22 26 24 -1 27 -12 29 -29 -21
right_child=17 2 9 5 8 7 -8 -9 -10 -11 21 12 14 -15 -16 18 -18 -19 -20 25 -22 -23 -24 -25 -26 -27 -28 28 -30 -31
leaf_value=-0.050908542461848887 -0.050941201777768702 -0.015845503899604593 -0.053543363898403987 0.055359595933089693 -0.0084814295056695362 -0.033024355569205369 0.048057310426297378 0.012573999144347049 -0.032780422093370572 0.04197409753323067 -0.051657676720005721 0.011216011454058388 -0.051362396641115429 0.14659981943157016 0.074517267731507256 0.027585268197733988 0.078493866638500054 -0.035311642477208346 -0.043098794429851317 0.05048246010583151 0.07080951971889074 -0.033897672836062973 -0.053822401448983641 -0.054273549443753524 -0.052273679096282458 0.051779287902162546 -0.050794992418420608 0.050510697732895384 0.051202440914837936 0.050415754752635877
leaf_weight=4.0105124227702635 0.087499134242533638 7.2760105873458114 0.74518999829888344 9.1967009440995717 137.29495223471895 10.404321558773516 13.869694895111023 65.427806732710451 31.039322036318481 0.7068994240835299 0.34584439080208085 0.76401040796190522 1.7596119130030277 0.75058536976575851 0.39569409191608418 0.69749297108501451 0.76447692699730996 0.49772574007511039 22.0469905519858 0.22760577872394705 0.56527705863118249 0.28074368089437562 0.96950984373688776 0.46122759766876686 0.33905020542442788 0.2154073785059144 12.908605606295167 1.8641400393098586 0.47735407855361689 46.065535785630352
leaf_count=260 5 199 17 413 3327 269 329 1646 1100 25 17 25 93 23 16 20 23 23 765 25 4 19 28 10 9 12 891 210 29 5636
internal_value=9.0069e-05 -0.00745492 -0.00494484 -0.00219012 -0.00860614 0.012013 0.026069 0.00631781 -0.0129619 -0.0353022 -0.0402198 -0.0223109 0.015726 0.0783079 -0.0282521 -0.0375545 0.0133187 0.0493907 -0.0409312 0.0502521 0.0562542 -0.0506909 -0.0510223 -0.0513274 -0.051015 0.0504334 -0.0508175 0.0504274 0.0506517 0.0504161
internal_weight=372.456 323.021 300.035 275.074 189.48 85.5941 21.1457 75.8321 168.334 24.961 22.9854 8.48069 3.6699 1.5146 2.15531 24.2542 1.50967 49.4353 22.7445 48.9375 9.76198 14.5047 14.224 4.81079 4.34956 48.85 13.2544 48.6346 2.34149 46.2931
internal_count=15468 9528 8137 7287 4955 2332 528 1915 4427 850 1391 436 157 48 109 825 40 5940 785 5917 417 955 936 279 269 5912 908 5900 239 5661
is_linear=0
shrinkage=0.05


Tree=83
num_leaves=32
num_cat=0
split_feature=11 7 5 15 29 21 6 29 41 19 21 0 1 8 8 16 17 2 0 6 13 8 6 12 12 14 34 9 9 9 12
split_gain=52.4239 10.1062 9.44298 8.05229 7.17225 6.26344 6.04327 5.69901 6.52708 5.55495 6.33343 3.69778 3.61045 1.82814 1.75073 1.73009 3.56238 3.85681 8.89025 1.66185 1.38529 0.456174 0.0351114 0.00282377 0.00152408 0.000228917 0.000199879 0.000134968 8.64608e-05 4.25437e-05 6.2589e-05
threshold=1.1076223737683561 1.0000000180025095e-35 1.0000000180025095e-35 2024.5000000000002 0.99979485528041268 0.96464905988311467 1.6278583131022746 0.0051562955663276852 1.0000000180025095e-35 14.500000000000002 -0.70750862647850121 -0.49031782076624619 1.4678822397134923 0.65493601462522866 0.27145436877311141 4.5000000000000009 19.500000000000004 -0.31583024450385516 0.028496729540177203 -1.8208645528758693 -0.47386401469901412 0.45122094680913155 1.7635136456496385 2.7349769336268683 2.7978151630681056 1.807680034835746 0.99930865958219239 0.86723956240369104 0.70145277509322679 0.52009536125279188 2.8054244831199475
decision_type=2 2 2 2 2 2 2 2 2 2 2 2 2 2 2 2 2 2 2 2 2 2 2 2 2 2 2 2 2 2 2
left_child=1 15 3 4 5 -3 7 8 -4 10 -5 -9 -6 14 -8 16 24 25 -19 -11 -2 27 23 28 26 -18 -1 29 -17 -22 -31
right_child=20 2 6 9 12 -7 13 11 -10 19 -12 -13 -14 -15 -16 22 17 18 -20 -21 21 -23 -24 -25 -26 -27 -28 -29 -30 30 -32
leaf_value=-0.050863797732851983 -0.050896770734475572 0.0006457958775206035 -0.015176798559575436 0.048764607219940997 -0.044877881375514732 -0.034089868641328798 0.052957875907285172 -0.028160340918666562 0.022175170190051885 0.0082403598076193126 -0.026015650817483062 0.060013271307718344 0.054680181470501368 -0.053089145614835825 0.14819848922603279 -0.051576472313607395 -0.050831163200960955 0.23838310506439797 0.0022726626846517723 -0.043270847446844438 0.05039589272704699 -0.025636467468693247 -0.03291934119474265 -0.053638762634388139 -0.054058569638798307 -0.052117273822427937 -0.052158762573541739 0.051691701566884921 -0.05075572534182074 0.05048567599100761 0.051143253377619879
leaf_weight=3.8181887492537516 0.34207442775368591 160.8625815291889 28.687517199665308 4.2378161335363975 13.87887088116258 14.116712369024752 6.6583089698106042 1.4367294078692792 19.746449176687747 1.6556094363331819 8.5318130822852236 6.8977272720076126 0.9745890451595195 0.37706734891980875 0.52021907456219185 0.32948225177824042 0.66433366946876071 0.50984270405024323 1.8285135161131618 28.855293951928616 44.083172599319369 0.19802993163466354 0.27478733193129379 0.92530392017215568 0.44043392315506924 0.72201784141361713 0.32320715114474285 0.2052402631379654 12.288305551744996 1.7740815589204424 0.45458549447357643
leaf_count=260 21 3683 602 105 488 492 578 34 535 49 286 147 21 9 11 17 44 15 78 1097 5663 5 19 28 10 20 9 12 891 210 29
internal_value=8.48366e-05 -0.00717059 -0.00474551 -0.00942534 -0.00498816 -0.00215656 0.0122144 0.00662327 5.15382e-05 -0.0288872 -0.00119857 0.0448135 -0.0383455 0.054223 0.0598598 -0.0397729 -0.0217395 0.014577 0.0537529 -0.0404757 0.0493559 0.05009 -0.0506137 -0.0509727 -0.0512622 -0.051501 -0.0509649 0.0504123 -0.0507772 0.0504067 0.0506198
internal_weight=366.619 319.562 297.437 233.113 189.833 174.979 64.324 56.7684 48.434 43.2805 12.7696 8.33446 14.8535 7.5556 7.17853 22.1244 8.30654 3.72471 2.33836 30.5109 47.0572 46.7151 13.8179 13.5431 4.58183 1.38635 4.1414 46.5171 12.6178 46.3118 2.22867
internal_count=15468 9528 8137 6221 4684 4175 1916 1318 1137 1537 391 181 509 598 589 1391 436 157 93 1146 5940 5919 955 936 279 64 269 5914 908 5902 239
is_linear=0
shrinkage=0.05


Tree=84
num_leaves=32
num_cat=0
split_feature=11 7 21 14 18 14 16 2 6 16 17 2 1 33 16 0 6 19 13 8 9 6 12 12 14 34 9 9 9 12 8
split_gain=49.6062 9.61372 8.96146 8.94125 10.4037 8.23086 6.78974 6.75734 5.74489 1.72869 3.38608 3.42781 9.94726 1.65951 3.37841 2.1219 1.83215 1.75591 1.31694 0.439279 0.0556273 0.0404895 0.00244319 0.00131148 0.000196307 0.000171467 0.000116238 7.45235e-05 3.66486e-05 5.38548e-05 7.3837e-07
threshold=1.1076223737683561 1.0000000180025095e-35 0.96464905988311467 -0.58476531908332718 3.5000000000000004 0.95999526661447587 5.5000000000000009 -0.77955652526949237 1.8224001889568742 4.5000000000000009 19.500000000000004 -0.31583024450385516 -0.11076177390160694 0.64771456460542098 10.500000000000002 -1.7696945381782132 0.73090858719219942 1.0000000180025095e-35 -0.47386401469901412 0.45122094680913155 0.94613496006702369 1.7735186411575268 2.7349769336268683 2.7978151630681056 1.807680034835746 0.99930865958219239 0.86723956240369104 0.70145277509322679 0.52009536125279188 2.8054244831199475 0.26138193115050518
decision_type=2 2 2 2 2 2 2 2 2 2 2 2 2 2 2 2 2 2 2 2 2 2 2 2 2 2 2 2 2 2 2
left_child=1 9 3 4 6 20 -3 -7 -6 10 23 24 -13 15 16 -4 -15 -17 -2 26 -5 22 27 25 -12 -1 28 -11 30 -30 -20
right_child=18 2 13 5 8 7 -8 -9 -10 21 11 12 -14 14 -16 17 -18 -19 19 -21 -22 -23 -24 -25 -26 -27 -28 -29 29 -31 -32
leaf_value=-0.050821277984493908 -0.050852362637280782 -0.014893432329243769 0.021486837272977 0.0551839308738582 -0.0133915916790074 -0.032056101382293152 0.044975390128865034 0.011918474250195698 0.068606711909810228 -0.051499262628465631 -0.050790060348923416 0.25168662231012168 -0.0014749574679521298 -0.052975415982584151 0.10344749345627678 0.040932036636460917 0.053095599876448268 -0.046065569845079424 0.050375948681237993 -0.024585562002675782 0.073512736272444507 -0.030740711041171105 -0.053463874071152218 -0.053854724836927131 -0.052010363542076166 -0.052049849195696121 0.051608461375319929 -0.050718564878522991 0.050461885307575366 0.051087002884545978 0.050466903905477971
leaf_weight=3.6349355392158054 0.32566824648529191 7.1321739982813623 1.3495405055582583 8.8009943403303588 163.46447324799374 10.085123018361626 14.094678143505005 65.304413890931755 2.1643356354907146 0.31387123372405312 0.63243224099278472 0.48349709622561987 1.9647956583648916 1.691779216751456 0.63297745957970608 0.59857795946300285 0.53611505217850197 18.687950592953712 41.724667853675783 0.19621756300330062 0.43439301848411638 0.25332712940871793 0.88298281747847873 0.42049941141158331 0.68818073906004429 0.30807123333215702 0.19553752010688086 11.713328425772486 1.6883341060020023 0.43287921184673894 0.22432997496798535
leaf_count=260 21 199 37 415 4338 269 329 1646 89 17 44 9 84 52 14 18 24 705 5637 5 2 18 28 10 20 9 12 892 210 29 26
internal_value=7.81205e-05 -0.0068961 -0.00455382 -0.00198992 -0.00809647 0.0114936 0.0248596 0.00603584 -0.0123201 -0.0393398 -0.0212157 0.0134994 0.0485202 -0.0341768 0.00151093 -0.0391243 -0.0274507 -0.0433655 0.0493274 0.0500612 0.056046 -0.0505369 -0.0509253 -0.0512003 -0.051426 -0.0509173 0.0503921 -0.0507389 0.0503867 0.0505895 0.0503764
internal_weight=361.061 316.273 294.978 271.481 186.856 84.6249 21.2269 75.3895 165.629 21.2959 8.13241 3.76891 2.44829 23.4969 2.86087 20.6361 2.22789 19.2865 44.7876 44.462 9.23539 13.1635 12.9102 4.36351 1.32061 3.94301 44.2657 12.0272 44.0702 2.12121 41.949
internal_count=15468 9528 8137 7287 4955 2332 528 1915 4427 1391 436 157 93 850 90 760 76 723 5940 5919 417 955 937 279 64 269 5914 909 5902 239 5663
is_linear=0
shrinkage=0.05


Tree=85
num_leaves=32
num_cat=0
split_feature=11 8 7 7 6 15 4 17 6 41 41 35 17 17 2 30 30 34 20 4 6 8 13 18 30 12 3 41 21 9 9
split_gain=46.9442 9.38674 7.99026 7.66378 6.94752 7.10737 8.16413 9.13254 7.94861 5.23533 19.4384 4.4302 3.97738 7.21447 4.38745 3.94761 13.1016 4.05337 3.45716 4.88467 4.82637 1.26597 0.586535 0.370313 0.0719797 0.00708315 0.00615007 0.00111002 0.000130063 9.98479e-05 4.08978e-05
threshold=1.1076223737683561 0.081334345426088889 1.0000153594226915 1.9963824514917934 -1.4142410332700319 2023.5000000000002 1.0000000180025095e-35 16.500000000000004 -1.0003734156855666 1.0000000180025095e-35 0.99987853278274375 0.047560973583475448 20.500000000000004 15.500000000000002 -1.3840947084995072 0.052570799669467767 0.99987956274106693 0.0028638883325029512 -0.86688808668927086 1.0000000180025095e-35 0.035500237744997235 0.48997862772243278 -0.47386401469901412 3.5000000000000004 0.99987956274106693 2.8055242916100682 1.647848289567593 0.99987853278274375 -0.00010257235979377899 0.86723956240369104 0.52009536125279188
decision_type=2 2 2 2 2 2 2 2 2 2 2 2 2 2 2 2 2 2 2 2 2 2 2 2 2 2 2 2 2 2 2
left_child=1 4 9 24 26 12 7 -7 -8 15 23 -12 13 -6 -14 17 -17 -3 20 -20 -5 22 -2 -11 25 -4 27 28 -1 30 -24
right_child=21 2 3 18 5 6 8 -9 -10 10 11 -13 14 -15 -16 16 -18 -19 19 -21 -22 -23 29 -25 -26 -27 -28 -29 -30 -31 -32
leaf_value=-0.053088935132869768 -0.050767008289268445 -0.032616643418193904 0.051591569427701059 -0.053262832836904306 -0.015969971355926829 0.027203412604282634 0.18588489462022709 -0.013625838706295332 0.042933603226205375 0.081506994048513859 -0.022449603023596703 0.015977686080989439 0.07550207197055997 0.032752934827435118 -0.035683227754298497 0.069191034842377611 -0.027043669191385962 0.0019252895076663998 -0.026098787140997684 0.079901928625763591 0.066899551626560458 -0.052251569804972524 0.05035794124167401 0.059092144881646061 0.065306546880314217 0.05643101506123395 -0.05762395720705147 -0.054566368859397113 -0.052299444279770013 0.051529352066240056 0.050585619235713419
leaf_weight=1.3083427641540768 0.14383192826062341 76.618357403669506 5.508725797757509 1.1453905180096686 20.540800137445331 32.02189805964008 1.0809650570154179 23.931332583073527 9.68425554782152 3.6904531228356054 45.880744096823037 8.9661355754360539 0.94558317773044009 12.057436807546763 14.388448647689073 4.6654040180146703 14.618884929455817 9.551845779642461 12.851006781682365 1.1872249203734107 3.0901235826313496 0.30470490455627341 39.917406958993524 3.6800716151483357 1.266007402911782 0.87637994112446893 1.1951669827103613 1.4328357651829722 0.86761614494025607 0.1862793960608532 2.0749422353692344
leaf_count=26 10 3636 279 26 237 430 11 345 565 38 1846 247 14 113 199 47 545 278 356 57 34 14 5663 101 10 30 13 21 24 12 241
internal_value=7.32164e-05 -0.00662976 -0.0134307 0.0124022 0.00439241 0.00686069 0.0174125 0.00974064 0.0572877 -0.0174249 -0.00592254 -0.0161677 -0.00782672 0.00205166 -0.0288269 -0.0242113 -0.00376183 -0.0287877 -0.00518848 -0.0171342 0.0344046 0.0492995 0.0500306 0.0703154 0.0544153 0.0522558 -0.0545153 -0.0534857 -0.0527741 0.0503743 0.0503692
internal_weight=355.679 313.051 193.597 25.9249 119.455 114.651 66.7185 55.9532 10.7652 167.672 62.2174 54.8469 47.9323 32.5982 15.334 105.454 19.2843 86.1702 18.2737 14.0382 4.23551 42.6272 42.3225 7.37052 7.65111 6.38511 4.80396 3.60879 2.17596 42.1786 41.9923
internal_count=15468 9528 7530 792 1998 1914 1351 775 576 6738 2232 2093 563 350 213 4506 592 3914 473 413 60 5940 5926 139 319 309 84 71 50 5916 5904
is_linear=0
shrinkage=0.05


Tree=86
num_leaves=32
num_cat=0
split_feature=11 7 37 37 5 15 13 6 0 16 17 2 0 1 21 21 8 38 6 13 39 6 11 12 12 14 34 9 9 9 12
split_gain=44.4636 8.90577 8.25405 18.3432 8.66021 5.76116 5.39177 5.16885 1.99853 1.75204 3.26708 3.12104 9.22672 1.72101 9.47304 2.05994 1.20367 0.870551 1.28851 0.557714 0.540403 0.0445302 0.00658389 0.0021619 0.00116623 0.000166252 0.000151582 8.59848e-05 5.92608e-05 3.52637e-05 3.55908e-05
threshold=1.1076223737683561 1.0000000180025095e-35 0.99964157064671022 0.0076521093500994128 1.0000000180025095e-35 2024.5000000000002 -0.49041492138639692 -1.4142410332700319 0.067519002814292711 4.5000000000000009 19.500000000000004 -0.31583024450385516 -0.18638096777566263 0.36990101045812795 0.70406766269611465 -0.8661426606000272 0.48997862772243278 0.99960524445339072 0.22543361559071934 -0.47386401469901412 0.99987949765743289 1.7735186411575268 1.0381378971889845 2.7349769336268683 2.7978151630681056 1.807680034835746 0.99930865958219239 0.86723956240369104 0.70145277509322679 0.52009536125279188 2.8054244831199475
decision_type=2 2 2 2 2 2 2 2 2 2 2 2 2 2 2 2 2 2 2 2 2 2 2 2 2 2 2 2 2 2 2
left_child=1 9 3 4 5 -3 -6 -5 17 10 24 25 -13 14 -10 -15 19 22 -19 -2 -9 23 -4 28 26 -12 -1 29 -11 -21 -31
right_child=16 2 8 7 6 -7 -8 20 13 21 11 12 -14 15 -16 -17 -18 18 -20 27 -22 -23 -24 -25 -26 -27 -28 -29 -30 30 -32
leaf_value=-0.050762720254400234 -0.050729080267214337 -0.0045969332858541182 -0.051424557051280663 0.23787246824536959 0.0042605462108781514 -0.026429486492989269 0.039178197170105171 0.06228908658392205 -0.0516910715177957 -0.051389392048384455 -0.050732994491962849 0.2378744274058705 -0.0022729816868844927 0.032387537310990193 0.18255353152601539 -0.037930048936838184 -0.05214406149969119 -0.052218465361518564 0.059690117005510246 0.050340363911773378 0.10055284570974449 -0.029279837433944241 -0.054154562229978637 -0.053329010747751385 -0.053706396234224713 -0.051894266212678092 -0.051947485640488636 0.05145415871323903 -0.050667488565841003 0.050451332275966043 0.050983169852502501
leaf_weight=3.3722911523655088 0.13691687397658725 166.83900705864653 7.4004849279299378 0.50154647650197137 41.506713231094182 36.899110086262226 15.069414743222294 4.4095471468754104 1.3284773947671045 0.29191522672771952 0.58728404063731454 0.50008436292409952 1.9980023913085456 1.221023910678922 0.63931549713015545 7.0844490630552164 0.29042678605765004 0.60370852425694532 0.44816379249095917 37.983535163104534 1.1669421754777429 0.24368852376937944 3.1479045916348696 0.83156966790556985 0.39827768690884102 0.64857633970677853 0.29346934333443631 0.17744685336947341 10.8718239008449 1.5821972438134242 0.39263523928821076
leaf_count=260 10 4124 365 7 789 1337 936 119 58 17 44 6 87 41 25 228 14 22 19 5663 15 18 52 28 10 20 9 12 892 212 29
internal_value=6.94457e-05 -0.00640526 -0.00416481 -0.0017404 -0.00374524 -0.00855104 0.0135611 0.0841242 -0.0336911 -0.038638 -0.0201152 0.0136488 0.0458014 -0.0176311 0.0244126 -0.0275924 0.0492809 -0.0479139 -0.00453837 0.0500123 0.0702962 -0.0504397 -0.0522393 -0.0508696 -0.0511368 -0.0513424 -0.0508576 0.050356 -0.0506864 0.0503511 0.0505571
internal_weight=348.866 308.303 288.266 266.392 260.314 203.738 56.5761 6.07804 21.8735 20.037 7.79799 3.73395 2.49809 10.2733 1.96779 8.30547 40.5632 11.6003 1.05187 40.2727 5.57649 12.239 10.5484 11.9953 4.06404 1.23586 3.66576 40.1358 11.1637 39.9584 1.97483
internal_count=15468 9528 8137 7327 7186 5461 1725 141 810 1391 436 157 93 352 83 269 5940 458 41 5926 134 955 417 937 279 64 269 5916 909 5904 241
is_linear=0
shrinkage=0.05


Tree=87
num_leaves=28
num_cat=0
split_feature=11 21 14 14 18 2 31 21 16 16 34 19 45 3 2 13 0 0 0 6 8 13 19 9 9 12 8
split_gain=42.0958 8.80864 8.07089 8.76894 8.72542 7.71087 6.60005 6.39176 6.81574 5.86354 8.59019 5.42034 4.76418 2.52592 2.52491 1.77497 1.69193 2.68822 1.78328 1.50105 1.14446 0.530319 0.110277 7.40458e-05 3.03796e-05 3.06203e-05 4.70997e-07
threshold=1.1076223737683561 0.96464905988311467 -0.58476531908332718 1.5223445599649137 3.5000000000000004 -0.77955652526949237 0.99997358653385171 0.65789064063308766 5.5000000000000009 3.5000000000000004 0.0028638883325029512 3.5000000000000004 0.99987853278274375 -1.1505783338434947 -0.13902909257752769 2.1294562075180359 -1.7696945381782132 -2.162206379694052 1.7930782585728011 0.86683013320416535 0.48997862772243278 -0.47386401469901412 5.5000000000000009 0.86723956240369104 0.52009536125279188 2.8054244831199475 0.26138193115050518
decision_type=2 2 2 2 2 2 2 2 2 2 2 2 2 2 2 2 2 2 2 2 2 2 2 2 2 2 2
left_child=1 2 4 6 7 19 22 -1 -9 11 -11 -6 -7 -3 -8 16 17 -15 -18 -5 21 -2 -4 24 26 -26 -23
right_child=20 13 3 5 9 12 14 8 -10 10 -12 -13 -14 15 -16 -17 18 -19 -20 -21 -22 23 -24 -25 25 -27 -28
leaf_value=0.097634549956341299 -0.050693051097613885 0.10504054366417206 0.063634196020878497 -0.050827523629814492 0.045400509462413093 0.020255201124623555 0.032825844177691875 -0.031170256954852441 0.031548381313675197 -0.023870344246061142 0.019489091923042476 -0.004985606007177912 -0.0080860477942122297 -0.053216540347817934 -0.032629143182412293 0.043174141452330478 -0.044698131715702721 0.077993740337842746 0.052068860733548543 0.0017055716920098768 -0.052041583627460725 0.050323233980042105 0.054134074231394505 0.051382692387249435 0.050429273094483584 0.050934856986959237 0.050401479910174921
leaf_weight=2.3790951771661666 0.13032958935946126 0.31844827439636247 4.5802126857452121 7.7714461758732778 6.0735618062317362 31.817294116597623 2.5272967228665948 6.4661146057769683 13.122803594451396 107.09007136896253 12.786798019893466 44.047623855993152 27.770576399285346 0.79394744336605072 3.5328841879963866 0.67614984838291903 21.527611672878269 0.76794071123004559 0.48687505349516769 1.6481599640101192 0.27679278515279193 35.949392652604729 9.171420803293584 0.16902151331305404 1.5056743333116163 0.37383151706308115 0.19335908442735572
leaf_count=37 10 11 113 288 104 691 27 214 347 3647 229 1272 975 20 37 27 917 24 16 43 14 5637 489 12 212 29 26
internal_value=6.40235e-05 -0.00615497 -0.00364282 0.00881959 -0.00940896 0.000401684 0.0381404 0.0202446 0.0108456 -0.0132409 -0.0192454 0.00112006 0.00704693 -0.0348626 -0.00533224 -0.0366996 -0.0389903 0.0112962 -0.042558 -0.0416357 0.0492632 0.0499949 0.0572982 0.0503385 0.0503338 0.0505298 0.0503237
internal_weight=343.955 305.356 280.785 88.8193 191.966 69.0075 19.8118 21.968 19.5889 169.998 119.877 50.1212 59.5879 24.571 6.06018 24.2525 23.5764 1.56189 22.0145 9.41961 38.5984 38.3216 13.7516 38.1913 38.0223 1.87951 36.1428
internal_count=15468 9528 8513 2663 5850 1997 666 598 561 5252 3876 1376 1666 1015 64 1004 977 44 933 331 5940 5926 602 5916 5904 241 5663
is_linear=0
shrinkage=0.05


Tree=88
num_leaves=32
num_cat=0
split_feature=11 7 41 41 20 19 16 2 6 19 40 18 16 6 16 17 17 3 18 8 14 13 5 35 6 12 12 34 9 9 9
split_gain=39.8677 8.32576 7.80979 30.4301 7.4819 9.17998 7.78381 6.56242 11.0891 10.3155 4.89185 4.38689 5.18353 3.0987 1.75385 3.15449 2.89565 2.7204 1.64284 1.08819 0.539443 0.504279 0.448415 0.0629209 0.0484988 0.00171837 0.000969991 0.000126944 6.37627e-05 4.95385e-05 2.61702e-05
threshold=1.1076223737683561 1.0000000180025095e-35 1.0000000180025095e-35 0.99987853278274375 -0.25990403362387099 40.500000000000007 7.5000000000000009 1.1842171449080017 0.32108713455601212 5.5000000000000009 1.0000000180025095e-35 7.5000000000000009 9.5000000000000018 -1.0003734156855666 4.5000000000000009 19.500000000000004 23.500000000000004 0.85830588875267699 18.500000000000004 0.48997862772243278 -0.58476531908332718 -0.47386401469901412 1.0000000180025095e-35 0.87342307335642111 1.7735186411575268 2.7349769336268683 2.7978151630681056 0.99930865958219239 0.86723956240369104 0.62383112332095869 0.52009536125279188
decision_type=2 2 2 2 2 2 2 2 2 2 2 2 2 2 2 2 2 2 2 2 2 2 2 2 2 2 2 2 2 2 2
left_child=1 14 4 20 5 6 -3 8 -5 -9 -7 12 -6 -13 15 26 17 -17 -18 21 22 -2 -4 -22 25 29 27 -1 30 -16 -23
right_child=19 2 3 7 11 10 -8 9 -10 -11 -12 13 -14 -15 24 16 18 -19 -20 -21 23 28 -24 -25 -26 -27 -28 -29 -30 -31 -32
leaf_value=-0.050719640001030276 -0.050658826624554315 0.024959348338826192 0.080713515672222402 0.0023897136442790215 -0.020380750147005328 -0.03115925144828954 -0.01532123773878874 0.13445746688815971 -0.037317083208671047 0.0078618337323573696 0.07494138040553272 0.00072687375873150585 0.014758419968150933 -0.037214556326139472 -0.051398362034624473 0.12637860340584153 -0.051195864991705059 -0.00072374200915239128 0.056800073010628629 -0.051943909566961245 0.052974880488341959 0.050307768085642406 0.058237346679192295 0.062223115657151953 -0.027952694494619415 -0.053069027462495991 -0.053480721009833435 -0.051836168965150614 0.051314761982045681 -0.050625331222359772 0.05050392817750337
leaf_weight=3.1739638689905441 0.12405498512089153 37.341040886472911 6.6719872551038879 57.736145271919668 35.424991430249065 21.505617586895827 17.668065348174423 2.0059987483546129 25.283592633437365 8.1335553601384145 1.1441675666719664 6.299244485795497 14.913184393662958 36.930931409355253 0.21154438750817917 0.83193186298012756 1.5581629211083057 0.85224677342921495 0.45496520958840836 0.26377604622393747 5.5971774486824852 34.390630376525223 3.3249735883437097 2.7392143723554909 0.2369628259912141 0.78354359045624811 0.37688185926526774 0.27677179034799326 0.16098570637404819 10.20348229864612 1.7887351312674571
leaf_count=260 10 822 62 1420 1153 630 503 93 748 335 12 230 400 1151 13 23 93 25 16 14 380 5663 134 64 18 28 10 9 12 896 241
internal_value=6.12185e-05 -0.00592684 -0.00377577 0.00652275 -0.0104815 0.000990974 0.0120219 -0.0050652 -0.00970296 0.0329074 -0.0257995 -0.0200034 -0.00997042 -0.031686 -0.0380015 -0.0192551 0.0136835 0.0620609 -0.0267889 0.0492463 0.0654059 0.0499783 0.073238 0.0560137 -0.0503373 -0.0508109 -0.0510722 -0.0508092 0.0503219 -0.050641 0.0503175
internal_weight=338.409 301.68 282.72 111.493 171.227 77.6589 55.0091 93.1593 83.0197 10.1396 22.6498 93.5684 50.3382 43.2302 18.9605 7.52492 3.69731 1.68418 2.01313 36.7282 18.3334 36.4644 9.99696 8.33639 11.4355 11.1986 3.82762 3.45074 36.3404 10.415 36.1794
internal_count=15468 9528 8137 3236 4901 1967 1325 2596 2168 428 642 2934 1553 1381 1391 436 157 48 109 5940 640 5926 196 444 955 937 279 269 5916 909 5904
is_linear=0
shrinkage=0.05


Tree=89
num_leaves=32
num_cat=0
split_feature=11 21 33 33 5 3 6 1 7 19 18 11 6 19 6 0 6 43 20 8 13 25 0 12 8 39 17 9 9 12 8
split_gain=37.7657 8.13635 7.29224 24.2534 7.51558 5.94008 3.86414 3.30784 3.2397 6.32847 2.23556 1.80947 2.85804 5.25067 4.35466 1.84835 1.72225 1.63899 1.17131 1.0347 0.479526 0.277378 0.00333895 0.00136517 0.000921146 0.000531554 0.000119149 5.49058e-05 2.25596e-05 2.27083e-05 3.489e-07
threshold=1.1076223737683561 0.96464905988311467 0.99970103058260251 1.0000000180025095e-35 1.0000000180025095e-35 -0.77776418905643208 1.6278583131022746 2.7173173918983768 1.0130643634905889 52.500000000000007 2.5000000000000004 0.220212366453133 -0.29294835827231264 41.500000000000007 0.32108713455601212 -1.7696945381782132 1.5134014363505057 0.9998864808908724 0.74231475082867704 0.48997862772243278 -0.47386401469901412 0.97395512902943315 -1.4338871289308721 -1.0000000180025095e-35 0.081334345426088889 0.99987949765743289 7.5000000000000009 0.86723956240369104 0.52009536125279188 2.8054244831199475 0.26138193115050518
decision_type=2 2 2 2 2 2 2 2 2 2 2 2 2 2 2 2 2 2 2 2 2 2 2 2 2 2 2 2 2 2 2
left_child=1 2 3 4 5 -1 -6 8 10 -10 -4 15 24 16 -15 -3 -14 21 -19 20 -2 -5 -17 -24 25 -13 -26 28 30 -30 -22
right_child=19 11 7 17 6 -7 -8 -9 9 -11 -12 12 13 14 -16 22 -18 18 -20 -21 27 -23 23 -25 26 -27 -28 -29 29 -31 -32
leaf_value=-0.019308298463380009 -0.050626311846732691 0.045760788343915948 0.027710189021362949 0.054132661773370255 0.0085382506460197002 -0.0011934276392845519 0.054535109394116738 0.074733992616252437 -0.032935462969423339 0.17294920286104407 -0.041292613155252532 -0.053822160981050304 -0.040880671447101079 0.13894176573251732 -0.0023836195140587973 -0.046335847894631681 0.04860361688799919 0.072532898435675466 0.13639525751912371 -0.051850822156619639 0.050292290408993245 0.074796263078082834 -0.051146062321616281 -0.053702354477393389 -0.052083089449114689 -0.052234730613048425 -0.051164664795710392 0.051250191020784576 0.05038830470471331 0.050845606129370641 0.050363058973740542
leaf_weight=75.581279567442834 0.11807862855493922 0.51360740046948095 1.243003753945241 3.4361972687765938 46.915999116376042 112.78451196989045 5.0582978231832376 0.742968306876718 1.1450238581746806 0.55374638363718975 21.082879471126944 0.88678272254765045 4.1226112926378828 1.0340788932517173 1.1526372828520832 0.35371629614382882 0.61835518013685931 1.2598520237952473 1.6694052647799251 0.25135062821209331 32.547851576469839 3.0795262255705893 10.971762450411912 0.54838548041880564 0.46338428370654572 1.3010581508278847 1.4842663914896546 0.15332240797579189 1.363340854179113 0.33896377123892296 0.17510150326415796
leaf_count=2918 10 21 39 202 1162 2889 453 11 53 16 698 16 121 21 35 19 18 26 16 14 5637 30 622 16 17 35 74 12 212 29 26
internal_value=5.72568e-05 -0.00570946 -0.0032949 -0.00072896 -0.00381755 -0.00846197 0.0130148 -0.0291728 -0.0323861 0.0341765 -0.0374509 -0.0339784 -0.0192817 0.000353434 0.0644479 -0.0471039 -0.0292094 0.0778643 0.108929 0.0492304 0.0499626 0.0638989 -0.0511208 -0.0512677 -0.0521741 -0.0528782 -0.0513832 0.0503061 0.0503019 0.0504794 0.0502927
internal_weight=332.951 298.003 274.553 249.785 240.34 188.366 51.9743 24.7676 24.0247 1.69877 22.3259 23.4506 11.0632 6.92768 2.18672 12.3875 4.74097 9.44498 2.92926 34.948 34.6967 6.51572 11.8739 11.5201 4.13549 2.18784 1.94765 34.5786 34.4253 1.7023 32.723
internal_count=15468 9528 8513 7696 7422 5807 1615 817 806 69 737 1015 337 195 56 678 139 274 42 5940 5926 232 657 638 142 51 91 5916 5904 241 5663
is_linear=0
shrinkage=0.05


Tree=90
num_leaves=32
num_cat=0
split_feature=11 8 7 7 6 15 4 17 6 2 21 21 41 21 1 39 2 8 6 11 3 39 8 13 30 12 3 41 6 9 9
split_gain=35.7702 7.94164 6.93911 6.64858 6.44215 6.44161 6.97911 7.80877 6.15948 4.85781 4.94181 10.3561 3.60196 7.87334 4.35258 3.50025 5.44646 2.58818 2.48735 5.58556 2.0684 1.7746 0.983867 0.455995 0.0605617 0.0060549 0.00539233 0.000908614 6.57626e-05 4.72784e-05 1.94327e-05
threshold=1.1076223737683561 0.081334345426088889 1.0000153594226915 1.9963824514917934 -1.4142410332700319 2023.5000000000002 1.0000000180025095e-35 16.500000000000004 -1.0003734156855666 -0.77955652526949237 0.96464905988311467 0.50006766082871512 0.014955584680269808 0.25881904510252057 -0.15625823603319058 0.23103008170127995 0.013541025891839566 0.45122094680913155 -1.5198274609934506 -0.62574748808994041 -1.0957557278079346 0.99987949765743289 0.48997862772243278 -0.47386401469901412 0.99987956274106693 2.8055242916100682 1.647848289567593 0.99987853278274375 -1.7523701206031483 0.86723956240369104 0.52009536125279188
decision_type=2 2 2 2 2 2 2 2 2 2 2 2 2 2 2 2 2 2 2 2 2 2 2 2 2 2 2 2 2 2 2
left_child=1 4 9 24 26 12 7 -7 -8 18 11 -11 14 -14 -6 17 -17 -5 19 -3 -12 -20 23 -2 25 -4 27 28 -1 30 -25
right_child=22 2 3 15 5 6 8 -9 -10 10 20 -13 13 -15 -16 16 -18 -19 21 -21 -22 -23 -24 29 -26 -27 -28 -29 -30 -31 -32
leaf_value=-0.052828604161850493 -0.050595418727033228 0.1082993517003808 0.051444231145012537 0.019631743616078584 -0.055260022001842816 0.026455083419371583 0.16437693861270325 -0.011947935778888835 0.04162815152858497 -0.016843028070197559 0.065184642519396221 0.018558633976687656 0.029953375538003216 -0.038545134512344682 -0.0077547975129191099 0.038549478131527953 -0.035300860302987278 -0.052637116542811092 -0.025083539270111338 -0.051126290718382351 -0.046777679393900783 -0.050666482531080817 -0.051762117401329188 0.050278312281411067 0.064376821363975795 0.056154314639809605 -0.057229649262603932 -0.054240640417756704 -0.052252899427019953 0.051188809799199042 0.050455932181865754
leaf_weight=1.0303051471710203 0.11238671839237113 0.95192758645862374 4.9054036075249341 1.6901626517064876 6.3461100310087231 31.553733868058771 1.1565407514572132 22.803213988430798 8.7851177463307959 87.716646989108995 0.42823046538978715 27.021836808882654 13.745513831265272 6.0377234667539588 20.073434645775706 7.2903490806929767 3.796841346193105 4.6400446053594351 13.018286646809429 1.2992746196687246 11.234656366519628 14.142619497142732 0.23949152138084073 31.135700101964176 1.2193918433040378 0.79256541794165958 1.1285790950059889 1.3282425347715616 0.95660205185413283 0.1460152599029233 1.6200152318924654
leaf_count=24 10 36 279 52 95 430 11 345 565 3738 21 929 138 106 224 161 133 127 575 73 621 745 14 5663 10 30 13 21 26 12 241
internal_value=5.37135e-05 -0.00548621 -0.0120382 0.0127928 0.00478248 0.0071562 0.0173895 0.0103447 0.0559079 -0.0159163 -0.0116576 -0.00850565 -0.00708511 0.00904805 -0.0191658 -0.00367738 0.0132592 -0.0333414 -0.0342184 0.0162873 -0.0426667 -0.0384045 0.0492151 0.0499477 0.0542637 0.0520994 -0.0542445 -0.0532282 -0.0525514 0.0502911 0.0502871
internal_weight=328.347 295.093 180.148 24.3348 114.945 110.501 64.2986 54.3569 9.94166 155.813 126.401 114.738 46.2028 19.7832 26.4195 17.4174 11.0872 6.33021 29.4121 2.2512 11.6629 27.1609 33.2536 33.0141 6.91736 5.69797 4.44373 3.31515 1.98691 32.9017 32.7557
internal_count=15468 9528 7530 792 1998 1914 1351 775 576 6738 5309 4667 563 244 319 473 294 179 1429 109 642 1320 5940 5926 319 309 84 71 50 5916 5904
is_linear=0
shrinkage=0.05


Tree=91
num_leaves=32
num_cat=0
split_feature=11 7 37 37 7 8 7 6 0 16 17 2 0 1 21 21 8 38 19 13 39 6 11 12 12 14 34 9 34 9 12
split_gain=33.8936 7.63814 7.20668 15.1644 6.71399 5.89905 5.04027 3.40381 2.03479 1.79817 3.07962 2.72339 8.05113 1.66277 7.6436 1.92208 0.935548 0.905318 1.21801 0.433626 0.367119 0.0481717 0.00496737 0.00124098 0.000813443 0.000110121 9.66383e-05 4.07093e-05 3.83247e-05 1.67491e-05 1.68391e-05
threshold=1.1076223737683561 1.0000000180025095e-35 0.99964157064671022 0.0076521093500994128 1.0000153594226915 0.081334345426088889 1.9963824514917934 -1.4142410332700319 0.067519002814292711 4.5000000000000009 19.500000000000004 -0.31583024450385516 -0.26782445527780735 0.36990101045812795 0.70406766269611465 -0.8661426606000272 0.48997862772243278 0.99960524445339072 25.500000000000004 -0.47386401469901412 0.99987949765743289 1.7735186411575268 1.0381378971889845 2.7349769336268683 2.7978151630681056 1.807680034835746 0.99930865958219239 0.86723956240369104 0.99930865958219239 0.52009536125279188 2.8054244831199475
decision_type=2 2 2 2 2 2 2 2 2 2 2 2 2 2 2 2 2 2 2 2 2 2 2 2 2 2 2 2 2 2 2
left_child=1 9 3 4 5 -3 -6 -5 17 10 24 25 -13 14 -10 -15 19 22 -19 -2 -9 23 -4 28 26 -12 -1 29 -11 -21 -31
right_child=16 2 8 7 6 -7 -8 20 13 21 11 12 -14 15 -16 -17 -18 18 -20 27 -22 -23 -24 -25 -26 -27 -28 -29 -30 30 -32
leaf_value=-0.050672041224009194 -0.050566065814993025 0.0033732915314306903 -0.051277897560192826 0.19751236669178437 0.053337598029453974 -0.013030219079744275 0.0064444231631535067 0.059995682238018183 -0.051525224276487008 -0.050563678460554054 -0.050688316609437026 0.21578484869783524 -0.0028666232858006969 0.03209734542745199 0.15414765820018234 -0.036484014761777338 -0.05167758975138094 -0.051819534619591504 0.059095066026041837 0.050264666527042347 0.092059677807805468 -0.027362868384514735 -0.053768605851940293 -0.052737306911814413 -0.053277568268799959 -0.051688775369867435 -0.051685930150065063 0.051130461539836136 -0.050940666305951371 0.050351257160452981 0.05076490213754066
leaf_weight=2.9335877345874941 0.10696604382247343 99.605530529282987 6.6121990792453289 0.55678881518542755 8.2428266573697346 121.86633811611682 18.798976075835526 3.9248006148263803 1.1958308126777391 8.8564867936074663 0.52799005899578355 0.53240543231368098 2.0121790794655681 1.2105599222704766 0.72598045971244562 6.5466751409694552 0.22817460587248106 0.55133027303963966 0.44918526988476515 29.625032408162959 1.1555480659008024 0.22511675208807069 2.8709703423082829 0.72536543104797679 0.35463199485093344 0.57414588239043951 0.2554905405268072 0.13904851349070568 0.72970757260918695 1.2343804673291732 0.30728770978748787
leaf_count=260 10 1233 365 7 523 4684 746 119 58 866 44 5 88 41 25 228 14 23 18 5663 15 18 52 28 10 20 9 12 43 212 29
internal_value=4.57333e-05 -0.00527992 -0.00322432 -0.000941655 -0.00278112 -0.00565285 0.0207383 0.0801512 -0.0319973 -0.0370887 -0.0178116 0.014445 0.042882 -0.0154665 0.0261694 -0.0257815 0.0492007 -0.0472594 -0.002024 0.0499334 0.0672888 -0.0502437 -0.0520319 -0.0507433 -0.0510059 -0.0512095 -0.0507533 0.0502768 -0.0505924 0.050273 0.0504337
internal_weight=323.682 292.041 274.314 254.151 248.514 221.472 27.0418 5.63714 20.1627 17.7271 7.19043 3.64672 2.54458 9.67905 1.92181 7.75724 31.6409 10.4837 1.00052 31.4127 5.08035 10.5367 9.48317 10.3116 3.54371 1.10214 3.18908 31.3057 9.58619 31.1667 1.54167
internal_count=15468 9528 8137 7327 7186 5917 1269 141 810 1391 436 157 93 352 83 269 5940 458 41 5926 134 955 417 937 279 64 269 5916 909 5904 241
is_linear=0
shrinkage=0.05


Tree=92
num_leaves=32
num_cat=0
split_feature=11 7 37 37 5 15 13 6 0 16 17 34 15 16 19 18 38 6 8 13 39 6 11 12 12 34 9 34 9 12 8
split_gain=32.1105 7.24513 6.74495 14.0558 6.59372 5.26065 4.48448 2.579 2.00521 1.77557 2.92256 2.6529 4.30882 1.62419 2.4661 2.31001 0.897631 1.20464 0.889617 0.41236 0.304131 0.0562806 0.00424997 0.00107199 0.000700087 8.29644e-05 3.50524e-05 3.29502e-05 1.44262e-05 1.44888e-05 2.22529e-07
threshold=1.1076223737683561 1.0000000180025095e-35 0.99964157064671022 0.0076521093500994128 1.0000000180025095e-35 2024.5000000000002 -0.49041492138639692 -1.4142410332700319 0.067519002814292711 4.5000000000000009 19.500000000000004 0.99930865958219239 2024.5000000000002 3.5000000000000004 19.500000000000004 3.5000000000000004 0.99960524445339072 0.22543361559071934 0.48997862772243278 -0.47386401469901412 0.99987949765743289 1.77606372607539 1.0381378971889845 2.7349769336268683 2.7978151630681056 0.99930865958219239 0.86723956240369104 0.99930865958219239 0.52009536125279188 2.8054244831199475 0.26138193115050518
decision_type=2 2 2 2 2 2 2 2 2 2 2 2 2 2 2 2 2 2 2 2 2 2 2 2 2 2 2 2 2 2 2
left_child=1 9 3 4 5 -3 -6 -5 16 10 24 12 -12 14 -10 -15 22 -18 19 -2 -9 23 -4 27 25 -1 28 -11 30 -30 -21
right_child=18 2 8 7 6 -7 -8 20 13 21 11 -13 -14 15 -16 -17 17 -19 -20 26 -22 -23 -24 -25 -26 -27 -28 -29 29 -31 -32
leaf_value=-0.050639058610514424 -0.05053817427990042 -0.0031319155158802702 -0.051216252219269148 0.17710904910864123 0.0044144447048410545 -0.024715159927926028 0.037597423409228531 0.05952391073014305 0.069538824750828482 -0.05053587370210632 -0.05142495318204892 0.10875038753879621 0.071525514878352528 0.036523947109314919 -0.022870795343087249 -0.042217394395791107 -0.052036023918862334 0.058220784982801324 -0.051597054245046771 0.050251367314298058 0.089049418479095532 -0.024097963395730577 -0.053575105024008376 -0.052604585910446457 -0.053114017381693357 -0.051601534219073035 0.051074993333028444 -0.050894093345300907 0.050334098275330509 0.050727378530773193 0.05031225291220344
leaf_weight=2.792286678217355 0.10180398589000716 159.09591050166637 6.2970978999510407 0.58897458110004652 40.156166978180408 34.323091221507639 13.640244753565637 3.7622275496833018 1.2404571035876855 8.4481928283348608 1.9073187694884841 0.6099912654608487 1.1376035017892718 1.1228302838280795 1.7272524517029522 5.4639981901273131 0.54584250319749195 0.4536043219268322 0.21737663075327773 28.036414818838249 1.1353907501325009 0.20282257162034589 2.7405657004565001 0.6916858456097551 0.33834888879209746 0.24341757223010052 0.13240705989301105 0.69473847933113653 1.1745692016556848 0.29251187620684493 0.15087918797507782
leaf_count=260 10 4124 365 7 789 1337 936 119 36 868 101 14 42 36 60 220 22 19 14 5637 15 16 52 28 10 9 12 43 212 29 26
internal_value=4.25375e-05 -0.00507061 -0.00308987 -0.000898724 -0.00265546 -0.00696196 0.0128281 0.0782564 -0.0313523 -0.0366731 -0.0174008 0.0135764 -0.00548983 -0.0149572 0.015755 -0.0287947 -0.0469591 -0.00199538 0.0491869 0.0499199 0.0663687 -0.050169 -0.0519315 -0.0507067 -0.0509567 -0.0507162 0.0502633 -0.0505631 0.0502596 0.0504125 0.0502517
internal_weight=319.466 289.36 272.294 252.702 247.215 193.419 53.7964 5.48659 19.5916 17.0664 7.02897 3.65491 3.04492 9.55454 2.96771 6.58683 10.0371 0.999447 30.106 29.8886 4.89762 10.0374 9.03766 9.83462 3.37405 3.0357 29.7868 9.14293 29.6544 1.46708 28.1873
internal_count=15468 9528 8137 7327 7186 5461 1725 141 810 1391 436 157 143 352 96 256 458 41 5940 5926 134 955 417 939 279 269 5916 911 5904 241 5663
is_linear=0
shrinkage=0.05


Tree=93
num_leaves=28
num_cat=0
split_feature=11 21 33 33 14 14 32 1 7 17 18 3 33 11 0 19 43 8 2 13 25 17 17 9 9 12 8
split_gain=30.4234 7.14697 6.76932 21.0398 6.02595 6.8127 5.16425 3.00289 2.89689 6.26773 2.10117 2.09991 1.83915 3.3546 2.16133 1.99281 1.22957 0.845956 0.410193 0.392143 0.183081 0.0437024 0.0145856 3.01811e-05 1.24249e-05 1.24669e-05 1.91461e-07
threshold=1.1076223737683561 0.96464905988311467 0.99970103058260251 1.0000000180025095e-35 -0.58476531908332718 1.5223445599649137 0.0094401897994376167 2.7173173918983768 1.0130643634905889 26.500000000000004 2.5000000000000004 -1.1505783338434947 0.64771456460542098 0.93736966575045411 -1.7696945381782132 1.0000000180025095e-35 0.9998864808908724 0.48997862772243278 -0.10626658639754483 -0.47386401469901412 0.97395512902943315 14.500000000000002 21.500000000000004 0.86723956240369104 0.52009536125279188 2.8054244831199475 0.26138193115050518
decision_type=2 2 2 2 2 2 2 2 2 2 2 2 2 2 2 2 2 2 2 2 2 2 2 2 2 2 2
left_child=1 2 3 4 6 -6 -1 8 10 -10 -4 -3 14 22 21 -16 20 19 -18 -2 -5 -13 -14 24 26 -26 -21
right_child=17 11 7 16 5 -7 -8 -9 9 -11 -12 12 13 -15 15 -17 18 -19 -20 23 -22 -23 -24 -25 25 -27 -28
leaf_value=-0.013701111122846471 -0.050511670739448913 0.087808602128148228 0.025874598938184491 0.053878796609737517 0.036057246244780711 0.00049707026960951056 0.0086594528622193044 0.068742625568252974 -0.029940722590356846 0.18495690290708289 -0.040450307004913144 0.012339058133378664 -0.051457064976260791 0.062726579012469696 0.047544968739436817 -0.048071028029337548 0.12147187231449344 -0.05152032548972138 0.083849013268505815 0.050239049223379052 0.07127368000794361 0.030309753067394713 -0.039417599736556404 0.051022263231569276 0.050317778057740015 0.050691706865692798 0.050296945988015734
leaf_weight=119.33028649492189 0.096888477914041427 0.35676047950983303 1.2704872591421104 3.150753209833054 17.101155719021335 63.413163618650287 32.951902741100639 0.77266264334320922 1.1703804209828366 0.47782885516062368 19.8654276849702 0.76793321967125538 1.1025404632091511 1.2809357307851315 0.5633854921907212 16.640592303592712 1.3855416653677823 0.20707522658631106 1.5184484031051395 26.675438183825474 2.9094680766575038 0.60471551492810249 0.32593316212296497 0.12607637234032054 1.1176380277611304 0.27843676740303624 0.14356329943984647
leaf_count=4095 10 11 39 202 566 1833 928 11 54 15 698 22 61 22 19 836 10 14 32 5637 30 18 26 12 212 29 26
internal_value=3.9252e-05 -0.00486549 -0.0026118 -0.00011879 -0.00301324 0.00805001 -0.00886257 -0.0281973 -0.0314848 0.0323598 -0.0364635 -0.0324933 -0.0345096 0.00397419 -0.0401225 -0.0449399 0.0750487 0.0491739 0.1018 0.0499071 0.06223 0.020256 -0.04871 0.0502504 0.0502469 0.0503924 0.0502394
internal_weight=315.605 286.96 265.318 241.761 232.797 80.5143 152.282 23.5568 22.7841 1.64821 21.1359 21.6428 21.286 2.70941 18.5766 17.204 8.96421 28.6451 2.90399 28.438 6.06022 1.37265 1.42847 28.3412 28.2151 1.39607 26.819
internal_count=15468 9528 8513 7696 7422 2399 5023 817 806 69 737 1015 1004 109 895 855 274 5940 42 5926 232 40 87 5916 5904 241 5663
is_linear=0
shrinkage=0.05


Tree=94
num_leaves=30
num_cat=0
split_feature=11 7 21 33 33 5 1 7 3 33 16 1 16 17 2 0 43 8 13 6 12 12 14 34 34 9 9 12 8
split_gain=28.8315 6.78137 6.18759 6.08042 18.6471 5.60609 3.01913 2.59761 1.80445 1.83429 2.83677 2.2108 1.7737 2.79796 2.44347 5.86334 1.01814 0.804451 0.372921 0.0616874 0.000856565 0.000608983 0.000117713 6.83302e-05 2.92039e-05 2.59863e-05 1.07013e-05 1.07272e-05 1.64759e-07
threshold=1.1076223737683561 1.0000000180025095e-35 0.96464905988311467 0.99970103058260251 1.0000000180025095e-35 1.0000000180025095e-35 2.7173173918983768 1.0130643634905889 -1.1505783338434947 0.64771456460542098 10.500000000000002 -0.58581645812492611 4.5000000000000009 19.500000000000004 -0.31583024450385516 -0.26782445527780735 0.9998864808908724 0.48997862772243278 -0.47386401469901412 1.77606372607539 2.7349769336268683 2.7978151630681056 1.807680034835746 0.99930865958219239 0.99930865958219239 0.86723956240369104 0.52009536125279188 2.8054244831199475 0.26138193115050518
decision_type=2 2 2 2 2 2 2 2 2 2 2 2 2 2 2 2 2 2 2 2 2 2 2 2 2 2 2 2 2
left_child=1 12 3 4 5 -3 7 -5 -4 11 -11 -10 13 21 22 -16 -6 18 -2 20 24 23 -15 -1 -14 26 28 -28 -20
right_child=17 2 8 6 16 -7 -8 -9 9 10 -12 -13 19 14 15 -17 -18 -19 25 -21 -22 -23 -24 -25 -26 -27 27 -29 -30
leaf_value=-0.050602944634053439 -0.050486485003658557 -0.0053820155697478092 0.076860248696007188 -0.034756926765815363 0.061555343618395236 0.013902800746531489 0.073502432933266415 0.030467748707928607 -0.011099437651198725 -0.023924056457052239 0.096709535458033874 -0.050868215815387474 -0.050502809839022937 -0.050631108373248947 0.17428485545910299 -0.0024865172034990385 0.097947632884337513 -0.051447231771298285 0.050227333553601761 -0.022508819074853584 -0.052411309328651637 -0.052968139169331976 -0.051693375775567166 -0.051502772976941981 -0.050848975726219138 0.050972130270538311 0.05030225551861283 0.050657792250972347 0.050282393407820286
leaf_weight=2.6279037971980905 0.092207988724118617 170.05333284032531 0.38636479154229419 19.155805933289237 5.8260740709956718 48.41391994827427 0.73571984469890495 1.6586502557620395 5.0777935679070714 1.8919562473893159 0.65641720592975605 11.208888441789894 7.9260189468041009 0.48705462133511923 0.61388918757438715 1.9888535579666491 2.8679690328426659 0.19724885141476889 25.38023011526094 0.19876028131693679 0.65046999882906753 0.32222654949873675 0.56138825882226229 0.22939256858080614 0.66000768821686495 0.1200425298884501 1.0634499737061549 0.26503008836880315 0.13660016190260549
leaf_count=260 10 4840 11 600 232 1498 6 69 220 76 14 529 868 44 5 88 42 14 5637 16 28 10 20 9 43 12 212 29 26
internal_value=3.71369e-05 -0.00467391 -0.00277088 -0.000658547 0.0017494 -0.00110836 -0.0260408 -0.0295593 -0.030103 -0.0322971 0.00714908 -0.0384693 -0.0360205 -0.0166155 0.0132467 0.0392072 0.0735603 0.0491614 0.0498949 -0.0500689 -0.0506619 -0.0509076 -0.0511999 -0.0506752 -0.0505294 0.0502381 0.0502348 0.0503732 0.0502276
internal_weight=311.454 284.199 267.933 248.711 227.161 218.467 21.5502 20.8145 19.2214 18.8351 2.54837 16.2867 16.266 6.83071 3.65119 2.60274 8.69404 27.2548 27.0576 9.43526 9.2365 3.17952 1.04844 2.8573 8.58603 26.9654 26.8453 1.32848 25.5168
internal_count=15468 9528 8137 7287 6612 6338 675 669 850 839 90 749 1391 436 157 93 274 5940 5926 955 939 279 64 269 911 5916 5904 241 5663
is_linear=0
shrinkage=0.05


Tree=95
num_leaves=32
num_cat=0
split_feature=11 7 37 37 7 41 7 6 0 16 17 34 15 1 21 21 38 0 8 13 39 6 11 12 12 34 34 9 9 12 8
split_gain=27.3245 6.42329 6.09492 12.2782 5.64247 5.48044 4.79989 2.0341 2.01779 1.74787 2.65801 2.30954 3.57225 1.54724 6.20746 1.79083 0.908251 1.25597 0.764994 0.354647 0.186249 0.0680377 0.00351683 0.00073933 0.000524114 5.86782e-05 2.51025e-05 2.23742e-05 9.21629e-06 9.2304e-06 1.41753e-07
threshold=1.1076223737683561 1.0000000180025095e-35 0.99964157064671022 0.0076521093500994128 1.0000153594226915 1.0000000180025095e-35 1.9963824514917934 -1.4142410332700319 0.067519002814292711 4.5000000000000009 19.500000000000004 0.99930865958219239 2024.5000000000002 0.36990101045812795 0.70406766269611465 -0.8661426606000272 0.99960524445339072 -0.62916354423710363 0.48997862772243278 -0.47386401469901412 0.99987949765743289 1.7843406826142569 1.0381378971889845 2.7349769336268683 2.7978151630681056 0.99930865958219239 0.99930865958219239 0.86723956240369104 0.52009536125279188 2.8054244831199475 0.26138193115050518
decision_type=2 2 2 2 2 2 2 2 2 2 2 2 2 2 2 2 2 2 2 2 2 2 2 2 2 2 2 2 2 2 2
left_child=1 9 3 4 5 -3 -6 -5 16 10 24 12 -12 14 -10 -15 22 -18 19 -2 -9 23 -4 26 25 -1 -11 28 30 -30 -21
right_child=18 2 8 7 6 -7 -8 20 13 21 11 -13 -14 15 -16 -17 17 -19 -20 27 -22 -23 -24 -25 -26 -27 -28 -29 29 -31 -32
leaf_value=-0.050573376198359957 -0.050462548940820667 -0.011146831417127597 -0.051122645528672961 0.16144658200339337 0.053310555673388271 0.0052191460869494867 0.0060449621429342574 0.058303922706572447 -0.05140494528842298 -0.050478084987498166 -0.051355970542742824 0.097873856633488021 0.059661929050082677 0.031577797257719267 0.13075026117351016 -0.035061332575668812 0.06265986240148079 -0.051374612006189493 -0.051377602663195993 0.050216197925479947 0.081769060049032727 -0.020228519843105267 -0.053340554927680396 -0.052294059997849751 -0.052820321603602872 -0.051427764914816848 -0.05080700526255031 0.050924471954958528 0.05028749415380443 0.050625550202964435 0.050268555079538785
leaf_weight=2.5011640591546893 0.087751505896455195 133.20487383240834 5.8649138282053173 0.60525772813707579 7.5662722615525153 83.043063990073279 18.515663706464693 3.5050071745645246 1.0942416712641696 7.5519542782567388 1.7744941120035951 0.65098363254219282 1.224681818857789 1.2073083352297542 0.81683972384780634 6.1123812613077462 0.43309876229614019 0.54569592513144094 0.18787677772343059 24.147640312556188 1.1145480545237658 0.18797176983207542 2.5707653556019068 0.62009848328307349 0.30734748579561699 0.21851518377661694 0.62832427583634842 0.11429215990938146 1.0118743707425881 0.25226093130186189 0.12997296173125406
leaf_count=260 10 3863 365 7 523 2054 746 119 58 869 101 14 42 41 25 228 13 28 14 5637 15 15 52 28 10 9 43 12 212 29 26
internal_value=3.40148e-05 -0.00448463 -0.00265359 -0.000577253 -0.00221231 -0.004862 0.0197565 0.0752578 -0.0302214 -0.0355989 -0.0162215 0.0125064 -0.00602298 -0.0136101 0.0264523 -0.0240699 -0.0465085 -0.000916441 0.0491496 0.0498832 0.0639653 -0.0499938 -0.0517986 -0.0506295 -0.0508632 -0.050642 -0.0505033 0.0502265 0.0502233 0.050355 0.0502165
internal_weight=307.797 281.865 266.2 247.555 242.33 216.248 26.0819 5.22481 18.6452 15.6655 6.67719 3.65016 2.99918 9.23077 1.91108 7.31969 9.41447 0.978795 25.9317 25.7438 4.61956 8.98835 8.43568 8.80038 3.02703 2.71968 8.18028 25.656 25.5417 1.26414 24.2776
internal_count=15468 9528 8137 7327 7186 5917 1269 141 810 1391 436 157 143 352 83 269 458 41 5940 5926 134 955 417 940 279 269 912 5916 5904 241 5663
is_linear=0
shrinkage=0.05


Tree=96
num_leaves=32
num_cat=0
split_feature=11 8 6 15 4 17 6 7 7 4 9 8 2 19 19 6 39 2 8 12 5 8 13 30 3 23 12 41 2 9 9
split_gain=25.8989 6.33615 5.94312 5.76545 6.20126 6.7342 5.10719 4.91002 5.70576 4.95885 6.10383 5.47334 4.47856 3.63275 6.50933 4.62586 3.35683 4.96079 2.2719 0.951296 1.3978 0.727484 0.337272 0.0412664 0.00452002 0.00441116 0.00394331 0.000756556 6.49179e-05 1.92635e-05 7.9367e-06
threshold=1.1076223737683561 0.081334345426088889 -1.4142410332700319 2023.5000000000002 1.0000000180025095e-35 16.500000000000004 -1.0003734156855666 1.0000153594226915 1.9963824514917934 1.0000000180025095e-35 0.52009536125279188 0.2477657413042107 -0.85440123628197118 30.500000000000004 14.500000000000002 0.21040470583945051 0.23103008170127995 0.013541025891839566 0.45122094680913155 -0.33087191249364345 1.0000000180025095e-35 0.48997862772243278 -0.47386401469901412 0.99987956274106693 1.647848289567593 0.50578042163690029 2.8055242916100682 0.99987853278274375 -0.24372481437810758 0.86723956240369104 0.52009536125279188
decision_type=2 2 2 2 2 2 2 2 2 2 2 2 2 2 2 2 2 2 2 2 2 2 2 2 2 2 2 2 2 2 2
left_child=1 2 24 13 5 -5 -6 9 23 10 11 -3 -12 14 -4 -15 18 -18 -10 25 -21 22 -2 26 27 -11 -9 28 -1 30 -24
right_child=21 7 3 4 6 -7 -8 8 16 19 12 -13 -14 15 -16 -17 17 -19 -20 20 -22 -23 29 -25 -26 -27 -28 -29 -30 -31 -32
leaf_value=-0.052713257652435667 -0.050439801814230162 0.087313244697926201 -0.020906938672288173 0.025373140759026594 0.15064147317652546 -0.010746099931586348 0.040375074003861325 0.051198752317897389 0.015869974841072637 -0.051427055337074729 -0.040079791109457599 0.0034588222164058189 -0.012033918774212313 -0.0047585450561127077 0.03206227356935587 -0.053836000286158037 0.036629845864211016 -0.034815093997907387 -0.052503640806402269 -0.054994327791447487 0.027417875784696445 -0.051311279849140183 0.050205878968642897 0.062483067194659708 -0.056780667978636026 -0.046214687132110466 0.055339417279954006 -0.053954938700099743 -0.052104177385415035 0.050879158767850978 0.050337614063830194
leaf_weight=0.7368401940912005 0.083508511073893454 2.1060273111797896 10.93416109820828 31.193934346083552 1.2064266204833973 22.010222646873444 8.1046808166429383 4.0387581705581423 1.6849063667468733 9.4192850007675553 16.952330067288131 25.608096316922456 88.784734342014417 14.227163107134404 12.352282814215867 7.2471949020400634 7.3401528252288699 3.6318627968430519 4.3556520380079746 1.0299265766516319 1.0281538274139166 0.17893909197300573 23.098333207191907 1.1156501490622757 1.0685841199010608 0.42418222222477275 0.67044070013798762 1.2380539327859879 1.076790073886513 0.10881244787014921 1.2028864449821401
leaf_count=17 10 36 142 430 11 345 565 279 52 482 978 985 4158 168 145 108 161 133 127 21 52 14 5663 10 13 26 30 21 33 12 241
internal_value=3.17053e-05 -0.00430178 0.00494711 0.00721047 0.0170187 0.0104308 0.0546621 -0.0104275 0.011125 -0.0138138 -0.0110558 0.00983101 -0.0165304 -0.00648822 0.00719055 -0.0213213 -0.00349877 0.0129808 -0.033432 -0.0447387 -0.0138237 0.0491384 0.0498722 0.0538367 -0.0539821 -0.0512024 0.0517883 -0.0530021 -0.0523516 0.0502154 0.0502124
internal_weight=304.259 279.586 111.396 107.276 62.5153 53.2042 9.31111 168.19 22.8374 145.353 133.451 27.7141 105.737 44.7608 23.2864 21.4744 17.0126 10.972 6.04056 11.9015 2.05808 24.6725 24.4935 5.82485 4.12027 9.84347 4.7092 3.05168 1.81363 24.41 24.3012
internal_count=15468 9528 1998 1914 1351 775 576 7530 792 6738 6157 1021 5136 563 287 276 473 294 179 581 73 5940 5926 319 84 508 309 71 50 5916 5904
is_linear=0
shrinkage=0.05


Tree=97
num_leaves=32
num_cat=0
split_feature=11 21 14 14 18 2 6 16 15 2 15 17 21 6 11 6 19 6 0 6 8 13 9 0 0 8 12 39 17 9 9
split_gain=24.556 6.18203 5.9991 6.79457 6.59528 6.09471 5.02888 4.96809 4.94574 4.74765 4.63855 3.99893 3.72196 2.946 1.82616 2.84275 4.63123 3.35437 1.91289 1.69895 0.691822 0.320751 0.0369693 0.0138032 0.00554763 0.000738984 0.000624041 0.000460215 8.83425e-05 1.65854e-05 6.83879e-06
threshold=1.1076223737683561 0.96464905988311467 -0.58476531908332718 0.95999526661447587 3.5000000000000004 -0.77955652526949237 1.8224001889568742 5.5000000000000009 2022.5000000000002 -0.30279598192836099 2024.5000000000002 5.5000000000000009 0.70406766269611465 0.86683013320416535 0.220212366453133 -0.29294835827231264 41.500000000000007 0.32108713455601212 -1.7696945381782132 1.5378561435008646 0.48997862772243278 -0.47386401469901412 0.94613496006702369 -0.24049890297283777 -1.48804561622306 0.081334345426088889 2.7084533625306269 0.99987949765743289 6.5000000000000009 0.86723956240369104 0.52009536125279188
decision_type=2 2 2 2 2 2 2 2 2 2 2 2 2 2 2 2 2 2 2 2 2 2 2 2 2 2 2 2 2 2 2
left_child=1 2 4 22 7 13 10 12 -9 -7 -6 -8 -1 -5 18 25 19 -18 -3 -17 21 -2 23 -4 -20 27 -26 -16 -27 30 -23
right_child=20 14 3 5 6 9 11 8 -10 -11 -12 -13 -14 -15 15 16 17 -19 24 -21 -22 29 -24 -25 26 28 -28 -29 -30 -31 -32
leaf_value=0.08260935956998483 -0.050418180691204351 0.050471911066930414 0.057338255079978473 -0.04440912472064748 -0.0077997263792278981 0.034643944561301647 0.20516872132363201 -0.053361995665016405 0.046202020330936018 0.0027331921043497482 -0.030592800698795899 0.031298664249671787 -0.030123752628199663 0.026974309389233134 -0.053559060306058739 -0.039216366435318901 0.12352755494960024 0.00014041108119694837 -0.043491214573131542 0.051892800627941577 -0.051248111475640082 0.050195794662623278 0.069948827451427262 0.052693241416245068 -0.050952456559422835 -0.051850436563745973 -0.052828414106877442 -0.051975443151813287 -0.05096595935191478 0.050836078077056701 0.05032115512357041
leaf_weight=0.83637594711035745 0.079468957148498442 0.4896643185056736 2.5463408143259585 8.1996672274544817 124.89330302458256 15.204020702745764 0.42210963414981861 1.3851373521611083 12.532976577756925 49.946205143583938 27.178547446150333 1.527094322722405 5.8761445069685578 1.7546624396927644 0.775720650330186 3.6651343172416073 1.1189286960288884 1.0848844447173176 0.24947721604257722 0.59470057347789396 0.17041664104908605 21.976116015110172 0.40603569149970997 4.3005020709242663 8.8539874656125903 0.36505628749728192 0.46667558932676989 1.1228495165705681 1.2456112271174786 0.10359110520221193 1.1445858110673715
leaf_count=11 10 21 86 311 3865 357 15 39 334 1533 1294 78 214 45 16 122 21 35 15 17 14 5663 2 329 625 16 17 35 75 12 241
internal_value=2.64379e-05 -0.00413398 -0.00204873 0.00907559 -0.00729444 0.00461264 -0.0108505 0.0192537 0.0362934 0.0101802 -0.0118733 0.0689511 -0.0160773 -0.0318263 -0.0308867 -0.0157248 0.00394488 0.062787 -0.0459176 -0.0264969 0.0491277 0.0498617 0.05529 0.0544207 -0.0508494 -0.0519542 -0.0510464 -0.0526225 -0.0511664 0.0502048 0.050202
internal_weight=300.516 277.042 257.009 82.3574 174.652 75.1046 154.021 20.6306 13.9181 65.1502 152.072 1.9492 6.71252 9.95433 20.0327 9.97289 6.46365 2.20381 10.0598 4.25983 23.4742 23.3038 7.25288 6.84684 9.57014 3.50924 9.32066 1.89857 1.61067 23.2243 23.1207
internal_count=15468 9528 8513 2663 5850 2246 5252 598 373 1890 5159 93 225 356 1015 337 195 56 678 139 5940 5926 417 415 657 142 642 51 91 5916 5904
is_linear=0
shrinkage=0.05


Tree=98
num_leaves=29
num_cat=0
split_feature=11 37 37 7 28 25 11 7 6 0 1 21 16 6 15 6 38 20 8 13 39 30 6 11 9 9 12 8
split_gain=23.2838 5.84717 11.4638 5.52178 6.56899 7.95162 6.42719 4.41695 4.60749 1.97366 5.60886 1.91313 4.70027 1.83654 1.45984 1.299 0.741941 1.62323 0.657917 0.305044 0.15327 0.039396 0.03278 0.00544155 1.42792e-05 5.89203e-06 5.89536e-06 9.04069e-08
threshold=1.1076223737683561 0.99964157064671022 0.0076521093500994128 1.0000153594226915 0.99987956274106693 0.0093337767950873469 -0.15803315908297252 1.9963824514917934 -0.23028633823148867 0.34413524361594111 0.36990101045812795 -0.8661426606000272 3.5000000000000004 -1.8208645528758693 2022.5000000000002 -1.4142410332700319 0.99960524445339072 -0.5048522742377104 0.48997862772243278 -0.47386401469901412 0.99987949765743289 0.99987956274106693 -0.63715778071929308 1.0381378971889845 0.86723956240369104 0.52009536125279188 2.8054244831199475 0.26138193115050518
decision_type=2 2 2 2 2 2 2 2 2 2 2 2 2 2 2 2 2 2 2 2 2 2 2 2 2 2 2 2
left_child=1 2 3 4 5 -1 -6 21 -9 13 -11 12 -12 -3 -13 -4 23 -18 19 -2 22 -5 -17 -15 25 27 -27 -21
right_child=18 9 15 7 6 -7 -8 8 -10 10 11 14 -14 16 -16 20 17 -19 -20 24 -22 -23 -24 -25 -26 26 -28 -29
leaf_value=-0.00082167579017538661 -0.050397631569599213 0.053248653780044876 0.13907343169110387 0.051379901043802516 -0.0035344535029805295 0.056831408370860176 -0.027884784198831843 -0.033065908949070792 0.022135753613745719 0.15389057414744126 0.15322576240617689 0.047859220036435189 -0.052304765438231718 -0.050990973347418977 -0.041475663918987694 0.065712799747093847 0.071536134612756888 -0.051783298640237389 -0.05118794927191074 0.050185968413067043 0.079405466624698565 0.061759475858581492 0.054600467283722101 -0.053510342090454889 0.050795117164454687 0.050247369482897333 0.0505383065451179 0.05023101930212124
leaf_weight=110.23622532514855 0.075623256154364493 0.47254174249246794 0.64516335469670583 5.7604033297393498 58.746636805124581 6.3237644121982148 50.302699944935739 5.3517502490431133 12.871630957117299 0.48575297137722273 0.49408421386033274 0.50115132331848133 0.63654567440971732 7.0288744480349106 5.2263809968717396 0.92152830958366383 0.40334472991526127 0.78849393362179465 0.16229104483500023 20.796259308466698 1.0814113970845936 1.0866312040016053 2.371538997162133 3.0835267826914787 0.098616363480686142 0.87149768858216592 0.21759634092450142 0.11196101782843371
leaf_count=1892 10 24 7 512 2453 272 2519 166 580 24 17 26 28 516 230 7 16 40 14 5637 15 11 112 61 12 212 29 26
internal_value=2.1243e-05 -0.00396867 -0.0019743 -0.00347242 -0.00594615 0.00230619 -0.0147669 0.0187887 0.00592441 -0.0306392 -0.0102967 -0.0219258 0.0375119 -0.0433246 -0.033659 0.0728415 -0.0473616 -0.0100493 0.0491175 0.0498517 0.0630734 0.0530271 0.0577101 -0.0517592 0.0501948 0.0501921 0.0503055 0.0501862
internal_weight=297.154 274.82 255.699 250.68 225.609 116.56 109.049 25.0704 18.2234 19.1207 7.34392 6.85816 1.13063 11.7768 5.72753 5.01964 11.3042 1.19184 22.3338 22.1716 4.37448 6.84703 3.29307 10.1124 22.0959 21.9973 1.08909 20.9082
internal_count=15468 9528 8546 8405 7136 2164 4972 1269 746 982 325 301 45 657 256 141 633 56 5940 5926 134 523 119 577 5916 5904 241 5663
is_linear=0
shrinkage=0.05


Tree=99
num_leaves=27
num_cat=0
split_feature=11 21 34 34 6 21 7 19 17 41 0 13 3 0 0 15 1 23 8 13 11 6 9 9 12 8
split_gain=22.08 5.7089 5.79352 15.7212 8.42365 12.5342 5.6029 5.02257 7.03644 6.37785 3.88737 1.82869 2.01066 1.76089 1.74243 1.54632 2.93874 1.02666 0.625681 0.290108 0.0204291 0.0179288 1.22935e-05 5.07384e-06 5.07302e-06 7.77942e-08
threshold=1.1076223737683561 0.96464905988311467 1.0000000180025095e-35 0.99930865958219239 -1.0603338076585622 -0.5 1.0000000180025095e-35 5.5000000000000009 22.500000000000004 1.0000000180025095e-35 1.1133193414248084 2.1397529047609933 -1.1505783338434947 1.7129329828871949 -1.7696945381782132 2024.5000000000002 -0.31637639694309178 0.99997358653385171 0.48997862772243278 -0.47386401469901412 -0.24060403575860215 1.7468926401893323 0.86723956240369104 0.52009536125279188 2.8054244831199475 0.26138193115050518
decision_type=2 2 2 2 2 2 2 2 2 2 2 2 2 2 2 2 2 2 2 2 2 2 2 2 2 2
left_child=1 2 6 17 5 -5 15 8 -8 -9 -6 12 -3 14 -14 21 -17 20 19 -2 -4 -1 23 25 -25 -21
right_child=18 11 3 4 10 -7 7 9 -10 -11 -12 -13 13 -15 -16 16 -18 -19 -20 22 -22 -23 -24 24 -26 -27
leaf_value=-0.050698506462771499 -0.050378099491585962 0.083674076860273172 0.057196391880297848 0.14665798588423892 -0.029720792157590655 -0.052285023791690144 0.02900780798128998 -0.013454929408571013 -0.040526984532256199 0.0054004540904634274 0.055098234928942107 0.073590723761534443 0.014684356272010177 0.057550824631201862 -0.041942315293214676 0.04460766720628595 -0.050678405873287126 0.085473869518619378 -0.051130654092289451 0.050176866255251085 0.05098191464942136 -0.034550162090361144 0.050756170588141018 0.050235291603951793 0.050511944879649051 0.050219709836049224
leaf_weight=7.9727538637816888 0.071962254121905711 0.365975407883531 2.4294750015251338 1.9470508247613909 14.873420273419471 1.3342986237257743 22.177993330406029 108.51680888840929 4.3521727924235156 76.438938908046111 1.4858038248494256 0.4161453926935782 1.480711102020005 0.50339296413585444 16.456211025360968 1.4172665392979982 1.8859213585965324 4.9265352142974734 0.1545446440577497 19.785511741647507 2.9022664868971351 0.17567104008048762 0.093876951839773848 0.82918853941373416 0.20708934077993035 0.10652399342507024
leaf_count=850 10 10 60 28 383 46 570 3449 155 2269 57 12 44 26 923 101 192 29 14 5637 308 16 12 212 29 26
internal_value=2.00534e-05 -0.00381386 -0.00181677 0.0188506 -0.00735202 0.0657616 -0.00458854 -0.00274404 0.0176009 -0.00566233 -0.0220172 -0.0300821 -0.0323761 -0.0346793 -0.0372677 -0.0386523 -0.00979494 0.0690184 0.0491078 0.0498422 0.0538136 -0.0503504 0.0501853 0.0501827 0.0502906 0.0501771
internal_weight=293.308 272.059 252.836 29.8989 19.6406 3.28135 222.938 211.486 26.5302 184.956 16.3592 19.2224 18.8063 18.4403 17.9369 11.4516 3.30319 10.2583 21.2487 21.0942 5.33174 8.14842 21.0222 20.9283 1.03628 19.892
internal_count=15468 9528 8513 911 514 74 7602 6443 725 5718 440 1015 1003 993 967 1159 293 397 5940 5926 368 866 5916 5904 241 5663
is_linear=0
shrinkage=0.05


Tree=100
num_leaves=29
num_cat=0
split_feature=11 37 37 5 6 1 6 6 45 0 1 16 21 17 6 0 6 38 9 8 13 39 6 11 9 9 12 8
split_gain=20.9423 5.39548 10.5957 5.02183 4.73215 6.62667 5.85677 4.0453 4.02061 1.92982 4.56246 1.8394 3.89235 1.73551 1.72778 1.66332 1.01944 0.753173 1.57782 0.595032 0.275907 0.133706 0.0271759 0.0046397 1.05838e-05 4.36916e-06 4.36544e-06 6.69407e-08
threshold=1.1076223737683561 0.99964157064671022 0.0076521093500994128 1.0000000180025095e-35 0.41519951023924995 1.3238931558634608 0.29999584291274578 1.6278583131022746 1.0000000180025095e-35 0.34413524361594111 0.36990101045812795 3.5000000000000004 -0.92151110941450531 3.5000000000000004 -1.8208645528758693 -0.24049890297283777 -1.4142410332700319 0.99960524445339072 0.88948331573957484 0.48997862772243278 -0.47386401469901412 0.99987949765743289 -0.63715778071929308 1.0381378971889845 0.86723956240369104 0.52009536125279188 2.8054244831199475 0.26138193115050518
decision_type=2 2 2 2 2 2 2 2 2 2 2 2 2 2 2 2 2 2 2 2 2 2 2 2 2 2 2 2
left_child=1 2 3 4 6 -6 -1 8 -5 14 -11 12 -12 -13 -3 -9 -4 23 -19 20 -2 22 -18 -16 25 27 -27 -22
right_child=19 9 16 7 5 -7 -8 15 -10 10 11 13 -14 -15 17 -17 21 18 -20 -21 24 -23 -24 -25 -26 26 -28 -29
leaf_value=-0.0054831125582478629 -0.050359531928531986 0.048708667991956209 0.1294443873377745 -0.0045261681610354954 -0.02664089949379831 0.043672982490916418 0.031492880380887045 -0.04276253648245236 0.026279012260556251 0.12827108185159589 0.13609309462870672 0.049580587662243249 -0.020812786347476214 -0.050373332688162235 -0.05093223201331834 0.059917499948940869 0.06464499140337289 -0.051615487686237763 0.07053864767069605 -0.051076093101025413 0.0501682106374053 0.077820542804308529 0.054302896115205293 -0.053324698214387095 0.050719140151561787 0.050223803504177683 0.050486879020864309 0.050208955170871372
leaf_weight=136.60791836120188 0.068477214779710915 0.49301473610103208 0.65680109430104483 31.501871365820989 41.880410885438323 3.6422504158690563 11.620187087915836 0.42876090947538603 15.957772283349184 0.55374562414362927 0.51886922167614136 0.48744742386043061 1.65900786453858 3.9813851299695671 6.6044275108724815 4.9224038990214458 0.88701138086616982 0.75899892114102907 0.40562517987564206 0.14716049050912161 18.823726106900732 1.0557308606803415 2.2374434422235931 2.9234828539192677 0.089362071594222381 0.78892439999617536 0.19708480779081583 0.10134991351514955
leaf_count=4634 10 24 7 870 1490 102 317 15 419 24 15 17 66 203 516 558 7 38 18 14 5637 15 112 61 12 212 29 26
internal_value=1.42506e-05 -0.00366385 -0.00175162 -0.00318935 -0.0069148 -0.0210151 -0.00258442 0.0104784 0.00583173 -0.0298104 -0.00962053 -0.0211085 0.0165693 -0.0394706 -0.0428072 0.0516903 0.0715357 -0.0470268 -0.00907061 0.0490986 0.0498332 0.062437 0.0572389 -0.0516663 0.0501762 0.0501738 0.0502764 0.0501684
internal_weight=290.001 269.785 251.399 246.562 193.751 45.5227 148.228 52.8108 47.4596 18.386 7.20046 6.64671 2.17788 4.46883 11.1855 5.35116 4.83699 10.6925 1.16462 20.2161 20.0689 4.18019 3.12445 9.52791 20.0004 19.9111 0.986009 18.9251
internal_count=15468 9528 8546 8405 6543 1592 4951 1862 1289 982 325 301 81 220 657 573 141 633 56 5940 5926 134 119 577 5916 5904 241 5663
is_linear=0
shrinkage=0.05


Tree=101
num_leaves=29
num_cat=0
split_feature=11 7 21 33 33 14 1 7 16 17 17 19 20 13 3 0 43 8 13 11 12 12 34 34 9 9 12 8
split_gain=19.8615 5.32622 4.77823 5.29897 15.4926 4.38277 2.71588 2.29422 1.86665 2.65339 2.30196 2.17473 1.89418 1.78063 1.73665 1.6284 0.756421 0.565891 0.262403 0.0741453 0.000481667 0.000374705 4.44175e-05 1.92461e-05 9.11179e-06 3.76225e-06 3.7566e-06 5.75979e-08
threshold=1.1076223737683561 1.0000000180025095e-35 0.96464905988311467 0.99970103058260251 1.0000000180025095e-35 -0.58476531908332718 2.7173173918983768 1.0130643634905889 4.5000000000000009 19.500000000000004 23.500000000000004 24.500000000000004 -0.86688808668927086 2.1397529047609933 -1.1505783338434947 1.7129329828871949 0.9998864808908724 0.48997862772243278 -0.47386401469901412 0.5714645027692814 2.7349769336268683 2.7978151630681056 0.99930865958219239 0.99930865958219239 0.86723956240369104 0.52009536125279188 2.8054244831199475 0.26138193115050518
decision_type=2 2 2 2 2 2 2 2 2 2 2 2 2 2 2 2 2 2 2 2 2 2 2 2 2 2 2 2
left_child=1 8 3 4 5 -3 7 -5 9 21 11 -11 -12 14 -4 -16 -6 18 -2 20 23 22 -1 -10 25 27 -27 -20
right_child=17 2 13 6 16 -7 -8 -9 19 10 12 -13 -14 -15 15 -17 -18 -19 24 -21 -22 -23 -24 -25 -26 26 -28 -29
leaf_value=-0.050495073591418832 -0.050341884042148045 -0.0055813627074814409 0.073881300365111355 -0.033268213832286939 0.05968477332972786 0.0096708690674025405 0.068313999955639679 0.029038998446206627 -0.050416188710330129 -0.0030613269058164996 0.07511364176861729 0.11102455944159231 -0.051183673965404776 0.076623341972228393 -0.035251635830149661 0.056249762621253696 0.092134144657368078 -0.051024137705729715 0.050159981123970368 -0.014951580729867185 -0.052003349365393595 -0.052518937108443235 -0.051280446203683661 -0.050721610681796293 0.050683929878474199 0.050212877917052701 0.050463045834289511 0.050198728483572479
leaf_weight=2.151397669222205 0.065159801393753436 136.96647731238045 0.39342281036079541 17.859784160275019 5.1066048862412563 71.785943346912973 0.75865716114640136 1.6106392936781038 6.5627314634621143 0.78170904424041532 0.37838293751701702 0.89708725083619356 1.3781598284840582 0.40159457223489781 15.773022144567221 0.50169982016086656 2.7701785061508417 0.14012233028188248 17.908546186517935 0.1491371034644543 0.52944625448435534 0.27268428588286031 0.19646978750824917 0.55979827791452397 0.085061396937816336 0.75060727214440603 0.18755917786620557 0.096426164964212968
leaf_count=260 10 4268 10 600 232 2070 6 69 872 25 12 23 97 9 807 24 42 14 5637 13 27 10 9 43 12 212 29 26
internal_value=1.20475e-05 -0.00351293 -0.00186566 -2.43918e-05 0.00226095 -0.000336413 -0.0244976 -0.028114 -0.033699 -0.0128706 0.0160357 0.057902 -0.0239775 -0.027415 -0.0299216 -0.0324309 0.0710969 0.0490899 0.0498246 -0.0498678 -0.0505483 -0.0507646 -0.0505608 -0.0504402 0.0501676 0.0501653 0.0502629 0.0501602
internal_weight=287.019 267.785 253.928 236.858 216.629 208.752 20.2291 19.4704 13.857 6.05589 3.43534 1.6788 1.75654 17.0697 16.6681 16.2747 7.87678 19.2335 19.0934 7.80111 7.65198 2.62055 2.34787 7.12253 19.0282 18.9431 0.938166 18.005
internal_count=15468 9528 8137 7287 6612 6338 675 669 1391 436 157 48 109 850 841 831 274 5940 5926 955 942 279 269 915 5916 5904 241 5663
is_linear=0
shrinkage=0.05


end of trees

feature_importances:
risk_score_internal=246
txn_velocity_1h=221
ip_risk_score=207
corridor_risk=182
kyc_tier=173
device_trust_score=156
account_age_days=155
minute=147
amount_src=109
fee=99
channel_WEB=96
hour_cos=93
location_mismatch=91
month=90
source_currency_GBP=89
dest_currency_MXN=88
exchange_rate_src_to_dest=83
dest_currency_CNY=83
day=72
ip_country_US=66
hour=63
txn_velocity_24h=59
year=51
amount_usd=49
hour_sin=45
ip_country_CA=40
dest_currency_GBP=37
dest_currency_NGN=34
channel_MOBILE=31
home_country_UK=27
dest_currency_USD=26
ip_country_UK=26
dest_currency_INR=22
dest_currency_EUR=17
dest_currency_CAD=16
channel_ATM=11
home_country_US=9
new_device=8
source_currency_USD=7
home_country_UNKNOWN=6
dest_currency_PHP=6
channel_UNKNOWN=1

parameters:
[boosting: gbdt]
[objective: binary]
[metric: auc]
[tree_learner: serial]
[device_type: cpu]
[data_sample_strategy: bagging]
[data: ]
[valid: ]
[num_iterations: 300]
[learning_rate: 0.05]
[num_leaves: 32]
[num_threads: 0]
[seed: 0]
[deterministic: 0]
[force_col_wise: 0]
[force_row_wise: 0]
[histogram_pool_size: -1]
[max_depth: 6]
[min_data_in_leaf: 20]
[min_sum_hessian_in_leaf: 0.001]
[bagging_fraction: 1]
[pos_bagging_fraction: 1]
[neg_bagging_fraction: 1]
[bagging_freq: 0]
[bagging_seed: 3]
[bagging_by_query: 0]
[feature_fraction: 1]
[feature_fraction_bynode: 1]
[feature_fraction_seed: 2]
[extra_trees: 0]
[extra_seed: 6]
[early_stopping_round: 0]
[early_stopping_min_delta: 0]
[first_metric_only: 0]
[max_delta_step: 0]
[lambda_l1: 0]
[lambda_l2: 0]
[linear_lambda: 0]
[min_gain_to_split: 0]
[drop_rate: 0.1]
[max_drop: 50]
[skip_drop: 0.5]
[xgboost_dart_mode: 0]
[uniform_drop: 0]
[drop_seed: 4]
[top_rate: 0.2]
[other_rate: 0.1]
[min_data_per_group: 100]
[max_cat_threshold: 32]
[cat_l2: 10]
[cat_smooth: 10]
[max_cat_to_onehot: 4]
[top_k: 20]
[monotone_constraints: ]
[monotone_constraints_method: basic]
[monotone_penalty: 0]
[feature_contri: ]
[forcedsplits_filename: ]
[refit_decay_rate: 0.9]
[cegb_tradeoff: 1]
[cegb_penalty_split: 0]
[cegb_penalty_feature_lazy: ]
[cegb_penalty_feature_coupled: ]
[path_smooth: 0]
[interaction_constraints: ]
[verbosity: -1]
[saved_feature_importance_type: 0]
[use_quantized_grad: 0]
[num_grad_quant_bins: 4]
[quant_train_renew_leaf: 0]
[stochastic_rounding: 1]
[linear_tree: 0]
[max_bin: 255]
[max_bin_by_feature: ]
[min_data_in_bin: 3]
[bin_construct_sample_cnt: 200000]
[data_random_seed: 1]
[is_enable_sparse: 1]
[enable_bundle: 1]
[use_missing: 1]
[zero_as_missing: 0]
[feature_pre_filter: 1]
[pre_partition: 0]
[two_round: 0]
[header: 0]
[label_column: ]
[weight_column: ]
[group_column: ]
[ignore_column: ]
[categorical_feature: ]
[forcedbins_filename: ]
[precise_float_parser: 0]
[parser_config_file: ]
[objective_seed: 5]
[num_class: 1]
[is_unbalance: 1]
[scale_pos_weight: 1]
[sigmoid: 1]
[boost_from_average: 1]
[reg_sqrt: 0]
[alpha: 0.9]
[fair_c: 1]
[poisson_max_delta_step: 0.7]
[tweedie_variance_power: 1.5]
[lambdarank_truncation_level: 30]
[lambdarank_norm: 1]
[label_gain: ]
[lambdarank_position_bias_regularization: 0]
[eval_at: ]
[multi_error_top_k: 1]
[auc_mu_weights: ]
[num_machines: 1]
[local_listen_port: 12400]
[time_out: 120]
[machine_list_filename: ]
[machines: ]
[gpu_platform_id: -1]
[gpu_device_id: -1]
[gpu_use_dp: 0]
[num_gpu: 1]

end of parameters

pandas_categorical:[]
