tree
version=v4
num_class=1
num_tree_per_iteration=1
label_index=0
max_feature_idx=43
objective=binary sigmoid:1
feature_names=amount_src amount_usd fee exchange_rate_src_to_dest new_device location_mismatch ip_risk_score kyc_tier account_age_days device_trust_score chargeback_history_count risk_score_internal txn_velocity_1h txn_velocity_24h corridor_risk year month day hour minute home_country_CA home_country_UK home_country_UNKNOWN home_country_US source_currency_CAD source_currency_GBP source_currency_USD dest_currency_CAD dest_currency_CNY dest_currency_EUR dest_currency_GBP dest_currency_INR dest_currency_MXN dest_currency_NGN dest_currency_PHP dest_currency_USD channel_ATM channel_MOBILE channel_UNKNOWN channel_WEB ip_country_CA ip_country_UK ip_country_UNKNOWN ip_country_US
feature_infos=[-4.7712069327098012:2.778261598864749] [-4.6739432273086692:2.7987228574569381] [-3.42346474076558:2.5292964168017447] [-1.1978468694370994:1.6479523506718583] [0:1] [0:1] [-2.5479858716324459:1.8377927437889328] [0:3] [0:1] [0.0090543259557343998:0.98893360160965804] [-0.20759336428980479:4.8171096603232382] [-3.3145133944870402:2.4919324392979072] [-0.35750778853835669:2.8057765287444001] [-0.49131602698556009:2.1418008421840402] [-0.58482945174139134:1.8431994068590212] [2022:2025] [1:12] [1:31] [0:23] [0:59] [0:1] [0:1] [0:1] [0:1] [0:1] [0:1] [0:1] [0:1] [0:1] [0:1] [0:1] [0:1] [0:1] [0:1] [0:1] [0:1] [0:1] [0:1] [0:1] [0:1] [0:1] [0:1] [0:1] [0:1]
tree_sizes=3251 3550 3540 3545 3536 3535 3543 3554 3545 3547 3540 3549 3540 3545 3539 3545 3539 3543 3557 3542 3546 3551 3546 3537 3542 3539 3554 3557 3550 3552 3532 3533 3544 3539 3541 3538 3539 3545 3544 3562 3541 3552 3540 3550 3553 3547 3551 3552 3555 3545 3543 3547 3541 3561 3544 3543 3556 3547 3534 3559 3536 3546 3551 3541 3545 3549 3555 3542 3537 3548 3555 3561 3547 3551 3553 3529 3554 3533 3546 3572 3577 3585 3561 3581 3577 3586 3547 3584 3566 3590 3584 3584 3544 3552 3466 3574 3462 3592 3579 3454 3592 3259 3567 3478 3586 3494 3582 3567 2835 3581 3362 2825 2944 3570 3389 3590

Tree=0
num_leaves=32
num_cat=0
split_feature=12 6 12 25 21 9 14 14 7 7 11 7 14 39 8 8 39 32 32 6 5 43 2 18 21 0 7 37 6 9 19
split_gain=11679.6 396.405 412.183 295.312 696.474 74.954 54.783 79.3126 35.4091 178.066 30.2497 34.8372 19.9307 19.2023 15.6221 13.7923 14.6875 11.9772 117.249 8.05664 5.77504 25.7839 3.99912 8.37566 2.97465 2.8659 2.42892 1.84778 1.18346 1.06929 1.67619
threshold=-0.35712666629937123 0.42831894760445488 2.70160039506426 1.0000000180025095e-35 0.99997358653385171 0.86723956240369104 -0.5231768175576309 0.96800862320774628 1.0172970859820014 1.9971085643509261 0.33248056110373786 1.0001205023425674 -0.39591085414728172 0.045016190442504996 0.030679142499638917 0.081334345426088889 0.010056024252739939 0.089402754309151358 0.99930865958219239 -0.48212878373436324 1.0000000180025095e-35 0.052327722374046266 -1.0861534148807601 17.500000000000004 0.034396166653257072 -0.62649068570829136 1.6186228967168219 0.99987949765743289 0.6364527525736664 0.5206394923857508 26.500000000000004
decision_type=2 2 2 2 2 2 2 2 2 2 2 2 2 2 2 2 2 2 2 2 2 2 2 2 2 2 2 2 2 2 2
left_child=3 2 -2 8 24 10 15 -8 17 -10 11 13 29 -3 -9 16 -6 20 -19 -14 27 -22 23 -11 -5 -12 -13 -1 -27 30 -4
right_child=1 5 12 4 6 -7 7 14 9 22 25 26 19 -15 -16 -17 -18 18 -20 -21 21 -23 -24 -25 -26 28 -28 -29 -30 -31 -32
leaf_value=-0.094406280667320916 0.10000000000000001 -0.082608695652173936 -0.060000000000000012 0.059999999999999998 -0.085237258347978906 -0.042105263157894736 0.10000000000000001 -0.041237113402061855 0.10000000000000001 -0.095000000000000001 0.063636363636363644 0.099999999999999978 -0.062962962962962957 0.043999999999999997 -0.10000000000000001 -0.099444444444444446 -0.057090909090909095 0.10000000000000001 -0.095527156549520764 0.01666666666666667 -0.092464678178963894 -0.019230769230769232 -0.095774647887323941 -0.018181818181818184 0.10000000000000001 0.084905660377358499 0.059999999999999998 -0.098338525441329191 0.099908786865308616 -0.09880239520958084 -0.099999999999999992
leaf_weight=509.5 60.25 5.7499999999999982 4.9999999999999982 4.9999999999999991 142.25 9.4999999999999982 9.4999999999999982 48.5 14.249999999999998 9.9999999999999982 5.4999999999999991 15.750000000000002 6.75 6.25 14.749999999999998 90 68.75 8.4999999999999982 78.25 5.9999999999999982 159.25 12.999999999999998 71 5.4999999999999991 66 13.249999999999998 4.9999999999999991 722.25 1644.5 41.75 5.5
leaf_count=2038 241 23 20 20 569 38 38 194 57 40 22 63 27 25 59 360 275 34 313 24 637 52 284 22 264 53 20 2889 6578 167 22
internal_value=0 0.0916428 0.00578842 -0.0823941 -0.0463744 0.0979478 -0.0736455 -0.0347079 -0.0924599 -0.0637717 0.0987323 0.051145 -0.0815385 -0.0166667 -0.0549407 -0.0830565 -0.0760664 -0.0943988 -0.0763689 -0.0254902 -0.0955128 -0.0869376 -0.0907514 -0.0677419 0.0971831 0.0996693 0.0903614 -0.096712 0.0997889 -0.0952153 -0.0809524
internal_weight=3867 1830.75 125.25 2036.25 444.75 1705.5 373.75 72.75 1591.5 100.75 1696 32.75 65 12 63.25 301 211 1490.75 86.75 12.75 1404 172.25 86.5 15.5 71 1663.25 20.75 1231.75 1657.75 52.25 10.5
internal_count=15468 7323 501 8145 1779 6822 1495 291 6366 403 6784 131 260 48 253 1204 844 5963 347 51 5616 689 346 62 284 6653 83 4927 6631 209 42
is_linear=0
shrinkage=0.05


Tree=1
num_leaves=32
num_cat=0
split_feature=12 6 12 25 21 9 14 14 7 7 11 12 14 14 8 8 39 32 32 6 5 43 2 18 25 0 37 6 9 19 28
split_gain=10566.2 358.758 372.873 267.546 629.792 67.8723 49.6085 71.698 32.0489 161.074 27.4348 32.9758 35.0228 18.0788 14.1842 12.5642 13.3443 10.8345 106.07 7.27928 5.25978 23.3911 3.63441 7.59526 2.92796 2.61071 1.68749 1.08013 0.974272 1.52536 0.762561
threshold=-0.35712666629937123 0.42831894760445488 2.70160039506426 1.0000000180025095e-35 0.99997358653385171 0.86723956240369104 -0.5231768175576309 0.96800862320774628 1.0172970859820014 1.9971085643509261 0.33248056110373786 2.70160039506426 -0.1545160318798231 -0.39591085414728172 0.030679142499638917 0.081334345426088889 0.010056024252739939 0.089402754309151358 0.99930865958219239 -0.48212878373436324 1.0000000180025095e-35 0.052327722374046266 -1.0861534148807601 17.500000000000004 0.96261790522816915 -0.62649068570829136 0.99987949765743289 0.6364527525736664 0.5206394923857508 26.500000000000004 0.99987956274106693
decision_type=2 2 2 2 2 2 2 2 2 2 2 2 2 2 2 2 2 2 2 2 2 2 2 2 2 2 2 2 2 2 2
left_child=3 2 -2 8 24 10 15 -8 17 -10 11 -3 -13 28 -9 16 -6 20 -19 -15 26 -22 23 -11 -5 -12 -1 -27 29 -4 -24
right_child=1 5 13 4 6 -7 7 14 9 22 25 12 -14 19 -16 -17 -18 18 -20 -21 21 -23 30 -25 -26 27 -28 -29 -30 -31 -32
leaf_value=-0.089889453426053992 0.095241872246060344 0.096279847323073223 -0.057052211634729399 0.095346936783972547 -0.081125146874233403 -0.04001804523975578 0.095241872246060344 -0.039192207371168519 0.095241872246060344 -0.090457358316916495 0.060516848037266896 -0.074781652582951455 0.075973889893052649 -0.059875157869424059 -0.095241872246060344 -0.094710079959366436 -0.054281344294971362 0.095241872246060344 -0.090961630206244884 0.015834454028146039 -0.088032629406773519 -0.01827095195515464 -0.093047025746888778 -0.017274179036690939 0.055619968028087378 0.080808384688995039 -0.09365161044816056 0.095154557976208365 -0.094095555810793582 -0.095241872246060316 -0.076640411699738842
leaf_weight=508.36646288633347 60.099626526236534 17.218167915940285 4.995502829551695 65.841261997818947 141.99194043874741 9.4957905411720258 9.4762896597385389 48.479388415813446 14.214434489607809 9.9774712324142438 5.494435489177703 8.2395984977483732 7.2356044203042975 6.7433144599199295 14.713186576962469 89.777859449386597 68.694011494517326 8.4787854850292188 78.071753486990929 5.9995833635330182 158.91009955108166 12.998798191547392 62.855748116970062 5.4995456337928763 4.9895163625478736 13.226149201393126 720.50666928291321 1640.4030648171902 41.648275345563889 5.4862729609012604 7.9816823005676261
leaf_count=2038 241 69 20 264 569 38 38 194 57 40 22 33 29 27 59 360 275 34 313 24 637 52 252 22 20 53 2889 6578 167 22 32
internal_value=2.00927e-07 0.0872773 0.0055116 -0.0784479 -0.0441349 0.0932835 -0.0700812 -0.0330098 -0.0880418 -0.0607187 0.0940317 0.0486737 -0.00429421 -0.0776164 -0.0522423 -0.0790471 -0.0723727 -0.0898885 -0.0727205 -0.0242297 -0.0909493 -0.0827576 -0.0864026 -0.0644527 0.0925485 0.0949255 -0.0920953 0.0950398 -0.0906664 -0.0770411 -0.0911984
internal_weight=3858.11 1826.29 124.973 2031.82 443.963 1701.31 373.133 72.6689 1587.86 100.529 1691.82 32.6934 15.4752 64.8729 63.1926 300.464 210.686 1487.33 86.5505 12.7429 1400.78 171.909 86.3144 15.477 70.8308 1659.12 1228.87 1653.63 52.1301 10.4818 70.8374
internal_count=15468 7323 501 8145 1779 6822 1495 291 6366 403 6784 131 62 260 253 1204 844 5963 347 51 5616 689 346 62 284 6653 4927 6631 209 42 284
is_linear=0
shrinkage=0.05


Tree=2
num_leaves=32
num_cat=0
split_feature=12 6 12 25 21 9 14 14 7 7 11 12 39 14 19 8 39 32 32 6 5 43 0 2 18 25 37 9 19 6 28
split_gain=9601.12 326.355 338.778 244.109 571.535 61.8993 45.201 65.0128 29.161 146.323 26.5371 31.1695 32.6293 16.551 13.0916 11.6408 12.2719 9.84283 96.3806 6.59041 4.87052 21.4219 3.49668 3.34515 6.94782 2.69863 1.57448 0.903167 1.40917 0.90049 0.703715
threshold=-0.35712666629937123 0.42831894760445488 2.70160039506426 1.0000000180025095e-35 0.99997358653385171 0.87700587872590685 -0.5231768175576309 0.96800862320774628 1.0172970859820014 1.9971085643509261 0.33248056110373786 2.70160039506426 0.48058473483435338 -0.39591085414728172 51.500000000000007 0.081334345426088889 0.010056024252739939 0.089402754309151358 0.99930865958219239 -0.48212878373436324 1.0000000180025095e-35 0.052327722374046266 -0.60903089633541108 -1.0861534148807601 17.500000000000004 0.96261790522816915 0.99987949765743289 0.5206394923857508 26.500000000000004 0.6364527525736664 0.99987956274106693
decision_type=2 2 2 2 2 2 2 2 2 2 2 2 2 2 2 2 2 2 2 2 2 2 2 2 2 2 2 2 2 2 2
left_child=3 2 -2 8 25 10 15 -8 17 -10 11 -3 -13 27 -9 16 -6 20 -19 -15 26 -22 -12 24 -11 -5 -1 28 -4 -24 -25
right_child=1 5 13 4 6 -7 7 14 9 23 22 12 -14 19 -16 -17 -18 18 -20 -21 21 -23 29 30 -26 -27 -28 -29 -30 -31 -32
leaf_value=-0.085943139182294209 0.091131780775723592 0.092034582470433737 -0.054339765596403813 0.091223141137343963 -0.077471843882266911 -0.047491277070337505 0.091131780775723592 -0.060224507496432468 0.091131780775723592 -0.086493099613328975 0.052626009377194416 -0.0944796175782808 0.052958639437367297 -0.057043413029651213 -0.00013700214050546412 -0.09061572352931456 -0.051687994644672136 0.091131780775723592 -0.086981546688908451 0.015045724961851898 -0.08414588338397723 -0.017362007676961441 0.07815707999278515 -0.088994466484649343 -0.016414361388280334 0.053016320531813481 -0.08958891842648474 -0.090019529755759234 -0.091131780775723592 0.091049055568015444 -0.073191799724100198
leaf_weight=505.19807997345924 59.679454892873764 17.114145949482918 4.9829125404357892 65.387351185083389 141.27027919888496 8.2361054420471174 9.4100385308265668 52.055633679032326 14.115057796239851 9.9145042896270734 5.9760760217905036 6.2217761129140845 9.4554698616266233 6.7246008217334747 10.976339265704153 89.157142639160156 68.5372494161129 8.4195081591606122 77.573580205440521 5.9984157085418683 157.95994637906551 12.995430648326872 13.65860779583454 62.441775441169739 5.4982717037200919 4.9732191860675803 715.63510689139366 41.3640196621418 5.4479170441627502 1628.9574659913778 7.9408392906188956
leaf_count=2038 241 69 20 264 569 33 38 209 57 40 24 25 38 27 44 360 275 34 313 24 637 52 55 252 22 20 2889 167 22 6578 32
internal_value=9.15761e-07 0.0834971 0.00527011 -0.0749928 -0.042141 0.0892473 -0.0668944 -0.0314593 -0.0841916 -0.0580483 0.0899171 0.0453781 -0.00555469 -0.0741525 -0.0497609 -0.0754807 -0.0690491 -0.0859591 -0.0695426 -0.0230561 -0.0869734 -0.0790692 0.090803 -0.0825914 -0.0614936 0.0885226 -0.0880802 -0.086704 -0.0735559 0.0909419 -0.0872115
internal_weight=3833.28 1813.82 124.197 2019.46 441.767 1689.62 371.407 72.442 1577.69 99.9104 1681.38 32.7914 15.6772 64.5179 63.032 298.965 209.808 1477.78 85.9931 12.723 1391.79 170.955 1648.59 85.7954 15.4128 70.3606 1220.83 51.7948 10.4308 1642.62 70.3826
internal_count=15468 7323 501 8145 1779 6822 1495 291 6366 403 6789 132 63 260 253 1204 844 5963 347 51 5616 689 6657 346 62 284 4927 209 42 6633 284
is_linear=0
shrinkage=0.05


Tree=3
num_leaves=32
num_cat=0
split_feature=12 6 12 25 21 9 14 14 7 7 11 12 14 14 8 8 39 32 32 14 5 43 2 18 21 0 37 6 28 28 6
split_gain=8757.46 298.205 308.956 224.129 520.243 56.736 41.4428 59.0905 26.654 133.409 23.1532 27.4125 30.1681 15.2729 12.9486 10.9409 11.4025 8.97493 87.9093 6.19173 4.57427 19.7782 3.11276 6.40316 2.70082 2.24272 1.49588 0.959008 0.879747 0.660222 0.621757
threshold=-0.35712666629937123 0.42831894760445488 2.70160039506426 1.0000000180025095e-35 0.99997358653385171 0.86723956240369104 -0.5231768175576309 0.96800862320774628 1.0172970859820014 1.9971085643509261 0.33248056110373786 2.70160039506426 -0.1545160318798231 -0.39591085414728172 0.030679142499638917 0.081334345426088889 0.010056024252739939 0.089402754309151358 0.99930865958219239 1.8102837095665658 1.0000000180025095e-35 0.052327722374046266 -1.0861534148807601 17.500000000000004 0.034396166653257072 -0.62649068570829136 0.99987949765743289 0.6364527525736664 0.99987956274106693 0.99987956274106693 -1.473980933489939
decision_type=2 2 2 2 2 2 2 2 2 2 2 2 2 2 2 2 2 2 2 2 2 2 2 2 2 2 2 2 2 2 2
left_child=3 2 -2 8 24 10 15 -8 17 -10 11 -3 -13 28 -9 16 -6 20 -19 -15 26 -22 23 -11 -5 -12 -1 -27 30 -24 -4
right_child=1 5 13 4 6 -7 7 14 9 22 25 12 -14 19 -16 -17 -18 18 -20 -21 21 -23 29 -25 -26 27 -28 -29 -30 -31 -32
leaf_value=-0.082463389855430003 0.087549100739152091 0.088341046601966497 -0.069958926586525 0.049341306619292383 -0.074197613711495941 -0.036355743327886075 0.087549100739152091 -0.034997005593319183 0.087549100739152091 -0.08300158167768637 0.055249760505719309 -0.069561421500363707 0.070938398998275989 0.0096653246793918027 -0.088850493504404535 -0.08704245253099159 -0.049282053144762236 0.087549100739152091 -0.083479753343925961 -0.060523681517859786 -0.080705959480292952 -0.016500683530620189 -0.085444615723329939 -0.015599369568044506 0.087716178485962235 0.07385954958697373 -0.086034938788754692 0.087466039726323414 -0.066901320070889753 -0.070077298393825857 -0.088063606279385642
leaf_weight=500.30998587608337 59.031415715813637 16.942376017570496 5.4032337069511405 4.9347307533025733 140.15639896690845 9.4634465128183347 9.307858079671858 48.29482738673687 13.961787119507788 9.8173630237579328 5.457252860069274 8.1763655841350538 7.1719382852315894 6.9736022949218732 14.516928911209105 88.199765682220459 68.295023217797279 8.3280835449695569 76.805040493607521 5.7186978459358215 156.49391983449459 12.99022203683853 61.799853622913361 5.4963021278381339 64.698747396469116 13.054932057857512 708.12086762487888 1611.3003641963005 7.1130564361810675 7.8805570602416983 38.761509150266647
leaf_count=2038 241 69 22 20 569 38 38 194 57 40 22 33 29 28 59 360 275 34 313 23 637 52 252 22 264 53 2889 6578 29 32 158
internal_value=2.02378e-06 0.0801945 0.00505748 -0.0719387 -0.0403477 0.0857235 -0.064016 -0.0300212 -0.0808053 -0.0556912 0.0864185 0.0444931 -0.00390882 -0.0710655 -0.0474435 -0.0722806 -0.0660345 -0.082504 -0.066749 -0.0219593 -0.0834774 -0.0757849 -0.0792209 -0.0588099 0.0849967 0.0872492 -0.0845563 0.0873567 -0.0832203 -0.0837066 -0.0858486
internal_weight=3794.98 1794.57 123.002 2000.41 438.404 1671.57 368.771 72.1196 1562 98.9559 1662.1 32.2907 15.3483 63.9701 62.8118 296.651 208.451 1463.05 85.1331 12.6923 1377.91 169.484 84.9941 15.3137 69.6335 1629.81 1208.43 1624.36 51.2778 69.6804 44.1647
internal_count=15468 7323 501 8145 1779 6822 1495 291 6366 403 6784 131 62 260 253 1204 844 5963 347 51 5616 689 346 62 284 6653 4927 6631 209 284 180
is_linear=0
shrinkage=0.05


Tree=4
num_leaves=32
num_cat=0
split_feature=12 6 12 25 21 9 14 14 7 7 11 7 39 14 6 8 39 32 32 19 5 43 0 34 25 23 19 19 9 19 9
split_gain=8014.42 273.608 282.623 206.861 474.836 52.4215 38.1493 53.8414 24.4594 122.021 22.6874 26.5428 14.4061 14.2165 12.5975 10.4086 10.6873 8.20977 80.4478 5.99801 4.3483 18.3884 3.12318 3.00065 2.54697 2.04302 1.45445 0.894036 0.87776 1.35252 0.845023
threshold=-0.35712666629937123 0.42831894760445488 2.70160039506426 1.0000000180025095e-35 0.99997358653385171 0.87700587872590685 -0.5231768175576309 0.96800862320774628 1.0172970859820014 1.9971085643509261 0.33248056110373786 1.0001205023425674 0.045016190442504996 -0.39591085414728172 0.31807667661601413 0.081334345426088889 0.010056024252739939 0.089402754309151358 0.99930865958219239 18.500000000000004 1.0000000180025095e-35 0.052327722374046266 -0.60903089633541108 0.058329859012056846 0.96261790522816915 0.78841352508954321 5.5000000000000009 54.500000000000007 0.5206394923857508 26.500000000000004 0.54361194476719776
decision_type=2 2 2 2 2 2 2 2 2 2 2 2 2 2 2 2 2 2 2 2 2 2 2 2 2 2 2 2 2 2 2
left_child=3 2 -2 8 24 10 15 -8 17 -10 11 12 -3 28 -9 16 -6 20 -19 -15 26 -22 -12 27 -5 -13 -1 -11 29 -4 -24
right_child=1 5 13 4 6 -7 7 14 9 23 22 25 -14 19 -16 -17 -18 18 -20 -21 21 -23 30 -25 -26 -27 -28 -29 -30 -31 -32
leaf_value=-0.076073010122832574 0.084401502427522396 -0.073042027887614713 -0.048149453120873195 0.084550264454673396 -0.071239793553661765 -0.043534061753334873 0.084401502427522396 -0.061560327051558776 0.084401502427522396 -0.081082217278942548 0.047833498605010787 0.048563525945251027 0.036374682791791312 0.021854261671220357 -0.014307178491466073 -0.083899187971078593 -0.047039797558818798 0.084401502427522396 -0.08037353356815434 -0.048578055675520607 -0.077636416632710842 -0.015684015343800303 0.084421103064806713 -0.048973826794497494 0.047157691950785841 0.085752032441864523 -0.0820064791599278 -0.060697293962010207 -0.083433475117987543 -0.084526937871341967 0.077695064816483903
leaf_weight=114.22301250696182 58.192110300064087 5.87807849049568 4.920298367738722 63.788850501179695 138.71283060312271 8.1934456676244718 9.1755194664001447 40.99846538901329 13.763279199600218 69.100820660591125 5.9194706082344046 4.8684798628091821 6.1617431640625 4.9798045307397825 21.502044126391411 86.95978581905365 67.980814725160599 8.2096753120422346 75.809468165040016 7.6915496438741684 154.59453421831131 12.983462154865263 1553.7171362042427 9.0222141891717893 4.9041232466697684 15.297733202576637 1078.1425515413284 5.8327056318521491 40.38068813085556 5.3155928552150726 48.144048407673836
leaf_count=472 241 24 20 264 569 33 38 166 57 285 24 20 25 20 87 360 275 34 313 31 637 52 6434 37 20 63 4455 24 167 22 199
internal_value=3.44934e-06 0.0772848 0.00486804 -0.0692184 -0.0387261 0.0826224 -0.0614038 -0.0286998 -0.0778027 -0.0535933 0.0832527 0.0417011 -0.0170447 -0.0682615 -0.0453038 -0.0693863 -0.0632805 -0.0794411 -0.064273 -0.0208984 -0.0803782 -0.0728365 0.084085 -0.0762155 0.0818807 0.0767741 -0.0814381 -0.0794955 -0.0801184 -0.0670406 0.084219
internal_weight=3745.36 1769.66 121.48 1975.7 434.022 1648.18 365.329 71.676 1541.68 97.719 1639.99 32.206 12.0398 63.2879 62.5005 293.653 206.694 1443.96 84.0191 12.6714 1359.94 167.578 1607.78 83.9557 68.693 20.1662 1192.37 74.9335 50.6166 10.2359 1601.86
internal_count=15468 7323 501 8145 1779 6822 1495 291 6366 403 6789 132 49 260 253 1204 844 5963 347 51 5616 689 6657 346 284 83 4927 309 209 42 6633
is_linear=0
shrinkage=0.05


Tree=5
num_leaves=32
num_cat=0
split_feature=12 6 12 25 21 9 14 14 7 7 11 12 14 7 8 8 40 14 14 9 0 2 18 21 11 11 11 18 32 19 6
split_gain=7355.45 251.878 259.284 191.854 434.364 48.3509 35.311 49.1361 22.5797 111.865 21.2304 25.1788 26.6539 13.8663 12.1688 10.0042 10.3637 7.86081 138.092 3.51363 2.99169 2.99102 5.98654 2.57935 2.39082 5.57207 2.09392 1.96665 1.41947 0.937838 0.824791
threshold=-0.35712666629937123 0.42831894760445488 2.70160039506426 1.0000000180025095e-35 0.99997358653385171 0.87700587872590685 -0.5231768175576309 0.96800862320774628 1.0172970859820014 1.9971085643509261 0.33248056110373786 2.70160039506426 -0.1545160318798231 1.0098736679889371 0.030679142499638917 0.081334345426088889 0.1975799375624229 -0.57467018851169238 1.5223445599649137 0.36886402492043763 -0.60903089633541108 -1.0861534148807601 17.500000000000004 0.034396166653257072 -0.77636055796144632 -1.5373496765471846 -0.77636055796144632 3.5000000000000004 0.089402754309151358 13.500000000000002 0.6364527525736664
decision_type=2 2 2 2 2 2 2 2 2 2 2 2 2 2 2 2 2 2 2 2 2 2 2 2 2 2 2 2 2 2 2
left_child=3 2 -2 8 23 10 15 -8 17 -10 11 -3 -13 26 -9 16 -6 24 28 -20 -12 22 -11 -5 25 -1 -4 -26 -19 -28 -22
right_child=1 5 13 4 6 -7 7 14 9 21 20 12 -14 -15 -16 -17 -18 18 19 -21 30 -23 -24 -25 27 -27 29 -29 -30 -31 -32
leaf_value=-0.076603552320439514 0.081617122023786348 0.082961304286196844 -0.051759394024919296 0.043963328523662804 -0.064130586256676336 -0.041530481094496988 0.081617122023786348 -0.03123439329455098 0.081617122023786348 -0.077194942481397411 0.045716944642717264 -0.066578247012508293 0.065634252524210082 -0.00086097871964072514 -0.083919994454347904 -0.081114925386788092 -0.02331153560431427 0.11729840280806135 -0.065263958985302503 -0.078119138939931457 0.06900564461850868 -0.077949575005413205 -0.011611609687572251 0.081825181897379237 -0.0746630507542691 -0.046856463231005285 -0.065212892476131962 -0.080998991774289375 0.081617122023786348 -0.082291807157847133 0.081539319345478076
leaf_weight=141.5605247169733 57.193518102169037 16.496300861239437 8.6926444321870786 4.8457909375429145 187.64584270119667 8.1601308882236463 9.0180650949478132 47.967878758907318 13.527097642421721 9.5455965995788556 5.8847280591726294 8.320516034960745 7.0351535677909842 7.2784781455993643 14.205625876784323 85.484447479248047 16.955004185438156 6.3245429992675763 64.599407702684402 300.02281032502651 13.237130150198935 67.743750512599945 5.4755768477916709 62.726754024624825 146.79369738698006 17.711941823363304 10.335588440299032 739.26235441863537 4.9836675524711609 36.158355355262756 1561.2612106800079
leaf_count=594 241 69 36 20 774 33 38 194 57 40 24 34 29 30 59 360 70 26 271 1259 55 284 22 264 616 74 43 3102 21 151 6578
internal_value=5.15817e-06 0.0747025 0.0046986 -0.0667732 -0.0372435 0.0798719 -0.059006 -0.0274521 -0.075118 -0.0516866 0.0804864 0.0400709 -0.00600549 -0.0657286 -0.0432722 -0.0667498 -0.060748 -0.0767056 -0.0705049 -0.0758416 0.081301 -0.0734737 -0.0532882 0.07911 -0.0789355 -0.0732955 -0.0742839 -0.0799493 0.101573 -0.0784952 0.0814339
internal_weight=3686.45 1740.05 119.659 1946.4 428.849 1620.4 361.277 71.1916 1517.55 96.292 1612.24 31.852 15.3557 62.4651 62.1735 290.085 204.601 1421.26 375.93 364.622 1580.38 82.7649 15.0212 67.5725 1045.33 159.272 55.1866 886.056 11.3082 46.4939 1574.5
internal_count=15468 7323 501 8145 1779 6822 1495 291 6366 403 6789 132 63 260 253 1204 844 5963 1577 1530 6657 346 62 284 4386 668 230 3718 47 194 6633
is_linear=0
shrinkage=0.05


Tree=6
num_leaves=32
num_cat=0
split_feature=12 6 12 25 21 9 14 14 7 7 11 12 39 14 19 8 39 14 14 2 41 2 2 25 11 11 0 18 32 6 9
split_gain=6767.55 232.751 238.334 178.633 398.126 44.898 32.7297 44.9403 20.8481 102.842 18.8103 22.3777 24.2541 13.3988 11.802 9.71918 10.4108 7.41705 126.519 5.57594 3.4088 2.84455 5.97175 2.47299 2.28855 5.29599 1.9446 1.89064 1.05243 0.930234 0.871093
threshold=-0.35712666629937123 0.42831894760445488 2.70160039506426 1.0000000180025095e-35 0.99997358653385171 0.86723956240369104 -0.5231768175576309 0.96800862320774628 1.0172970859820014 1.9971085643509261 0.33248056110373786 2.70160039506426 0.48058473483435338 -0.39591085414728172 51.500000000000007 0.081334345426088889 0.010056024252739939 -0.57467018851169238 1.5223445599649137 0.29539759027501367 0.10537582969435307 -1.0861534148807601 -1.2941414240573801 0.96261790522816915 -0.77636055796144632 -1.5373496765471846 -0.62649068570829136 3.5000000000000004 0.089402754309151358 0.6364527525736664 0.5206394923857508
decision_type=2 2 2 2 2 2 2 2 2 2 2 2 2 2 2 2 2 2 2 2 2 2 2 2 2 2 2 2 2 2 2
left_child=3 2 -2 8 23 10 15 -8 17 -10 11 -3 -13 30 -9 16 -6 24 28 -15 -20 22 -11 -5 25 -1 -12 -26 -19 -28 -4
right_child=1 5 13 4 6 -7 7 14 9 21 26 12 -14 19 -16 -17 -18 18 20 -21 -22 -23 -24 -25 27 -27 29 -29 -30 -31 -32
leaf_value=-0.074123459814112655 0.079139124155677046 0.080342953141473494 -0.061953149907198093 0.079327422956321308 -0.06636776077664662 -0.031755964180947768 0.079139124155677046 -0.051498906616162667 0.079139124155677046 -0.07829074742027578 0.048769605190942561 -0.084923581860408659 0.045892123453052769 -0.045162761857067212 0.0058936892458679273 -0.078633466445415301 -0.042268470778890566 0.10994824637495165 -0.074647597175640887 0.022479514798541191 -0.054953405622251664 -0.075440935180095647 -0.014070508447677986 0.04208582594488456 -0.072196861702790813 -0.044966197857145791 0.065390706059372972 -0.078463913965993698 0.079139124155677032 0.079058411518130381 -0.078511411913208082
leaf_weight=139.04563742876053 56.063607230782509 16.189919233322147 9.9700771719217283 61.499704375863075 135.28647881746292 9.3612237125635129 8.8399048745632154 50.885975822806358 13.259857311844824 8.5928327143192273 5.3567841649055472 5.7616015076637259 9.2028729766607267 7.3946951478719694 10.871071130037306 83.815062046051025 67.012063637375832 6.4075802862644178 334.77831523120403 5.1814068555831909 23.515113919973373 66.527300819754601 6.2549241036176673 4.8059947788715354 144.2811516970396 17.538136780261993 12.551280155777929 725.34039036929607 4.8852105885744095 1530.4714812636375 39.062942311167717
leaf_count=594 241 69 42 264 569 38 38 209 57 36 22 24 38 30 44 360 275 26 1430 21 100 284 26 20 616 74 53 3102 21 6578 167
internal_value=7.01951e-06 0.0723967 0.00454456 -0.0645562 -0.0358801 0.0774218 -0.0567932 -0.0263031 -0.0726951 -0.0499843 0.0780689 0.0396024 -0.00447436 -0.0633357 -0.0413961 -0.0643165 -0.0583848 -0.0742349 -0.0681614 -0.0172939 -0.0733551 -0.0710246 -0.0512366 0.0766281 -0.0764222 -0.0708577 0.0788428 -0.0774241 0.0966204 0.0789472 -0.0751446
internal_weight=3620.01 1706.57 117.673 1913.44 423.016 1588.9 356.711 70.597 1490.43 94.6349 1579.53 31.1544 14.9645 61.6091 61.757 286.114 202.299 1395.79 369.586 12.5761 358.293 81.3751 14.8478 66.3057 1026.21 156.584 1548.38 869.622 11.2928 1543.02 49.033
internal_count=15468 7323 501 8145 1779 6822 1495 291 6366 403 6784 131 62 260 253 1204 844 5963 1577 51 1530 346 62 284 4386 668 6653 3718 47 6631 209
is_linear=0
shrinkage=0.05


Tree=7
num_leaves=32
num_cat=0
split_feature=12 6 12 25 21 9 14 14 7 7 11 3 7 6 8 39 39 32 32 5 43 0 34 25 11 37 19 19 9 6 11
split_gain=6240.88 215.583 219.636 166.925 365.584 41.852 30.4839 41.1554 19.3428 94.7187 18.7117 22.0105 12.8467 11.7186 9.49252 9.90423 7.25275 7.0483 67.7133 4.17977 16.0393 2.82492 2.8087 2.55142 1.96349 1.56988 0.922612 0.850142 0.83291 0.556793 0.207348
threshold=-0.35712666629937123 0.42831894760445488 2.70160039506426 1.0000000180025095e-35 0.99997358653385171 0.87700587872590685 -0.5231768175576309 0.96800862320774628 1.0172970859820014 1.9971085643509261 0.33248056110373786 -0.80170790350155807 1.0098736679889371 0.30563234403830247 0.081334345426088889 0.010056024252739939 0.040785094641929871 0.089402754309151358 0.99930865958219239 1.0000000180025095e-35 0.052327722374046266 -0.60903089633541108 0.058329859012056846 0.9692693550232695 -0.77636055796144632 0.99987949765743289 13.500000000000002 54.500000000000007 0.54361194476719776 1.2185774429881435 -0.96258729506354357
decision_type=2 2 2 2 2 2 2 2 2 2 2 2 2 2 2 2 2 2 2 2 2 2 2 2 2 2 2 2 2 2 2
left_child=3 2 -2 8 23 10 14 -8 17 -10 11 -3 24 -9 15 -6 -13 19 -19 25 -21 -12 27 -5 -4 -1 -26 -11 -23 -20 -16
right_child=1 5 12 4 6 -7 7 13 9 22 21 16 -14 -15 30 -17 -18 18 29 20 -22 28 -24 -25 26 -27 -28 -29 -30 -31 -32
leaf_value=-0.071753054581979933 0.076921967446682823 -0.041878158638643748 -0.047597660976796824 0.07710825032023752 -0.064074150558034851 -0.038223203590760813 0.076921967446682823 -0.056055530706435909 0.076921967446682823 -0.073642157576979214 0.041764088141008161 0.011376438885707281 0.0014981203270086826 -0.010565899008821053 -0.066042353962800573 -0.040450658054972208 0.075356495542097723 0.080859741615812775 -0.074055518897300943 -0.070013050096405793 -0.011755826216725176 0.076944135803754365 -0.041965040161345474 0.0381933611120443 -0.060443496690532172 -0.075538486978670882 -0.077649723244236524 -0.053332361410033474 0.070080836867550969 -0.056064426074393409 -0.077019604579359233
leaf_weight=468.02071456611156 54.826819255948067 6.8357403278350857 8.4978587180376035 60.389979630708694 133.176344409585 8.0872341245412809 8.6448926627635938 39.156095415353775 12.967338994145392 65.583155289292336 5.7962771207094184 5.8535134047269848 7.2027621269226065 22.175545632839203 4.5548745989799491 66.534580290317535 18.207532286643982 7.95208416879177 67.264801308512688 146.82965952157974 12.848668515682219 1464.0616571158171 8.7092310041189176 4.5278172492980948 10.03119722008705 660.30821962654591 34.884733304381371 5.5918515920639029 45.581365823745728 4.5942244231700888 77.432868182659149
leaf_count=2038 241 29 36 265 569 33 38 162 57 285 24 25 30 91 20 275 78 34 293 637 52 6434 37 19 43 2889 151 24 199 20 340
internal_value=8.98542e-06 0.0703285 0.00440553 -0.0625418 -0.0346236 0.0752245 -0.0547478 -0.0252119 -0.0705043 -0.0484205 0.0758178 0.0372977 -0.0611846 -0.0396079 -0.0620848 -0.0562039 0.0597916 -0.0720034 -0.0575847 -0.0728968 -0.0653253 0.0766031 -0.0687669 0.0743941 -0.0696372 -0.0739683 -0.073807 -0.0720465 0.0767369 -0.0729053 -0.0764098
internal_weight=3547.13 1669.87 115.443 1877.26 416.593 1554.42 351.675 69.9765 1460.67 92.8516 1546.34 30.8968 60.6166 61.3316 281.699 199.711 24.061 1367.82 79.8111 1288.01 159.678 1515.44 79.8842 64.9178 53.4138 1128.33 44.9159 71.175 1509.64 71.859 81.9877
internal_count=15468 7323 501 8145 1779 6822 1495 291 6366 403 6789 132 260 253 1204 844 103 5963 347 5616 689 6657 346 284 230 4927 194 309 6633 313 360
is_linear=0
shrinkage=0.05


Tree=8
num_leaves=32
num_cat=0
split_feature=12 6 12 25 21 9 14 14 7 7 11 12 19 14 8 41 27 14 14 8 6 9 2 2 21 11 28 18 0 32 6
split_gain=5766.48 200.231 202.722 156.553 336.222 39.0747 28.4822 37.7383 18.0204 87.3847 16.9559 20.5646 21.969 12.7966 11.6218 9.52349 16.1272 6.96087 113.009 5.41628 5.38121 3.52209 2.88551 5.40551 2.58156 2.27922 5.1776 1.8777 1.85375 1.0894 0.954947
threshold=-0.35712666629937123 0.42831894760445488 2.70160039506426 1.0000000180025095e-35 0.99997358653385171 0.86723956240369104 -0.5231768175576309 0.96800862320774628 1.0172970859820014 1.9971085643509261 0.33248056110373786 2.70160039506426 15.500000000000002 -0.39591085414728172 0.030679142499638917 0.9998864808908724 0.083289981757078094 -0.57467018851169238 1.5223445599649137 0.081334345426088889 -0.48212878373436324 0.36886402492043763 -1.1665577909904796 -1.3332032416916462 0.034396166653257072 -0.77636055796144632 0.052200048254389904 3.5000000000000004 -0.62649068570829136 0.089402754309151358 0.6364527525736664
decision_type=2 2 2 2 2 2 2 2 2 2 2 2 2 2 2 2 2 2 2 2 2 2 2 2 2 2 2 2 2 2 2
left_child=3 2 -2 8 24 10 15 -8 17 -10 11 -3 -13 -4 -9 16 -6 25 29 -17 -15 -20 23 -11 -5 26 -1 -27 -12 -19 -30
right_child=1 5 13 4 6 -7 7 14 9 22 28 12 -14 20 -16 19 -18 18 21 -21 -22 -23 -24 -25 -26 27 -28 -29 30 -31 -32
leaf_value=-0.071010076960751831 0.074928717734039779 0.076738054196515942 -0.071052302169028747 0.0365279618142288 -0.049692433300894831 -0.029072465942386307 0.074928717734039779 -0.026173777689708085 0.074928717734039779 -0.073046766684608966 0.045019712199907219 0.050295963761873043 -0.07261851874471302 -0.045597533347947083 -0.078567330782412473 -0.058684636421254266 0.045894336695496592 0.10660086643164582 -0.058153736162508109 -0.075031986833131142 0.02017493556947925 -0.071393863593455315 -0.070790834723418544 -0.0055667907023261151 0.075211414343352184 -0.067851935250113904 -0.047475666130488224 -0.074229020581478594 0.060744162331534735 0.074830746926010383 0.074846906251780601
leaf_weight=121.40142050385475 53.504510924220085 15.623374536633493 47.144520178437233 4.6544535458087912 30.944533422589302 9.2755409926176053 8.4363959133625013 47.249684184789658 12.654593870043753 6.9582395255565643 5.2686243355274192 7.9776815325021726 6.6787728816270828 6.4894329309463501 13.639555439352987 168.40909853577614 5.1465824991464606 6.4172987788915616 61.086358085274696 72.475098997354507 5.9712920039892179 282.60706315934658 66.172384932637215 5.1748788058757764 58.778185218572617 138.45141476392746 28.941476866602898 694.22615544497967 12.103072628378866 4.6560638844966888 1460.7881399393082
leaf_count=540 241 69 209 20 134 38 38 194 57 30 22 34 28 27 59 722 22 26 271 326 24 1259 294 22 264 616 128 3102 53 21 6578
internal_value=1.12627e-05 0.0684544 0.00427784 -0.0607013 -0.0334556 0.0732373 -0.0528404 -0.0241786 -0.0685147 -0.0469798 0.0738664 0.0368281 -0.00571471 -0.0591417 -0.0379102 -0.0600143 -0.0360618 -0.069979 -0.0639753 -0.0636031 -0.0140788 -0.0690406 -0.0666809 -0.044266 0.072373 -0.0721457 -0.0664796 -0.0731687 0.0746251 0.0932423 0.074731
internal_weight=3469.31 1630.82 113.11 1838.48 409.734 1517.72 346.301 69.3256 1428.75 90.9601 1508.44 30.2798 14.6565 59.6052 60.8892 276.975 36.0911 1337.79 354.767 240.884 12.4607 343.693 78.3055 12.1331 63.4326 983.02 150.343 832.678 1478.16 11.0734 1472.89
internal_count=15468 7323 501 8145 1779 6822 1495 291 6366 403 6784 131 62 260 253 1204 156 5963 1577 1048 51 1530 346 52 284 4386 668 3718 6653 47 6631
is_linear=0
shrinkage=0.05


Tree=9
num_leaves=32
num_cat=0
split_feature=12 6 12 25 25 9 14 14 11 12 14 7 7 19 14 8 39 14 14 14 41 2 6 0 11 11 18 28 9 32 6
split_gain=5337.89 186.308 187.532 147.279 310.146 36.6332 31.9364 36.0784 17.0399 19.9015 20.9114 16.8109 80.7635 14.8461 12.1212 9.25469 10.079 6.649 104.17 5.07761 3.42665 2.80199 5.16483 2.73297 2.23776 5.29903 1.85256 0.931716 0.835294 0.830743 0.674288
threshold=-0.35712666629937123 0.42831894760445488 2.70160039506426 1.0000000180025095e-35 0.99997358653385171 0.87700587872590685 -0.5231768175576309 0.96800862320774628 0.33248056110373786 2.70160039506426 -0.1545160318798231 1.0172970859820014 1.9971085643509261 51.500000000000007 -0.39591085414728172 0.081334345426088889 0.010056024252739939 -0.57467018851169238 1.5223445599649137 1.8102837095665658 0.10537582969435307 -1.1665577909904796 0.037125908767392336 -0.60903089633541108 -0.77636055796144632 -1.5373496765471846 3.5000000000000004 0.99987956274106693 0.54361194476719776 0.089402754309151358 -1.473980933489939
decision_type=2 2 2 2 2 2 2 2 2 2 2 2 2 2 2 2 2 2 2 2 2 2 2 2 2 2 2 2 2 2 2
left_child=3 2 -2 11 -5 8 15 -8 9 -3 -11 17 -13 -9 27 16 -6 24 29 -16 -20 22 -14 -10 25 -1 -26 30 -25 -19 -4
right_child=1 5 14 4 6 -7 7 13 23 10 -12 12 21 -15 19 -17 -18 18 20 -21 -22 -23 -24 28 26 -27 -28 -29 -30 -31 -32
leaf_value=-0.067992906566530828 0.073129109219791502 0.074768978452367948 -0.054584336891528897 0.073468508251435818 -0.060544128026501387 -0.035245687400404638 0.073504314160968989 -0.04620992170007477 0.038231391607320149 -0.06108387835491022 0.058541454541079258 0.073129109219791502 -0.071014344869077026 0.015891467601343769 0.015253918445663312 -0.072824124142139166 -0.036446663755694685 0.10098199981848224 -0.068487730958848539 -0.049102817915346528 -0.048180331695391238 -0.068885212416656127 -0.0047151753352769575 0.073151042371551955 -0.065957275536757828 -0.038093706815577243 -0.072364360353777343 -0.051441848636261139 0.066119119832952086 0.073040468345496296 -0.074427287318289417
leaf_weight=130.36020655930042 52.115313276648521 15.242716029286386 4.8824766874313346 59.069975346326828 129.49526676535606 8.0022941976785642 8.9074912965297681 49.597359642386436 5.6948036551475516 8.0388969331979734 6.6963279694318762 12.326028451323507 6.8467134088277799 11.940858021378515 6.8739532530307752 78.291355907917023 65.260991305112839 6.4350297152996045 313.68898347020149 5.5309092700481415 22.246261179447174 64.641665577888489 5.1448639184236526 1391.788057371974 135.3850424438715 16.719560980796814 676.94685533642769 6.412669137120246 43.552516520023346 4.5347512364387512 34.768831923604012
leaf_count=594 241 69 22 272 572 33 41 209 24 34 29 57 30 49 28 361 275 26 1430 23 100 294 22 6434 616 74 3102 29 199 21 158
internal_value=1.34804e-05 0.0667633 0.00416228 -0.0590049 -0.0323622 0.071444 -0.0505617 -0.0205462 0.0720243 0.0347138 -0.00672092 -0.0666918 -0.0456606 -0.0341598 -0.0573103 -0.0583057 -0.0524693 -0.068124 -0.0621918 -0.0134406 -0.0671429 -0.0647673 -0.0425694 0.0728005 -0.070269 -0.0645941 -0.0712965 -0.0691242 0.0729377 0.0894314 -0.0719839
internal_weight=3387.44 1589.6 110.584 1797.84 402.563 1479.02 343.493 70.4457 1471.01 29.9779 14.7352 1395.28 88.9593 61.5382 58.4688 273.048 194.756 1306.32 346.905 12.4049 335.935 76.6332 11.9916 1441.04 959.412 147.08 812.332 46.064 1435.34 10.9698 39.6513
internal_count=15468 7323 501 8145 1779 6822 1507 299 6789 132 63 6366 403 258 260 1208 847 5963 1577 51 1530 346 52 6657 4386 668 3718 209 6633 47 180
is_linear=0
shrinkage=0.05


Tree=10
num_leaves=32
num_cat=0
split_feature=12 6 12 25 25 9 14 14 7 7 11 7 19 7 40 16 39 14 14 8 9 34 11 11 11 18 0 23 6 19 19
split_gain=4949.29 173.739 173.741 138.897 286.139 34.3657 29.8926 33.1843 15.7187 74.7571 15.2973 17.9131 13.592 11.8085 9.28659 12.9567 9.27441 6.37158 96.2148 5.94623 3.49954 2.75282 2.20974 5.1324 1.90742 1.84201 1.80833 1.61381 0.995613 0.973396 0.866619
threshold=-0.35712666629937123 0.42831894760445488 2.70160039506426 1.0000000180025095e-35 0.99997358653385171 0.86723956240369104 -0.5231768175576309 0.96800862320774628 1.0172970859820014 1.9971085643509261 0.33248056110373786 1.0001205023425674 51.500000000000007 1.0098736679889371 0.1975799375624229 3.5000000000000004 0.045016190442504996 -0.57467018851169238 1.5223445599649137 0.081334345426088889 0.36886402492043763 0.058329859012056846 -0.77636055796144632 -1.5373496765471846 -0.77636055796144632 3.5000000000000004 -0.62649068570829136 0.78841352508954321 0.6364527525736664 13.500000000000002 54.500000000000007
decision_type=2 2 2 2 2 2 2 2 2 2 2 2 2 2 2 2 2 2 2 2 2 2 2 2 2 2 2 2 2 2 2
left_child=3 2 -2 8 -5 10 14 -8 17 -10 11 16 -9 24 19 -16 -3 22 -19 -6 -20 30 23 -1 -4 -24 -12 -13 -28 -26 -11
right_child=1 5 13 4 6 -7 7 12 9 21 26 27 -14 -15 15 -17 -18 18 20 -21 -22 -23 25 -25 29 -27 28 -29 -30 -31 -32
leaf_value=-0.066253779063350102 0.071498061843969146 -0.063897743433472529 -0.041918301463659796 0.071807833443232993 -0.054113566685288245 -0.026624800667023892 0.071840601914158239 -0.044371855865258415 0.071498061843969146 -0.068064108692720587 0.041667727099736297 0.039009193878351639 0.015074392878412704 0.0050924569688818883 0.043394645211314038 -0.048199702669690467 0.027869815984068947 0.086093629304934166 -0.054310409381921158 -0.071112120133239837 -0.0677984294766074 -0.035900163100288374 -0.064201620557229416 -0.03663172235567181 -0.054248511588883788 -0.07066831541209101 0.056705949410608983 0.073707525585398004 0.071413092127669039 -0.072454174429695678 -0.046977616185640822
leaf_weight=127.17397041618824 50.675472810864449 5.2315638810396212 8.1367298662662488 57.455183193087578 175.66956561803818 9.1783218979835492 8.6642497926950437 49.08250629901886 11.985485270619391 61.271036520600319 5.1708864271640769 4.4398430287837991 11.958219930529593 7.0327333360910407 5.3075422495603588 14.166287109255789 5.8119951635599136 10.82826356589794 58.541803106665611 72.753385484218597 269.3560231924057 8.331059128046034 132.21361081302166 16.522585764527321 9.4712570905685407 658.98927517235279 11.603812634944914 13.664207577705383 1383.7566801905632 32.659040033817291 5.2935549318790427
leaf_count=594 241 23 36 272 777 38 41 209 57 285 22 20 49 30 23 63 25 47 271 345 1259 37 616 74 43 3102 53 63 6578 151 24
internal_value=1.5855e-05 0.0652258 0.00405508 -0.0574408 -0.0313415 0.0698162 -0.0488961 -0.0197285 -0.0650194 -0.0444422 0.0704353 0.0345841 -0.032726 -0.055591 -0.0564854 -0.0232359 -0.0156024 -0.0664231 -0.0605477 -0.0590918 -0.0653903 -0.062996 -0.0685518 -0.0628478 -0.064081 -0.0695877 0.0711814 0.0651981 0.0712908 -0.0683614 -0.0663872
internal_weight=3302.4 1546.83 107.975 1755.56 395.057 1438.86 337.602 69.705 1360.51 86.8811 1429.68 29.1476 61.0407 57.2998 267.897 19.4738 11.0436 1273.63 338.726 248.423 327.898 74.8957 934.899 143.697 50.267 791.203 1400.53 18.1041 1395.36 42.1303 66.5646
internal_count=15468 7323 501 8145 1779 6822 1507 299 6366 403 6784 131 258 260 1208 86 48 5963 1577 1122 1530 346 4386 668 230 3718 6653 83 6631 194 309
is_linear=0
shrinkage=0.05


Tree=11
num_leaves=32
num_cat=0
split_feature=12 6 12 25 25 9 14 14 11 3 7 7 19 14 8 39 0 14 14 2 41 0 2 18 11 28 18 9 19 28 29
split_gain=4595.3 162.396 161.111 131.379 264.263 32.3766 27.9995 30.5593 15.5596 19.5345 14.7495 69.273 12.4523 11.7051 9.18352 9.96082 6.57651 6.11906 89.0587 4.92304 3.43101 2.87653 2.85225 5.923 2.19518 5.26175 1.84374 1.00091 1.54147 0.826797 0.721293
threshold=-0.35712666629937123 0.42831894760445488 2.70160039506426 1.0000000180025095e-35 0.99997358653385171 0.87700587872590685 -0.5231768175576309 0.96800862320774628 0.41654717360955301 -0.80170790350155807 1.0172970859820014 1.9971085643509261 51.500000000000007 -0.39591085414728172 0.081334345426088889 0.010056024252739939 -1.0000000180025095e-35 -0.57467018851169238 1.5223445599649137 0.29539759027501367 0.10537582969435307 -0.60903089633541108 -1.0861534148807601 17.500000000000004 -0.77636055796144632 0.052200048254389904 3.5000000000000004 0.5206394923857508 26.500000000000004 0.99987956274106693 0.99997358653385171
decision_type=2 2 2 2 2 2 2 2 2 2 2 2 2 2 2 2 2 2 2 2 2 2 2 2 2 2 2 2 2 2 2
left_child=3 2 -2 10 -5 8 14 -8 9 -3 17 -12 -9 27 15 -6 -11 24 -19 -15 -20 -10 23 -13 25 -1 -26 28 -4 -24 -23
right_child=1 5 13 4 6 -7 7 12 21 16 11 22 -14 19 -16 -17 -18 18 20 -21 -22 30 29 -25 26 -27 -28 -29 -30 -31 -32
leaf_value=-0.065977296363326068 0.070014658411279893 -0.03994355718111315 -0.030148272698127372 0.070298288548610297 -0.057120257074596392 -0.032546459460275047 0.070328366348422641 -0.04262978397546946 0.033123568762248229 0.00096695245750931459 0.070014658411279893 -0.06662059016007503 0.014302045930412031 -0.037414043988337434 -0.069682096359709303 -0.03284159439654552 0.067554847173621368 0.083321558999603487 -0.065149303643914455 0.026908890359155002 -0.044410868900180998 0.069957617220162235 -0.068215923607576348 0.00071648512349473928 -0.062566894150454411 -0.041504209372900426 -0.069119489320372041 -0.069814639080554172 -0.071428474516564783 -0.049647418946347832 0.057585020792963716
leaf_weight=112.96999436616898 49.199106454849243 6.9402045011520412 4.4447062611579877 55.796542838215828 124.78975543379784 7.9096433222293845 8.41435958445072 48.547607198357582 5.3529138118028632 4.5595434010028901 11.636303186416624 8.5433333516120893 11.973391205072401 7.1611129194498044 74.023130521178246 63.867544054985046 19.85549263656139 10.633977532386778 298.29229173064232 5.0883829146623611 21.372911632061005 1341.2726898789406 52.535129576921463 5.2863970398902884 128.96728698909283 27.26350025832653 640.53617234528065 34.865449219942093 4.6040047705173492 6.7671622186899176 11.883952990174292
leaf_count=540 241 31 20 272 572 33 41 209 23 20 57 40 49 30 361 275 93 47 1430 21 100 6564 252 22 616 128 3102 167 22 32 58
internal_value=1.84139e-05 0.0638143 0.00395471 -0.0559873 -0.0303753 0.0683265 -0.0473143 -0.0189534 0.0689005 0.0340781 -0.063477 -0.0432988 -0.0313665 -0.0539135 -0.0547571 -0.048901 0.0551195 -0.0648564 -0.0590273 -0.0106946 -0.0637627 0.0697042 -0.0613285 -0.0408811 -0.0669728 -0.0612194 -0.0680213 -0.0659691 -0.0511517 -0.066097 0.069849
internal_weight=3215.35 1503.14 105.363 1712.22 387.412 1397.77 331.616 68.9354 1389.86 31.3552 1324.8 84.7683 60.521 56.1637 262.68 188.657 24.415 1240.04 330.299 12.2495 319.665 1358.51 73.132 13.8297 909.737 140.233 769.503 43.9142 9.04871 59.3023 1353.16
internal_count=15468 7323 501 8145 1779 6822 1507 299 6789 144 6366 403 258 260 1208 847 113 5963 1577 51 1530 6645 346 62 4386 668 3718 209 42 284 6622
is_linear=0
shrinkage=0.05


Tree=12
num_leaves=32
num_cat=0
split_feature=12 6 12 25 25 9 14 14 11 12 39 7 7 8 14 8 40 32 32 6 5 16 2 2 0 37 9 19 28 6 6
split_gain=4272.29 151.959 149.66 124.506 244.349 30.5364 26.2789 28.1731 14.324 18.1641 19.8419 13.8238 64.3044 12.1916 11.1889 9.15611 9.73077 5.95741 54.5117 4.72403 4.27653 16.0066 2.77716 5.64414 1.93102 1.72418 0.986471 1.49178 0.812427 0.759105 0.594881
threshold=-0.35712666629937123 0.42831894760445488 2.70160039506426 1.0000000180025095e-35 0.99997358653385171 0.86723956240369104 -0.5231768175576309 0.96800862320774628 0.41654717360955301 2.70160039506426 0.3416786646322223 1.0172970859820014 1.9971085643509261 0.030679142499638917 -0.39591085414728172 0.081334345426088889 0.1975799375624229 0.089402754309151358 0.99930865958219239 -0.48212878373436324 1.0000000180025095e-35 3.5000000000000004 -1.0861534148807601 -1.2941414240573801 -0.62649068570829136 0.99987949765743289 0.5206394923857508 26.500000000000004 0.99987956274106693 0.51997201305230589 1.2185774429881435
decision_type=2 2 2 2 2 2 2 2 2 2 2 2 2 2 2 2 2 2 2 2 2 2 2 2 2 2 2 2 2 2 2
left_child=3 2 -2 11 -5 8 15 -8 9 -3 -11 17 -13 -9 26 16 -6 20 -19 -16 25 -22 23 -14 -10 -1 27 -4 -24 -26 -20
right_child=1 5 14 4 6 -7 7 13 24 10 -12 12 22 -15 19 -17 -18 18 30 -21 21 -23 28 -25 29 -27 -28 -29 -30 -31 -32
leaf_value=-0.062976967811645676 0.068661265570651789 0.070866546131248362 -0.0289419780529813 0.068921713274171612 -0.050752614124279775 -0.024451625669898797 0.068949398321553168 -0.01834674926701815 0.036837007227409832 -0.080580219909395373 0.039048860780364819 0.068661265570651789 -0.067527631520215778 -0.073400800363075919 -0.040407533997690953 -0.06829679985104363 -0.0096269622348302674 0.079722297122229779 -0.06551357973268776 0.021803388272670404 -0.028142843489281061 -0.066203356277114475 -0.066743820506162607 -0.0025081487525627118 0.047195312218628417 -0.067204814829797926 -0.068342343092500049 -0.069955831802130039 -0.048143044222279899 0.068545198394950796 -0.045819932142019577
leaf_weight=412.91775618493557 47.69847808778286 15.879780709743502 4.3996307998895627 54.108228415250778 169.78638410568237 9.0751076489686948 8.1599621176719648 47.206812486052513 4.8400358855724326 5.5756177306175223 9.1616435497999174 11.281382784247397 7.7413515597581863 12.777877211570738 6.2828504741191864 71.804619953036308 15.714658454060553 7.3345824629068366 59.418554082512856 5.9333284795284253 37.499307006597519 104.89949488639832 51.046938553452492 5.8675492405891401 4.1767283529043189 579.7012937515974 33.861205637454987 4.4692925959825516 6.6331286132335654 1307.3789793998003 4.0991183072328559
leaf_count=2038 241 77 20 272 777 38 41 199 21 25 41 57 36 59 27 361 70 34 293 24 179 510 252 26 20 2889 167 22 32 6600 20
internal_value=2.09647e-05 0.0625188 0.00386175 -0.054636 -0.0294673 0.0669587 -0.0458251 -0.0182167 0.0675745 0.0337659 -0.00621097 -0.0620503 -0.0422583 -0.0300743 -0.0523902 -0.0531369 -0.0472687 -0.0634056 -0.0493395 -0.010192 -0.0642836 -0.0561805 -0.0598112 -0.0394941 0.0683609 -0.0654461 -0.0644543 -0.04961 -0.0646048 0.0684772 -0.0642426
internal_weight=3126.73 1458.73 102.645 1668 379.559 1356.09 325.45 68.1447 1347.01 30.617 14.7373 1288.44 82.5704 59.9847 54.9463 257.306 185.501 1205.87 70.8523 12.2162 1135.02 142.399 71.289 13.6089 1316.4 992.619 42.7301 8.86892 57.6801 1311.56 63.5177
internal_count=15468 7323 501 8145 1779 6822 1507 299 6784 143 66 6366 403 258 260 1208 847 5963 347 51 5616 689 346 62 6641 4927 209 42 284 6620 313
is_linear=0
shrinkage=0.05


Tree=13
num_leaves=32
num_cat=0
split_feature=12 6 12 25 25 14 14 5 9 14 7 7 8 8 39 11 7 14 14 9 2 2 28 6 11 11 8 18 28 32 40
split_gain=3976.5 142.716 180.147 118.214 226.105 24.6803 25.9973 22.6358 19.7406 17.9456 12.9824 59.7386 11.5727 9.16617 9.90931 8.45099 13.4333 5.92968 81.0897 3.66825 2.77297 4.96718 2.33091 2.85396 2.28886 5.32612 1.98997 1.92474 0.66984 0.586791 0.358149
threshold=-0.35712666629937123 0.7609510393761435 2.70160039506426 1.0000000180025095e-35 0.99997358653385171 -0.5231768175576309 0.96800862320774628 1.0000000180025095e-35 0.86723956240369104 -0.39591085414728172 1.0172970859820014 1.9971085643509261 0.030679142499638917 0.081334345426088889 0.010056024252739939 0.05344399741377516 1.0001205023425674 -0.57467018851169238 1.5223445599649137 0.36886402492043763 -1.1665577909904796 -1.3332032416916462 0.74807420800510982 0.47285133732129286 -0.77636055796144632 -1.5373496765471846 0.51689614365226177 3.5000000000000004 0.99987956274106693 0.089402754309151358 0.10703592594043622
decision_type=2 2 2 2 2 2 2 2 2 2 2 2 2 2 2 2 2 2 2 2 2 2 2 2 2 2 2 2 2 2 2
left_child=3 2 -2 10 -5 13 -7 22 15 -9 17 -12 -8 14 -6 16 -3 24 29 -20 21 -13 23 -4 25 -1 -17 -26 -22 -19 -18
right_child=1 8 7 4 5 6 12 9 -10 -11 11 20 -14 -15 -16 26 30 18 19 -21 28 -23 -24 -25 27 -27 -28 -29 -30 -31 -32
leaf_value=-0.061810690934818995 0.068842699846244818 -0.044013557860944665 -0.062130184164563701 0.067662729568309529 -0.054099895239602597 0.067688280656138106 -0.0174971713109911 -0.055830439815219762 -0.024532327383506056 0.073360982617398637 0.067422959538740876 -0.064989941535274695 -0.071749226163499963 -0.067025988607284814 -0.029535127426436589 0.067361856178157778 0.050231764868159404 0.091253352005352714 -0.049086777101794342 -0.06342297361270724 -0.064699856465143771 0.0019516814764525888 -0.033703377291013518 -0.10293699161706112 -0.059571405046561145 -0.030734608623844667 0.034459778800397946 -0.066453549109284249 -0.047933235115068772 0.066694408766514127 0.069863077114212899
leaf_weight=117.37160912156105 66.641781464219093 4.4138443917036048 41.549929440021515 52.402503073215485 119.97306656837463 7.9029099047183982 47.028644129633904 4.7912714034318924 5.9418840408325186 6.1233304142951948 10.923231393098829 6.3221159130334854 12.427291318774222 69.564552679657936 62.410979628562927 1259.1547980457544 4.0363225489854795 6.3536936193704587 54.401452884078026 248.16600047051907 51.460846036672592 4.9336871504783613 6.204162821173667 4.7773670107126227 122.15301948785782 15.623200312256811 4.6124040633440009 603.606454834342 6.7367122024297705 3.9407741278409958 5.4743048250675201
leaf_count=594 341 20 203 272 572 41 199 23 25 27 57 30 59 361 275 6563 20 26 271 1259 261 22 30 21 616 74 23 3102 33 21 27
internal_value=2.3669e-05 0.0613348 0.0114318 -0.0533585 -0.0285985 -0.0443963 -0.0175119 -0.0488708 0.0663921 0.0166488 -0.0607096 -0.0412706 -0.0288368 -0.0515839 -0.0456939 0.0668149 0.0280753 -0.0620432 -0.05615 -0.0608453 -0.0583653 -0.0356478 -0.062484 -0.0663383 -0.0641902 -0.0581601 0.0672418 -0.0652952 -0.062759 0.0818521 0.0615315
internal_weight=3037.42 1413.72 130.088 1623.7 371.71 319.307 67.3588 63.4461 1283.63 10.9146 1251.99 80.3766 59.4559 251.949 182.384 1277.69 13.9245 1171.62 312.862 302.567 69.4534 11.2558 52.5315 46.3273 858.754 132.995 1263.77 725.759 58.1976 10.2945 9.51063
internal_count=15468 7323 645 8145 1779 1507 299 304 6678 50 6366 403 258 1208 847 6653 67 5963 1577 1530 346 52 254 224 4386 668 6586 3718 294 47 47
is_linear=0
shrinkage=0.05


Tree=14
num_leaves=32
num_cat=0
split_feature=12 6 12 25 25 8 33 3 5 9 14 5 7 7 11 0 14 14 9 34 11 28 28 6 8 18 19 32 11 9 8
split_gain=3705.42 134.343 167.628 112.463 209.43 23.4563 26.5557 41.045 20.9742 18.6804 16.4625 14.1836 12.2273 55.5482 8.1628 12.6051 5.74409 75.2655 3.61787 2.79138 2.29958 5.43036 2.23073 2.45867 1.9827 1.94953 0.909134 0.463557 0.237625 0.205252 0.139222
threshold=-0.35712666629937123 0.7609510393761435 2.70160039506426 1.0000000180025095e-35 0.99997358653385171 0.030679142499638917 0.049430403732859125 1.647848289567593 1.0000000180025095e-35 0.86723956240369104 -0.39591085414728172 1.0000000180025095e-35 1.0172970859820014 1.9971085643509261 0.05344399741377516 0.58685049766861919 -0.57467018851169238 1.5223445599649137 0.36886402492043763 0.058329859012056846 -0.77636055796144632 0.052200048254389904 0.74807420800510982 0.47285133732129286 0.51689614365226177 3.5000000000000004 54.500000000000007 0.089402754309151358 -1.0481824618672646 0.54361194476719776 0.41926171198993073
decision_type=2 2 2 2 2 2 2 2 2 2 2 2 2 2 2 2 2 2 2 2 2 2 2 2 2 2 2 2 2 2 2
left_child=3 2 -2 12 -5 6 11 -8 22 14 -10 -6 16 -14 15 -3 20 27 -19 26 21 -1 23 -4 29 -22 -15 -18 -7 -16 -17
right_child=1 9 8 4 5 28 7 -9 10 -11 -12 -13 13 19 24 30 17 18 -20 -21 25 -23 -24 -25 -26 -27 -28 -29 -30 -31 -32
leaf_value=-0.061879413337181201 0.067617768619816193 -0.03514647350300238 -0.060611281345128915 0.06650823560745163 -0.048239738778951699 -0.054624261208232522 0.10312503066007478 -0.023814628537854793 -0.054143904079347716 -0.023430099174642567 0.07066213471620636 -0.010906453871144486 0.06628697560704204 -0.062485918945894059 0.066317500967681325 0.0572517509362118 0.087726379730138498 -0.04770831765477105 -0.062114569029499633 -0.028769576969586236 -0.058218905123395871 -0.036135336226431794 -0.032444363446639465 -0.098690112774824146 0.033166910434205894 -0.065244170606270621 -0.039912386862660659 0.065617305612456295 -0.067153049233445228 0.061914520874989123 0.070048209240373624
leaf_weight=103.93893785774708 64.510615825653076 5.084578424692153 40.488648772239685 50.689952448010445 165.54540656507015 3.984544411301612 8.0845042020082456 29.99328787624836 4.695931687951088 5.9111372828483573 6.0414172112941724 30.0606759339571 10.564012348651884 55.00632831454277 1190.8063163459301 3.9013827145099622 6.2804811149835569 53.205294623970985 240.90835753083229 7.7527080327272406 118.82603894174099 25.511719048023224 6.1247271895408621 4.7348307073116294 4.5540988743305197 584.53912030160427 4.8539444953203192 3.8085410445928574 75.399556368589401 27.070521786808968 4.6696048080921173
leaf_count=540 341 24 203 272 782 21 38 127 23 25 27 140 57 285 6420 20 26 271 1259 37 616 128 30 21 23 3102 24 21 399 143 23
internal_value=2.64904e-05 0.0602416 0.0111745 -0.0521663 -0.0277766 -0.0430426 -0.0350657 0.00313662 -0.0474735 0.065243 0.0160788 -0.0425024 -0.0594672 -0.0403397 0.0656671 0.0272236 -0.0607823 -0.0549022 -0.0595085 -0.0569993 -0.0629302 -0.0568059 -0.0607628 -0.0645981 0.0660965 -0.0640573 -0.0606555 0.0793803 -0.0665242 0.0662196 0.0642235
internal_weight=2947.55 1368.59 126.596 1578.95 363.758 313.068 233.684 38.0778 62.0856 1242 10.7373 195.606 1215.2 78.177 1236.09 13.6556 1137.02 304.203 294.114 67.613 832.816 129.451 51.3482 45.2235 1222.43 703.365 59.8603 10.089 79.3841 1217.88 8.57099
internal_count=15468 7323 645 8145 1779 1507 1087 165 304 6678 50 922 6366 403 6653 67 5963 1577 1530 346 4386 668 254 224 6586 3718 309 47 420 6563 43
is_linear=0
shrinkage=0.05


Tree=15
num_leaves=32
num_cat=0
split_feature=12 6 12 25 25 8 33 3 5 9 14 5 7 7 11 7 14 14 41 2 6 11 11 19 19 11 18 8 28 32 41
split_gain=3455.81 126.604 156.16 107.381 194.014 22.9937 24.5448 37.4069 19.4527 17.7108 15.1212 13.3383 11.557 51.6758 7.92376 12.0977 5.57374 69.94 3.6713 2.83331 4.93176 2.32263 5.39071 2.31689 7.22669 2.19295 1.98201 1.98105 0.704348 0.368795 0.351034
threshold=-0.35712666629937123 0.7609510393761435 2.70160039506426 1.0000000180025095e-35 0.99997358653385171 0.030679142499638917 0.049430403732859125 1.647848289567593 1.0000000180025095e-35 0.86723956240369104 -0.39591085414728172 1.0000000180025095e-35 1.0172970859820014 1.9971085643509261 0.05344399741377516 1.0001205023425674 -0.57467018851169238 1.5223445599649137 0.10537582969435307 -1.1665577909904796 0.037125908767392336 -0.77636055796144632 -1.5373496765471846 13.500000000000002 7.5000000000000009 -0.85640369995594978 3.5000000000000004 0.51689614365226177 0.99987956274106693 0.089402754309151358 0.36241062294661253
decision_type=2 2 2 2 2 2 2 2 2 2 2 2 2 2 2 2 2 2 2 2 2 2 2 2 2 2 2 2 2 2 2
left_child=3 2 -2 12 -5 6 11 -8 23 14 -10 -6 16 -14 15 -3 21 29 -19 20 -15 22 -1 24 -4 -25 -23 -16 -21 -18 -17
right_child=1 9 8 4 5 -7 7 -9 10 -11 -12 -13 13 19 27 30 17 18 -20 28 -22 26 -24 25 -26 -27 -28 -29 -30 -31 -32
leaf_value=-0.059330380076344884 0.066492711219980544 -0.042370371719069405 -0.073843311646470539 0.065446982627233585 -0.046697266745201887 -0.065405803591960632 0.098992348112691433 -0.02274140759697478 -0.05253516657790977 -0.022378058898289921 0.06816927232557482 -0.0103943614210995 0.065242368042419771 -0.062373450023326754 0.065168847372205643 0.067696378501105645 0.084619069940214411 -0.059778986232613907 -0.037287732133755573 -0.06235284246640227 0.005426135120920831 -0.056937398101026465 -0.027471813238857203 -0.034550683036216862 0.0072239834704754874 -0.069556305443699229 -0.064124842711416649 0.031919291070983812 -0.044722173020481544 0.064625438368950905 0.047812693564250539
leaf_weight=110.84754458069801 62.376147985458374 4.3310294151306143 6.4210918545722944 48.979674935340881 162.54009862244129 76.77081897854805 8.0029274672269803 29.842230722308159 4.6001981645822525 5.8803799301385871 5.9515113830566388 29.967026472091675 10.205583214759825 6.0583637505769712 1176.6827959865332 5.1965971142053586 6.1878612190484983 266.20963817834854 19.471079111099243 48.519071489572525 4.8130142539739609 115.50999502837658 15.085017323493956 5.1574351191520682 4.8072150200605392 33.760372832417488 565.48877753317356 4.4969775527715674 6.4136999547481528 3.6769791841506958 3.8748201876878738
leaf_count=594 341 20 32 272 782 420 38 127 23 25 27 140 57 30 6563 27 26 1430 100 261 22 616 74 25 23 174 3102 23 33 21 20
internal_value=2.94433e-05 0.0592309 0.0109343 -0.05103 -0.0269691 -0.0417075 -0.0338095 0.00300102 -0.0461603 0.0641824 0.0155461 -0.0410461 -0.0583005 -0.0394432 0.0646085 0.0263794 -0.0596006 -0.0537262 -0.0582461 -0.0556789 -0.032357 -0.0617522 -0.0555142 -0.0591445 -0.0391357 -0.0649173 -0.0629057 0.0650423 -0.0602944 0.0771667 0.0592031
internal_weight=2858.13 1323.54 123.074 1534.59 356.103 307.123 230.352 37.8452 60.6978 1200.46 10.5517 192.507 1178.49 76.0097 1194.58 13.4024 1102.48 295.546 285.681 65.8041 10.8714 806.931 125.933 50.1461 11.2283 38.9178 680.999 1181.18 54.9328 9.86484 9.07142
internal_count=15468 7323 645 8145 1779 1507 1087 165 304 6678 50 922 6366 403 6653 67 5963 1577 1530 346 52 4386 668 254 55 199 3718 6586 294 47 47
is_linear=0
shrinkage=0.05


Tree=16
num_leaves=32
num_cat=0
split_feature=12 6 12 25 25 8 14 5 11 0 14 14 7 7 39 13 32 32 5 16 2 18 19 19 11 43 37 9 28 6 6
split_gain=3226.02 119.361 145.707 102.686 179.865 22.5646 22.937 18.0991 17.2183 20.4612 16.8345 13.9046 10.9179 48.1281 10.232 5.66159 5.46991 47.5492 4.53866 15.8813 2.80028 5.80867 2.26217 6.81734 2.15243 1.93464 1.89006 1.42641 0.840649 0.643754 0.477587
threshold=-0.35712666629937123 0.7609510393761435 2.70160039506426 1.0000000180025095e-35 0.99997358653385171 0.030679142499638917 -0.5231768175576309 1.0000000180025095e-35 0.33248056110373786 0.3763477795244623 0.96800862320774628 -0.39591085414728172 1.0172970859820014 1.9971085643509261 0.010056024252739939 2.1154545758950176 0.089402754309151358 0.99930865958219239 1.0000000180025095e-35 3.5000000000000004 -1.0861534148807601 17.500000000000004 13.500000000000002 7.5000000000000009 -0.85640369995594978 0.41770891374149483 0.99987949765743289 0.75195859755970951 0.99987956274106693 1.2185774429881435 1.1861007012552891
decision_type=2 2 2 2 2 2 2 2 2 2 2 2 2 2 2 2 2 2 2 2 2 2 2 2 2 2 2 2 2 2 2
left_child=3 2 -2 12 -5 6 14 22 9 15 -8 -9 16 -14 -6 -3 18 -18 26 -20 21 -15 23 -4 -24 30 -1 -10 -22 -19 -11
right_child=1 8 7 4 5 -7 10 11 27 25 -12 -13 13 20 -16 -17 17 29 19 -21 28 -23 24 -25 -26 -27 -28 -29 -30 -31 -32
leaf_value=-0.057926374184334932 0.065456893002418123 0.0011473250842835186 -0.072350266501845006 0.064469259468507095 -0.050326477887470834 -0.064372682057386638 0.065820802503511813 -0.050995472265700496 0.064185824437312231 0.081696104624215143 -0.015283559737022237 0.065854254285675318 0.064279664959604049 -0.06101707892063573 -0.024789279328393365 -0.078118874757562559 0.080716967478804746 -0.060684550094230773 -0.021480142970304771 -0.061271207911133718 -0.062005597589503171 0.0079361599811496701 -0.03327742932946727 0.0068453117322705764 -0.068232965111919688 0.029044740235850849 -0.062632938161906904 0.039585085699167251 -0.042159505556682159 -0.039085269048934224 0.059292407302778072
leaf_weight=366.00339221954346 60.248980179429054 4.5081644356250781 6.2307474166154844 47.279457420110703 113.10560016334057 74.168758064508438 7.4205682873725882 4.504587858915329 1130.8668777793646 5.0143136084079725 46.434820234775543 5.855146646499632 9.8495331555604917 7.642561808228491 60.048988431692123 4.5026257783174515 6.7963247001171103 52.75007376074791 34.292596489191055 93.299465283751488 45.197194591164589 5.0873968452215195 5.0888041257858267 4.8191700279712677 32.720766425132751 3.8417285829782477 511.28944166004658 5.9232221841812125 6.0501249879598609 3.691084310412406 4.5257991254329681
leaf_count=2038 341 22 32 272 572 420 41 23 6536 25 199 27 57 40 275 20 34 293 179 510 252 22 25 23 174 20 2889 31 32 20 24
internal_value=3.22576e-05 0.0582981 0.0107125 -0.0499552 -0.0261966 -0.0404294 -0.0326067 -0.0449839 0.0632024 0.0197837 -0.00410844 0.015046 -0.057205 -0.038609 -0.0414703 -0.0384614 -0.0584903 -0.044227 -0.0593879 -0.0505767 -0.054449 -0.0334606 -0.0577121 -0.0378109 -0.0635283 0.0590036 -0.0606694 0.0640576 -0.0596626 -0.059272 0.0710679
internal_weight=2769.06 1278.65 119.468 1490.41 348.458 301.179 227.01 59.2192 1159.18 22.3926 53.8554 10.3597 1141.95 73.8268 173.155 9.01079 1068.12 63.2375 1004.88 127.592 63.9773 12.73 48.8595 11.0499 37.8096 13.3818 877.293 1136.79 51.2473 56.4412 9.54011
internal_count=15468 7323 645 8145 1779 1507 1087 304 6678 111 240 50 6366 403 847 42 5963 347 5616 689 346 62 254 55 199 69 4927 6567 284 313 49
is_linear=0
shrinkage=0.05


Tree=17
num_leaves=32
num_cat=0
split_feature=12 6 12 25 25 8 33 3 14 43 11 0 39 7 7 14 14 13 9 28 34 11 28 18 43 9 6 19 6 29 8
split_gain=3013.81 112.634 136.086 98.0792 166.938 22.1126 21.7588 33.7433 16.9833 18.2429 16.6953 18.8727 12.7745 10.2903 44.8709 5.49381 64.0581 5.29775 3.87808 3.33499 2.78427 2.46106 5.66572 2.10784 1.95205 1.47194 1.20903 0.953201 0.493544 0.417491 0.741528
threshold=-0.35712666629937123 0.7609510393761435 2.70160039506426 1.0000000180025095e-35 0.99997358653385171 0.030679142499638917 0.049430403732859125 1.647848289567593 -0.39591085414728172 0.99998464057730885 0.33248056110373786 0.3763477795244623 0.010056024252739939 1.0172970859820014 1.9971085643509261 -0.57467018851169238 1.5223445599649137 2.1154545758950176 0.36886402492043763 0.7045593344905321 0.058329859012056846 -0.77636055796144632 0.052200048254389904 3.5000000000000004 0.45549478568084711 0.75195859755970951 0.47285133732129286 54.500000000000007 1.1333136900953829 0.99997358653385171 0.019930457994625176
decision_type=2 2 2 2 2 2 2 2 2 2 2 2 2 2 2 2 2 2 2 2 2 2 2 2 2 2 2 2 2 2 2
left_child=3 2 -2 13 -5 6 12 -8 19 -10 11 17 -6 15 -15 21 -17 -3 -18 26 27 22 -1 -23 28 29 -4 -16 -13 -12 -31
right_child=1 10 8 4 5 -7 7 -9 9 -11 25 24 -14 14 20 16 18 -19 -20 -21 -22 23 -24 -25 -26 -27 -28 -29 -30 30 -32
leaf_value=-0.058494314219079427 0.06450113521042207 0.0010901430995294461 -0.061841671731658471 0.063566647562684694 -0.048194067505821017 -0.063416137403307024 0.09600337556069323 -0.021028278651830809 0.063549511775683937 -0.04999301584046327 0.063380564867012601 0.0828164548332469 -0.02081541113709405 0.063390651975293533 -0.059156872942295095 0.076064041034915264 -0.043227126210259488 -0.076051727356249529 -0.058773349961018712 -0.027484342958314645 -0.024402479468044979 -0.054526732518923253 -0.031207965571086384 -0.062170691475417685 0.026218861043906236 0.038129978014038411 -0.088783681927710079 -0.035213385474505338 0.05965251632918997 0.063591107864869198 0.034023567873325784
leaf_weight=94.934483572840691 58.138147592544556 4.5074203163385409 31.841783449053764 45.595927074551582 120.03498415648937 71.588537782430649 7.7784031331539145 29.586680680513382 6.7027484029531461 7.4918015748262405 1081.4511331617832 3.9529657661914808 66.047348335385323 9.497211813926695 50.259684696793556 9.5169619023799878 49.080329522490501 4.3964468985795975 219.6082231849432 6.9056305438280097 7.3494303524494162 108.73269848525524 23.791805312037468 528.73861689865589 3.6332925111055365 5.843853071331977 4.7905298769474021 4.5314858704805365 5.4976924955844879 5.7134916186332685 3.3719533830881119
leaf_count=540 341 22 181 272 615 420 38 127 31 34 6482 20 307 57 285 47 271 20 1259 36 37 616 128 3102 19 31 22 24 30 34 20
internal_value=3.50839e-05 0.0574298 0.0105042 -0.0489316 -0.0254723 -0.0392327 -0.0314847 0.00333456 -0.0438721 0.00362242 0.0622916 0.0191533 -0.0384764 -0.0561565 -0.0378304 -0.0574257 -0.0514182 -0.0370001 -0.0559336 -0.0593567 -0.0533004 -0.0596359 -0.0530263 -0.0608669 0.0573667 0.0631568 -0.065365 -0.0571766 0.0693414 0.0632909 0.0526175
internal_weight=2680.91 1234.24 115.871 1446.67 340.632 295.036 223.447 37.3651 57.7325 14.1945 1118.37 21.9878 186.082 1106.04 71.6378 1034.4 278.206 8.90387 268.689 43.5379 62.1406 756.198 118.726 637.471 13.084 1096.38 36.6323 54.7912 9.45066 1090.54 9.08545
internal_count=15468 7323 645 8145 1779 1507 1087 165 304 65 6678 111 922 6366 403 5963 1577 42 1530 239 346 4386 668 3718 69 6567 203 309 50 6536 54
is_linear=0
shrinkage=0.05


Tree=18
num_leaves=32
num_cat=0
split_feature=12 9 12 25 25 5 11 8 0 14 14 30 7 7 14 14 9 14 2 18 11 11 11 11 18 0 28 6 14 13 32
split_gain=2817.54 107.126 104.232 93.9776 154.97 56.6628 24.0589 21.7272 20.2241 20.2056 15.1531 10.2481 9.76819 41.8249 5.35414 59.6736 3.85267 3.00033 2.85913 5.54617 2.57894 3.37584 2.49904 5.65358 2.15567 2.09156 0.884034 0.849396 1.51143 0.475921 0.314894
threshold=-0.35712666629937123 0.52008195898812482 2.70160039506426 1.0000000180025095e-35 0.99997358653385171 1.0000000180025095e-35 -0.73414347459308649 0.030679142499638917 0.27003099575971273 -0.5231768175576309 0.96800862320774628 0.036977046081088767 1.0172970859820014 1.9971085643509261 -0.57467018851169238 1.5223445599649137 0.36886402492043763 -0.58297735611061285 -1.0861534148807601 17.500000000000004 1.1039930668294569 -0.92438826689036635 -0.77636055796144632 -1.5373496765471846 3.5000000000000004 -0.89306361844410287 0.99987956274106693 -0.021049447026853043 -0.53845233316360508 -0.40048806192252479 0.089402754309151358
decision_type=2 2 2 2 2 2 2 2 2 2 2 2 2 2 2 2 2 2 2 2 2 2 2 2 2 2 2 2 2 2 2
left_child=3 6 29 12 -5 20 -2 9 -7 11 -11 -6 14 -14 22 30 -17 -10 19 -15 21 -4 23 -1 -24 -8 -20 28 -27 -3 -16
right_child=1 2 5 4 7 8 25 -9 17 10 -12 -13 13 18 15 16 -18 -19 26 -21 -22 -23 24 -25 -26 27 -28 -29 -30 -31 -32
leaf_value=-0.056046765645044343 -0.036559595454008172 0.080779161281606865 -0.027428410408852695 0.062731794357678214 -0.044241679987110739 -0.053754617922072305 0.028754683538805167 -0.062528425556066136 0.01782133833296649 0.064697783867376235 -0.013970846223530189 -0.010094390536234274 0.06256815182797236 -0.058708938312387528 0.081066073320986642 -0.042045524846251667 -0.057733637761937011 0.067640290149127799 -0.060127290451333026 0.0096734299301435289 -0.028452792915290865 -0.069229880640398228 -0.053413760168477223 -0.022353014568540941 -0.061264270801417733 0.021061200737683416 -0.039228938321796122 0.062636408092490006 0.065980338178649331 0.063375347265090032 0.061720692710702435
leaf_weight=101.13320507109165 6.181697189807891 4.2560190707445136 5.5972325056791297 43.934686735272408 140.9909742474556 5.1076423078775433 4.6076452136039725 69.03926120698452 3.7428104877471986 7.0602284222841254 46.023702949285507 26.028322443366051 9.149759039282797 7.206639885902403 6.0295741558074933 47.965278506278992 212.56411004066467 15.696447119116778 42.396962687373161 5.0380031764507294 6.023615911602973 35.231557413935661 105.53009401261806 14.197642475366591 510.20355495810509 3.3964584022760391 5.7462568134069434 1045.4681176990271 4.1741986125707617 50.987219214439392 3.2305837869644165
leaf_count=594 33 23 28 272 716 25 26 420 22 41 199 131 57 40 26 271 1259 90 252 22 32 193 616 74 3102 20 32 6497 25 309 21
internal_value=3.80344e-05 0.0566186 0.0131472 -0.0479556 -0.0247614 -0.0267528 0.0617936 -0.0380558 0.0347846 -0.0303795 -0.00350782 -0.0389202 -0.055173 -0.037052 -0.056432 -0.050412 -0.0548453 0.0580482 -0.0521461 -0.0305733 -0.0589935 -0.0634993 -0.0586536 -0.0518989 -0.0599188 0.0623685 -0.0576329 0.0625156 0.0458281 0.0647162 0.0743171
internal_weight=2593.94 1190.47 126.643 1403.47 333.077 71.3993 1063.83 289.142 24.5469 220.103 53.0839 167.019 1070.39 69.5376 1000.85 269.79 260.529 19.4393 60.3879 12.2446 46.8524 40.8288 731.064 115.331 615.734 1057.65 48.1432 1053.04 7.57066 55.2432 9.26016
internal_count=15468 7323 722 8145 1779 390 6601 1507 137 1087 240 847 6366 403 5963 1577 1530 112 346 62 253 221 4386 668 3718 6568 284 6542 45 332 47
is_linear=0
shrinkage=0.05


Tree=19
num_leaves=32
num_cat=0
split_feature=12 9 12 25 25 5 11 8 33 3 0 5 5 43 43 16 33 32 32 7 7 19 14 3 6 11 37 6 12 7 17
split_gain=2635.87 101.538 97.5992 90.1296 143.953 52.5808 22.7476 21.3494 19.3002 30.5424 18.777 12.8834 9.42464 29.9719 33.2341 5.06351 12.542 4.64744 38.987 3.24462 18.1733 3.05446 2.94712 2.57102 3.81075 2.87234 2.04093 1.94929 3.92157 1.58738 1.50105
threshold=-0.35712666629937123 0.52008195898812482 2.70160039506426 1.0000000180025095e-35 0.99997358653385171 1.0000000180025095e-35 -0.73414347459308649 0.030679142499638917 0.049430403732859125 1.647848289567593 0.27003099575971273 1.0000000180025095e-35 1.0000000180025095e-35 0.0040699313771622734 0.99998464057730885 3.5000000000000004 0.32780202452471452 0.089402754309151358 0.99930865958219239 1.0172970859820014 1.9971085643509261 54.500000000000007 -0.58297735611061285 1.0498121890464043 0.47285133732129286 0.22026765718120517 0.99987949765743289 -0.021049447026853043 1.9361611763512783 1.0396722164750587 18.500000000000004
decision_type=2 2 2 2 2 2 2 2 2 2 2 2 2 2 2 2 2 2 2 2 2 2 2 2 2 2 2 2 2 2 2
left_child=3 6 -3 12 -5 23 -2 8 11 -10 -7 -6 17 15 29 16 -14 19 -19 26 -21 -17 -12 24 -4 -25 -1 28 -8 -15 -16
right_child=1 2 5 4 7 10 27 -9 9 -11 22 -13 13 14 30 21 -18 18 -20 20 -22 -23 -24 25 -26 -27 -28 -29 -30 -31 -32
leaf_value=-0.05480850569753816 -0.035068082806224865 0.063836943271623481 -0.054284449007319484 0.061958259747990109 -0.041884696185296048 -0.051948985869115449 0.061906982644964581 -0.061702748272449461 0.093337639318187851 -0.019450217293127153 0.016998546300308174 -0.0052352876537378832 -0.049920185647765111 0.10258849601628593 -0.06832420429152164 -0.060582093434715337 0.030425529728658703 0.082160125993338481 -0.056096038675237471 0.061805886229419231 -0.053162037052235822 -0.027027992628457627 0.066621863095116099 -0.058965738142667937 -0.09188351802559136 -9.5234938708164995e-05 -0.059949162046253994 0.061797947516526092 -0.0066088847643692638 0.061805886229419217 -0.027941455156723357
leaf_weight=331.98619610071182 6.1238873451948157 53.254072740674019 28.438030451536179 42.300439864397049 151.36058932542801 5.0230863541364696 6.2119718939065915 66.528594076633453 7.5463030934333792 29.336356341838837 3.7281612306833329 28.493338525295258 24.394322067499164 4.7537517547607422 5.2293412536382675 78.029219165444374 6.0647018849849692 5.6696381121873847 50.668658062815666 3.7086861133575431 46.978374570608139 7.4280471801757804 15.153344944119448 4.6152135431766492 8.8319302350282651 3.7599580436944962 461.4483113437891 1009.146144926548 3.1461269408464432 4.7903862297534943 4.1095112413167953
leaf_count=2038 33 332 168 272 782 25 40 420 38 127 22 140 142 23 27 475 33 30 310 24 277 45 90 24 41 20 2889 6511 17 31 22
internal_value=4.1201e-05 0.0558604 0.012897 -0.0470249 -0.0240788 -0.0261076 0.0610096 -0.0369269 -0.0293218 0.00362652 0.0339672 -0.0360785 -0.0542409 -0.0419108 0.0165036 -0.0514266 -0.0339225 -0.0560867 -0.0421825 -0.0570147 -0.04475 -0.0576655 0.0568237 -0.0575691 -0.0631944 -0.0325364 -0.0577982 0.0615873 0.0388724 0.0821189 -0.050554
internal_weight=2508.26 1147.43 122.804 1360.82 325.566 69.5497 1024.63 283.265 216.737 36.8827 23.9046 179.854 1035.26 134.799 18.883 115.916 30.459 900.46 56.3383 844.122 50.6871 85.4573 18.8815 45.6451 37.27 8.37517 793.435 1018.5 9.3581 9.54414 9.33885
internal_count=15468 7323 722 8145 1779 390 6601 1507 1087 165 137 922 6366 798 103 695 175 5568 340 5228 301 520 112 253 209 44 4927 6568 57 54 49
is_linear=0
shrinkage=0.05


Tree=20
num_leaves=32
num_cat=0
split_feature=12 9 12 25 25 5 8 11 33 3 2 39 5 43 43 16 33 32 32 7 7 19 11 11 37 6 12 17 7 14 18
split_gain=2467.28 96.3777 91.469 86.5777 133.752 48.7631 21.0084 20.2728 17.8323 28.0083 17.6383 12.6828 9.1162 27.9852 30.7965 4.9888 11.6757 4.40505 36.3513 3.14721 16.9496 3.01833 2.5247 3.36414 2.09041 1.93365 3.75024 1.46126 1.31848 1.10672 0.618269
threshold=-0.35712666629937123 0.52008195898812482 2.70160039506426 1.0000000180025095e-35 0.99997358653385171 1.0000000180025095e-35 0.030679142499638917 -0.7128339825761274 0.049430403732859125 1.647848289567593 0.54487431046986079 0.010056024252739939 1.0000000180025095e-35 0.0040699313771622734 0.99998464057730885 3.5000000000000004 0.32780202452471452 0.089402754309151358 0.99930865958219239 1.0172970859820014 1.9971085643509261 54.500000000000007 -0.92438826689036635 1.1039930668294569 0.99987949765743289 -0.021049447026853043 1.9361611763512783 18.500000000000004 1.0396722164750587 -0.51950683596368308 14.500000000000002
decision_type=2 2 2 2 2 2 2 2 2 2 2 2 2 2 2 2 2 2 2 2 2 2 2 2 2 2 2 2 2 2 2
left_child=3 7 -3 12 -5 22 8 -2 11 -10 -7 -6 17 15 28 16 -14 19 -19 24 -21 -17 -4 -24 -1 26 -9 -16 -15 -12 -20
right_child=1 2 5 4 6 10 -8 25 9 -11 29 -13 13 14 27 21 -18 18 30 20 -22 -23 23 -25 -26 -27 -28 -29 -30 -31 -32
leaf_value=-0.053833329626895833 -0.028328388866963591 0.063038622269002864 -0.024088890771197854 0.061240391276537465 -0.044903724076412264 -0.040111033796159649 -0.060933136420735702 0.061192298074537348 0.090218831343915853 -0.018572004716749049 0.034417784769469759 -0.017017040395714052 -0.048817299836762237 0.098749882060900671 -0.06712368151368879 -0.05971725043584393 0.028471974690321603 0.080102848751478994 -0.050797876049230174 0.061098302904556416 -0.052067713661513519 -0.026078213600574614 -0.066719953806110469 -0.025618369143918653 -0.059125597906843602 0.061078651414942835 -0.0062889742993338035 -0.026860758476159808 0.061098302904556402 0.065572704586939701 -0.062396199432542404
leaf_weight=321.37037801742554 6.412641078233718 51.282024949789047 5.399003103375434 40.697087213397026 113.19869260489941 6.0676707327365902 64.062922894954681 5.9762670099735242 7.420007497072219 29.191187158226967 3.6068422794342103 63.723974376916885 23.715517938137058 4.6931309103965759 5.0609943270683289 75.271280944347382 6.1543814092874518 5.5280849635601035 30.603515923023224 3.5676273107528678 45.602557837963104 7.3165398985147467 33.24381722509861 5.8553539365530005 444.9018824249506 970.58021320402622 3.1409923285245895 4.0623331367969513 4.608185276389122 13.594163104891772 18.397620603442192
leaf_count=2038 35 332 28 272 615 31 420 40 38 127 22 307 142 23 27 475 33 30 194 24 277 45 193 32 2889 6509 17 22 31 84 116
internal_value=4.43942e-05 0.055153 0.0126572 -0.0461246 -0.0234104 -0.0254685 -0.0358207 0.0602833 -0.0282866 0.00347668 0.0331847 -0.0348595 -0.0533483 -0.0410455 0.0160746 -0.0504038 -0.0328927 -0.0551991 -0.0414405 -0.0561192 -0.0438568 -0.0567371 -0.0561391 -0.0605647 -0.056906 0.0608634 0.0379443 -0.0491959 0.080096 0.0590399 -0.0551525
internal_weight=2424.31 1105.16 119.049 1319.15 318.294 67.7669 277.597 986.11 213.534 36.6112 23.2687 176.923 1000.85 130.882 18.4246 112.458 29.8699 869.972 54.5292 815.442 49.1702 82.5878 44.4982 39.0992 766.272 979.697 9.11726 9.12333 9.30132 17.201 49.0011
internal_count=15468 7323 722 8145 1779 390 1507 6601 1087 165 137 922 6366 798 103 695 175 5568 340 5228 301 520 253 225 4927 6566 57 49 54 106 310
is_linear=0
shrinkage=0.05


Tree=21
num_leaves=32
num_cat=0
split_feature=12 9 12 25 25 5 8 11 14 2 14 30 5 43 43 16 33 32 32 7 7 19 3 6 11 37 0 17 14 7 6
split_gain=2310.76 91.5223 85.7976 83.2114 124.344 45.2902 20.6663 19.2847 16.7747 16.4351 13.3646 9.98433 8.81965 26.1361 28.571 4.91759 10.8772 4.17621 33.919 3.05648 15.8145 2.98765 2.5604 3.20745 2.75459 2.14513 1.98422 1.42618 1.11483 1.09823 0.865291
threshold=-0.35712666629937123 0.52008195898812482 2.70160039506426 1.0000000180025095e-35 0.99997358653385171 1.0000000180025095e-35 0.030679142499638917 -0.7128339825761274 -0.5231768175576309 0.54487431046986079 0.96800862320774628 0.036977046081088767 1.0000000180025095e-35 0.0040699313771622734 0.99998464057730885 3.5000000000000004 0.32780202452471452 0.089402754309151358 0.99930865958219239 1.0172970859820014 1.9971085643509261 54.500000000000007 1.0498121890464043 0.47285133732129286 0.22026765718120517 0.99987949765743289 -0.84538705239670919 18.500000000000004 -0.51950683596368308 1.0396722164750587 -0.021049447026853043
decision_type=2 2 2 2 2 2 2 2 2 2 2 2 2 2 2 2 2 2 2 2 2 2 2 2 2 2 2 2 2 2 2
left_child=3 7 -3 12 -5 22 8 -2 11 -7 -10 -6 17 15 29 16 -14 19 -19 25 -21 -17 23 -4 -24 -1 -9 -16 -11 -15 -28
right_child=1 2 5 4 6 9 -8 26 10 28 -12 -13 13 14 27 21 -18 18 -20 20 -22 -23 24 -25 -26 -27 30 -29 -30 -31 -32
leaf_value=-0.052893415250806264 -0.027089488764285276 0.062296322749929925 -0.052121463373993294 0.060573180369372308 -0.040823380626537717 -0.038557215794115522 -0.060214312471522639 0.028304298439649208 0.063805706127224845 0.033147731235069609 -0.012317489710142484 -0.0064316449267971783 -0.047747649046468818 0.095279000587244228 -0.066020536753864309 -0.058902480031155384 0.026677722651711051 0.078203243936663447 -0.054247357606413207 0.060440514164336968 -0.05101022493977922 -0.025153367922428345 -0.056402264192334531 -0.087323353243501531 0.0021107725762813585 -0.058348115216643529 0.042870157132111085 -0.025815804156318092 0.064704864080281282 0.060440514164336961 0.060487378972231637
leaf_weight=310.99141910672188 6.3716866374015799 49.347435757517815 26.674045816063881 39.127834483981133 133.32615491747856 5.9983763843774822 61.647510126233101 4.8538625389337531 6.6061104238033286 3.5590277165174546 45.328801512718201 25.071750625967979 23.051433295011524 4.6226658821105957 4.8925516605377197 72.565501615405083 6.2376638054847708 5.3829355239868155 47.369730055332184 3.42962622642517 44.254938736557961 7.2090651094913474 4.371455565094946 8.5435571223497373 3.7255526036024094 428.69969598948956 7.0225337743759146 4.0166146606206894 13.100188046693797 4.4299338757991791 930.20070710778236
leaf_count=2038 35 332 168 272 716 31 420 29 41 22 199 131 142 23 27 475 33 30 310 24 277 45 24 41 20 2889 45 22 84 31 6492
internal_value=4.75454e-05 0.05449 0.0124304 -0.0452594 -0.0227666 -0.0248696 -0.0347561 0.0596039 -0.0272944 0.0324103 -0.00263463 -0.0353797 -0.0524947 -0.0402154 0.0156716 -0.0494194 -0.0318974 -0.0543513 -0.040732 -0.0552638 -0.0429943 -0.0558526 -0.0548323 -0.0606612 -0.0294796 -0.0560548 0.0601902 -0.0478946 0.0579631 0.0782306 0.0603554
internal_weight=2342.03 1063.77 115.32 1278.26 311.108 65.9722 271.98 948.449 210.333 22.6576 51.9349 158.398 967.154 127.025 17.9618 109.064 29.2891 840.128 52.7527 787.376 47.6846 79.7746 43.3146 35.2176 8.09701 739.691 942.077 8.90917 16.6592 9.0526 937.223
internal_count=15468 7323 722 8145 1779 390 1507 6601 1087 137 240 847 6366 798 103 695 175 5568 340 5228 301 520 253 209 44 4927 6566 49 106 54 6537
is_linear=0
shrinkage=0.05


Tree=22
num_leaves=32
num_cat=0
split_feature=12 6 12 25 25 8 5 41 14 43 11 12 33 33 5 43 43 16 33 32 32 28 7 7 19 37 17 9 6 7 18
split_gain=2165.06 87.1131 99.6126 80.0308 115.65 20.3275 16.4576 55.4058 14.8613 14.197 14.0493 14.7672 16.7746 12.012 8.53458 24.4134 26.5345 4.84922 10.1396 3.95991 31.6707 3.30654 2.97176 14.7606 2.96146 2.20462 1.39493 1.31308 0.956212 0.916947 0.641022
threshold=-0.35712666629937123 0.7609510393761435 2.70160039506426 1.0000000180025095e-35 0.99997358653385171 0.030679142499638917 1.0000000180025095e-35 0.013298097471491912 -0.39591085414728172 0.99998464057730885 0.33248056110373786 2.70160039506426 0.38632490107808076 0.049430403732859125 1.0000000180025095e-35 0.0040699313771622734 0.99998464057730885 3.5000000000000004 0.32780202452471452 0.089402754309151358 0.99930865958219239 0.7045593344905321 1.0172970859820014 1.9971085643509261 54.500000000000007 0.99987949765743289 18.500000000000004 0.75195859755970951 -1.3795358244404203 1.0396722164750587 14.500000000000002
decision_type=2 2 2 2 2 2 2 2 2 2 2 2 2 2 2 2 2 2 2 2 2 2 2 2 2 2 2 2 2 2 2
left_child=3 2 -2 14 -5 6 13 -8 21 -10 11 -3 -13 -6 19 17 29 18 -16 22 -21 28 25 -24 -19 -1 -18 -12 -4 -17 -22
right_child=1 10 8 4 5 -7 7 -9 9 -11 27 12 -14 -15 15 16 26 24 -20 20 30 -23 23 -25 -26 -27 -28 -29 -30 -31 -32
leaf_value=-0.051984564721706983 0.060830793114135973 0.064822933963127258 -0.039354906750571989 0.059952196098816302 -0.038582780480920148 -0.059541579469165433 -0.030357109796253147 0.11889404135581448 0.061399924981111048 -0.042879052915766248 0.059700066699836268 -0.073055560444889242 0.055216315863302695 -0.0035984638388567082 -0.046707471909164008 0.092125710699227453 -0.065004564092359024 -0.058132685028819714 0.025025029454689842 0.076445800452815738 -0.048804899197386904 -0.021404879045809629 0.059828175091086545 -0.049985309859817008 -0.0242529019014293 -0.057612036846079989 -0.024805344709471919 0.034526567631624115 -0.06479320396844139 0.059828175091086538 -0.06103437350897975
leaf_weight=300.86501102149487 48.476294755935669 8.7338332086801547 4.2623638808727256 37.59526726603508 143.42502252757549 59.286646544933319 25.963006764650345 8.1763740181922895 6.2355787903070432 6.8490118086338043 899.14515459537506 6.5059662610292417 4.190379723906517 29.59993340075016 22.403126999735836 4.5438395887613297 4.72481968998909 69.917281612753868 6.3150627613067618 5.2351080030202857 28.664340570569038 6.1631124913692465 3.294902801513671 42.937859356403351 7.1055727750062934 412.86967365443707 3.9723720401525497 5.2101986408233634 27.712746560573581 4.2559161186218262 17.111711159348488
leaf_count=2038 341 55 27 272 782 420 129 41 31 34 6536 32 24 135 142 23 27 475 33 30 194 36 24 277 45 2889 22 31 176 31 116
internal_value=5.08563e-05 0.0538591 0.00945618 -0.0444242 -0.0221427 -0.0337259 -0.026338 0.00538851 -0.0391638 0.00681603 0.0586512 0.0165842 -0.022804 -0.0325979 -0.0516759 -0.0394165 0.0152917 -0.0484691 -0.0309337 -0.0535389 -0.0400532 -0.0549387 -0.0544441 -0.0421592 -0.0550072 -0.0552399 -0.0466439 0.059555 -0.0614022 0.0765053 -0.0533764
internal_weight=2261.75 1023.48 99.6991 1238.26 304.046 266.451 207.164 34.1394 51.2228 13.0846 923.786 19.4302 10.6963 173.025 934.217 123.238 17.4969 105.741 28.7182 810.979 51.0112 38.1382 759.967 46.2328 77.0229 713.735 8.69719 904.355 31.9751 8.79976 45.7761
internal_count=15468 7323 645 8145 1779 1507 1087 170 304 65 6678 111 56 917 6366 798 103 695 175 5568 340 239 5228 301 520 4927 49 6567 203 54 310
is_linear=0
shrinkage=0.05


Tree=23
num_leaves=32
num_cat=0
split_feature=12 9 25 25 12 5 8 11 39 39 0 6 5 43 43 16 33 32 32 19 7 7 11 11 14 37 6 12 17 7 18
split_gain=2029.8 83.2548 77.034 107.605 76.3102 39.5763 19.9946 17.081 15.2471 95.6563 14.7559 11.6579 8.26054 22.8068 24.6671 4.7831 9.45698 3.7551 29.5892 2.93892 2.89243 13.781 2.63065 3.25386 2.58317 2.26847 1.94235 3.41835 1.36681 0.76713 0.644951
threshold=-0.35712666629937123 0.52008195898812482 1.0000000180025095e-35 0.99997358653385171 2.70160039506426 1.0000000180025095e-35 0.030679142499638917 -0.69702754367807185 0.010056024252739939 0.99987853278274375 0.27003099575971273 0.084448091432880693 1.0000000180025095e-35 0.0040699313771622734 0.99998464057730885 3.5000000000000004 0.32780202452471452 0.089402754309151358 0.99930865958219239 54.500000000000007 1.0172970859820014 1.9971085643509261 -0.92438826689036635 1.1039930668294569 -0.57702961777269279 0.99987949765743289 -0.021049447026853043 1.9361611763512783 18.500000000000004 1.0396722164750587 14.500000000000002
decision_type=2 2 2 2 2 2 2 2 2 2 2 2 2 2 2 2 2 2 2 2 2 2 2 2 2 2 2 2 2 2 2
left_child=2 7 12 -4 -3 22 8 -2 11 -10 -7 -5 17 15 29 16 -14 20 -19 -17 25 -22 -6 -24 -12 -1 27 -9 -16 -15 -20
right_child=1 4 3 6 5 10 -8 26 9 -11 24 -13 13 14 28 19 -18 18 30 -21 21 -23 23 -25 -26 -27 -28 -29 -30 -31 -32
leaf_value=-0.05110304522321843 -0.023684076118247441 0.060990329868436978 0.059373475850831352 -0.049015826387684397 -0.019165045338064336 -0.047227068702875082 -0.058910760482032525 0.059508969885906676 0.1236024576921434 -0.031869099153406709 0.015886157516514312 -0.018766793511342705 -0.045693450984494427 0.08924956630292516 -0.064066921031995114 -0.057403314529965367 0.023498786032922301 0.07481708515754662 -0.047889299190415041 -0.023376332301546118 0.05925741706844221 -0.048989190516663492 -0.06400436144114359 -0.02241900354824836 0.06353666319496945 -0.056913192314188989 0.059218762211611556 -0.0069139143333191017 -0.023828244401190482 0.059257417068442189 -0.060382442113867341
leaf_weight=291.00337046384811 6.2933437675237647 45.671878397464752 36.101440981030464 72.849055662751198 5.0920746475458136 4.691594764590266 56.983748987317085 5.2339956164360029 11.740168720483778 62.899407222867012 3.6374249905347886 56.598908305168152 21.77143415808678 4.4579321593046188 4.5584866106510162 67.330977559089661 6.3870453387498847 5.08542226999998 27.774467512965202 7.0060010254383078 3.1636297702789298 41.65318863093853 30.375648885965347 5.5658072829246512 13.042113959789271 397.43391138315201 861.17303462326527 3.0749002546072006 3.9296116828918457 4.0863551199436188 16.448433756828308
leaf_count=2038 36 332 272 413 28 25 420 39 61 309 23 304 142 23 27 475 33 30 194 45 24 277 193 32 89 2889 6509 17 22 31 116
internal_value=5.37213e-05 0.053283 -0.0436146 -0.0215358 0.0118792 -0.0240635 -0.0327241 0.0583926 -0.0254125 -0.00741475 0.0311105 -0.03579 -0.0508879 -0.0386453 0.0149322 -0.0475486 -0.0299989 -0.0527578 -0.0394015 -0.0541964 -0.053656 -0.041348 -0.0527993 -0.0575646 0.0531452 -0.0544572 0.0589866 0.0349276 -0.0454382 0.0749056 -0.052536
internal_weight=2183.11 983.852 1199.26 297.173 108.077 62.4047 261.071 875.775 204.088 74.6396 21.3711 129.448 902.09 119.528 17.0324 102.495 28.1585 782.562 49.3083 74.337 733.254 44.8168 41.0335 35.9415 16.6795 688.437 869.482 8.3089 8.4881 8.54429 44.2229
internal_count=15468 7323 8145 1779 722 390 1507 6601 1087 370 137 717 6366 798 103 695 175 5568 340 520 5228 301 253 225 112 4927 6565 56 49 54 310
is_linear=0
shrinkage=0.05


Tree=24
num_leaves=32
num_cat=0
split_feature=12 9 25 21 12 7 8 11 5 41 18 14 5 43 43 14 43 16 33 12 32 32 19 7 7 37 22 6 12 17 3
split_gain=1903.62 79.2281 74.15 100.208 71.7113 37.0036 18.8233 16.2105 15.6551 48.1375 13.7591 11.1414 7.99702 21.3074 22.9517 4.98175 11.1187 4.71868 8.82406 4.19572 3.56103 27.6595 2.9193 2.81795 12.8697 2.33627 2.12196 1.97634 3.23996 1.34122 0.778944
threshold=-0.35712666629937123 0.52008195898812482 1.0000000180025095e-35 0.99997358653385171 2.70160039506426 1.0098736679889371 0.030679142499638917 -0.59190494759748835 1.0000000180025095e-35 0.013298097471491912 16.500000000000004 -0.58297735611061285 1.0000000180025095e-35 0.0040699313771622734 0.99998464057730885 1.0000000180025095e-35 0.99998464057730885 3.5000000000000004 0.32780202452471452 2.8052707764943734 0.089402754309151358 0.99930865958219239 54.500000000000007 1.0172970859820014 1.9971085643509261 0.99987949765743289 0.50931158038416424 -0.021049447026853043 1.9361611763512783 18.500000000000004 1.0498121890464043
decision_type=2 2 2 2 2 2 2 2 2 2 2 2 2 2 2 2 2 2 2 2 2 2 2 2 2 2 2 2 2 2 2
left_child=2 7 12 26 -3 15 8 19 10 -10 -5 -7 20 17 -15 30 -17 18 -14 -2 23 -22 -19 25 -25 -1 -4 28 -9 -16 -6
right_child=1 4 3 6 5 11 -8 27 9 -11 -12 -13 13 14 29 16 -18 22 -20 -21 21 -23 -24 24 -26 -27 -28 -29 -30 -31 -32
leaf_value=-0.05024549290923417 0.022555092443314523 0.060386223607274719 0.05898660456972598 -0.022443854278079763 -0.061344279357225612 -0.017613037343617848 -0.058230329850026567 0.058951927986728728 -0.027841559597049544 0.11256168719909275 -0.054687337997172653 0.064595389581986504 -0.04470266105271601 0.073419349598431882 -0.063199900537674741 0.048624055233353058 -0.058991445928299406 -0.05671029175420688 0.022086018305958358 -0.05382576285155987 0.073305364043285887 -0.051722676302187437 -0.022523242006396778 0.058724781340214943 -0.048018512724905996 -0.056247816145564157 0.011912842146052352 0.058717651398215824 -0.0065798142043858344 -0.02288347231319034 -0.035572085755965772
leaf_weight=281.41574695706367 3.4830771535634986 43.868013508617878 34.583832338452339 119.84492614865303 28.971991568803787 6.3054890483617809 54.509301140904427 4.8922124207019797 25.117970705032349 8.0648950189352018 45.703857690095901 11.898574680089949 21.156996548175815 8.2874830514192581 4.3941367417573929 3.8356535658240301 6.413391038775444 64.81004624068737 6.4540375918149939 3.7162718772888184 4.934611663222312 42.711396545171738 6.9102769643068305 3.0359390974044791 40.402377158403397 382.40960757434368 2.5720157176256171 825.76144125312567 3.0696202367544174 3.8883318156003952 3.2619585543870917
leaf_count=2038 21 332 271 654 194 38 419 38 128 41 253 83 142 54 27 21 33 475 33 21 30 310 45 24 277 2889 13 6504 17 22 21
internal_value=5.67108e-05 0.0527299 -0.0428308 -0.0209513 0.0116821 -0.0235239 -0.0322018 0.0578335 -0.0250626 0.0062826 -0.0313455 0.0361202 -0.0501271 -0.0378986 0.0145911 -0.0490815 -0.0187169 -0.0466546 -0.0290909 -0.0168724 -0.0520046 -0.0387737 -0.0534164 -0.0528959 -0.0405581 -0.0537032 0.055728 0.0584786 0.0336867 -0.0442727 -0.0587362
internal_weight=2106.69 945.478 1161.21 290.397 104.555 60.6871 253.241 840.923 198.732 33.1829 165.549 18.2041 870.811 115.901 16.57 42.483 10.249 99.3314 27.611 7.19935 754.91 47.646 71.7203 707.264 43.4383 663.825 37.1558 833.723 7.96183 8.28247 32.234
internal_count=15468 7323 8145 1779 722 390 1495 6601 1076 169 907 121 6366 798 103 269 54 695 175 42 5568 340 520 5228 301 4927 284 6559 55 49 215
is_linear=0
shrinkage=0.05


Tree=25
num_leaves=32
num_cat=0
split_feature=12 6 12 25 25 8 15 39 14 43 11 0 5 43 43 16 15 32 32 28 17 7 7 19 37 17 2 1 6 7 9
split_gain=1785.92 75.4494 97.074 71.5297 93.3041 19.3512 14.5575 13.9293 12.9685 13.4644 8.93352 9.72018 7.73385 19.8985 21.4254 4.65548 8.81787 3.37759 25.8677 3.03191 2.99338 2.74784 12.0212 2.51895 2.40763 1.31768 1.05587 0.688964 0.65665 0.557513 0.371028
threshold=-0.35712666629937123 0.96301982968341948 2.70160039506426 1.0000000180025095e-35 0.99997358653385171 0.030679142499638917 2024.5000000000002 0.010056024252739939 -0.39591085414728172 0.99998464057730885 0.33248056110373786 0.46348291143904224 1.0000000180025095e-35 0.0040699313771622734 0.99998464057730885 3.5000000000000004 2023.5000000000002 0.089402754309151358 0.99930865958219239 0.7045593344905321 2.5000000000000004 1.0172970859820014 1.9971085643509261 12.500000000000002 0.99987949765743289 18.500000000000004 0.59116108714320414 1.0933637778795429 1.3560760973771826 1.0396722164750587 0.54361194476719776
decision_type=2 2 2 2 2 2 2 2 2 2 2 2 2 2 2 2 2 2 2 2 2 2 2 2 2 2 2 2 2 2 2
left_child=3 2 -2 12 -5 6 7 -6 19 -10 11 -3 17 15 29 16 -14 21 -19 26 -17 24 -23 -8 -1 -16 -4 -20 -13 -15 -12
right_child=1 10 8 4 5 -7 23 -9 9 -11 30 28 13 14 25 20 -18 18 27 -21 -22 22 -24 -25 -26 -27 -28 -29 -30 -31 -32
leaf_value=-0.049408907029283494 0.059493791522496925 -0.033752211498856412 -0.063292614012705459 0.058336198213991622 -0.028344737075806311 -0.057771552763566519 -0.028873996978483453 0.0024170758512054133 0.057700498647796299 -0.042388070145014958 0.058244069830519142 0.063808969253465395 0.012067616106700901 0.084561172583196342 -0.062396765280765744 -0.011568285726762457 -0.048422464758738827 0.071900306614224876 -0.052838442720872104 -0.019500333572205344 -0.055295986561111482 0.05822718039286004 -0.04707028857384294 -0.056813870115102021 -0.055612515858461546 -0.021970082178492823 -0.041192528594238359 -0.02902992109615958 0.03290266146442191 0.058107168237390198 0.050978709531400407
leaf_weight=272.10877631604671 53.033456660807133 5.5526984035968763 24.614100173115734 33.249590091407299 96.271513119339943 52.56958881765604 10.846930548548697 59.570586457848549 6.3713750094175321 7.1096739917993546 772.8840099722147 5.0114252492785454 9.0485942065715808 4.2844428569078445 4.2322620898485184 4.1644061207771292 18.028114974498749 4.7833327054977408 37.940246224403381 5.9403899163007727 65.011053442955017 2.9119277000427237 39.186519011855125 31.475953847169876 367.80950210988522 3.8485230207443237 6.9251486733555785 3.3031282573938361 2.6156198605895042 3.7216998413205147 17.981286533176899
leaf_count=2038 417 32 167 272 549 420 60 302 34 37 6362 35 57 23 27 31 118 30 285 37 489 24 277 176 2889 22 48 25 18 31 136
internal_value=5.99605e-05 0.0522152 0.0121395 -0.0420606 -0.0203661 -0.0308027 -0.0236483 -0.016586 -0.037141 0.0049155 0.0573985 0.0165723 -0.0493917 -0.0371809 0.0142925 -0.0457839 -0.0282077 -0.0512759 -0.0381663 -0.0522682 -0.0526636 -0.0521606 -0.0397869 -0.0496532 -0.0529746 -0.0431433 -0.05844 -0.0509316 0.05321 0.0722639 0.0580789
internal_weight=2032.41 908.039 103.994 1124.37 283.984 250.735 198.165 155.842 50.9607 13.481 804.045 13.1797 840.383 112.339 16.0869 96.2522 27.0767 728.043 46.0267 37.4796 69.1755 682.017 42.0984 42.3229 639.918 8.08079 31.5392 41.2434 7.62705 8.00614 790.865
internal_count=15468 7323 740 8145 1779 1507 1087 851 323 71 6583 85 6366 798 103 695 175 5568 340 252 520 5228 301 236 4927 49 215 310 53 54 6498
is_linear=0
shrinkage=0.05


Tree=26
num_leaves=32
num_cat=0
split_feature=12 9 25 21 12 7 8 11 5 41 18 14 5 43 43 16 33 14 43 12 32 32 19 7 19 22 6 12 17 3 18
split_gain=1675.63 72.4286 69.218 86.8172 64.1111 32.6835 18.3054 14.8185 14.4808 43.1101 13.3375 10.1378 7.51976 18.5712 19.9654 4.61414 8.30548 4.50554 9.48229 4.02745 3.20358 24.2022 3.03021 2.82473 3.11758 1.9903 1.85692 2.877 1.29575 0.824383 0.701122
threshold=-0.35712666629937123 0.52008195898812482 1.0000000180025095e-35 0.99997358653385171 2.70160039506426 1.0098736679889371 0.030679142499638917 -0.59190494759748835 1.0000000180025095e-35 0.013298097471491912 16.500000000000004 -0.58297735611061285 1.0000000180025095e-35 0.0040699313771622734 0.99998464057730885 3.5000000000000004 0.32780202452471452 1.0000000180025095e-35 0.99998464057730885 2.7978151630681056 0.089402754309151358 0.99930865958219239 54.500000000000007 0.099626267419891515 5.5000000000000009 0.50931158038416424 -0.021049447026853043 1.9361611763512783 18.500000000000004 1.0498121890464043 14.500000000000002
decision_type=2 2 2 2 2 2 2 2 2 2 2 2 2 2 2 2 2 2 2 2 2 2 2 2 2 2 2 2 2 2 2
left_child=2 7 12 25 -3 17 8 19 10 -10 -5 -7 20 15 -15 16 -14 29 -19 -2 23 -22 -17 -1 -25 -4 27 -9 -16 -6 -23
right_child=1 4 3 6 5 11 -8 26 9 -11 -12 -13 13 14 28 22 -18 18 -20 -21 21 30 -24 24 -26 -27 -28 -29 -30 -31 -32
leaf_value=-0.057771050844929034 0.024638862853011888 0.059332905872170986 0.058028664511539721 -0.02062300097070479 -0.059973781171251919 -0.016767132165944217 -0.057152140011458442 0.057952127877600672 -0.025787938200404561 0.10779825758238407 -0.052956644483453379 0.063373928542119151 -0.043089522254639349 0.070960492164381564 -0.061651586687308968 -0.055455021298347097 0.022111786834825026 0.044184370612163786 -0.056625764016294503 -0.052072704093956562 0.070592776512453104 -0.045079115949711646 -0.019799378627280876 -0.038251257283637402 -0.051056529827855551 0.01203824961061503 0.057746704853313603 -0.0053999449233700777 -0.021087195633624552 -0.032716868017409813 -0.058822680713482615
leaf_weight=139.19380245357752 3.210845172405242 40.500527419149876 31.828909084200859 117.24263913929462 27.106343492865566 6.1324973106384304 50.224636614322662 4.4970040619373313 24.478292912244797 8.0175697952508909 43.812163263559341 11.068508110940455 20.161940976977352 7.751663036644457 4.0732737258076668 60.107746049761772 6.445625588297843 3.7623822391033155 6.1382624953985214 3.6628480106592178 4.6321724131703368 25.095223382115364 6.6144971549510947 52.938000366091728 465.39568220078945 2.5402121990919104 759.6213950291276 2.979386493563652 3.8101702630519867 3.0903218016028395 14.724581889808176
leaf_count=1124 20 332 271 654 194 38 419 38 128 41 253 83 142 54 27 475 33 21 33 22 30 194 45 411 3693 13 6504 17 22 21 116
internal_value=6.32708e-05 0.0517247 -0.0412896 -0.0197663 0.0111814 -0.0228539 -0.0302551 0.0568477 -0.0232756 0.00717123 -0.0294188 0.0348021 -0.0486718 -0.0364511 0.0139809 -0.0448997 -0.0272946 -0.0475873 -0.0183165 -0.0162391 -0.0505687 -0.0375779 -0.0519203 -0.051447 -0.0497487 0.0546295 0.0575026 0.0327059 -0.0420463 -0.0571843 -0.0501612
internal_weight=1960.86 871.77 1089.09 278.144 97.7988 57.2983 243.775 773.971 193.551 32.4959 161.055 17.201 810.944 108.965 15.6351 93.3298 26.6076 40.0973 9.90064 6.87369 701.979 44.452 66.7222 657.527 518.334 34.3691 767.098 7.47639 7.88344 30.1967 39.8198
internal_count=15468 7323 8145 1779 722 390 1495 6601 1076 169 907 121 6366 798 103 695 175 269 54 42 5568 340 520 5228 4104 284 6559 55 49 215 310
is_linear=0
shrinkage=0.05


Tree=27
num_leaves=32
num_cat=0
split_feature=12 9 25 25 12 7 8 33 3 11 39 14 5 43 43 16 15 14 43 12 3 3 19 17 18 19 6 13 17 3 19
split_gain=1572.7 69.0221 66.7008 80.8987 60.3468 30.4748 18.7848 14.2057 23.3118 14.1672 10.7769 9.62281 7.24703 17.3416 18.6571 4.55224 8.3731 4.33823 8.74877 3.73552 3.28057 28.6154 5.81189 3.03926 2.0593 4.02979 1.85848 3.32289 1.27509 0.821875 0.618053
threshold=-0.35712666629937123 0.52008195898812482 1.0000000180025095e-35 0.99997358653385171 2.70160039506426 1.0098736679889371 0.030679142499638917 0.049430403732859125 1.647848289567593 -0.59190494759748835 0.010056024252739939 -0.58297735611061285 1.0000000180025095e-35 0.0040699313771622734 0.99998464057730885 3.5000000000000004 2023.5000000000002 1.0000000180025095e-35 0.99998464057730885 2.7978151630681056 -0.80170790350155807 -0.20314553283626072 4.5000000000000009 2.5000000000000004 4.5000000000000009 37.500000000000007 -0.021049447026853043 1.6358570117457105 18.500000000000004 1.0498121890464043 58.500000000000007
decision_type=2 2 2 2 2 2 2 2 2 2 2 2 2 2 2 2 2 2 2 2 2 2 2 2 2 2 2 2 2 2 2
left_child=2 9 12 -4 -3 17 7 10 -9 19 -5 -7 20 15 -15 16 -14 29 -19 -2 24 -22 -23 -17 25 -1 27 -11 -16 -6 -26
right_child=1 4 3 6 5 11 -8 8 -10 26 -12 -13 13 14 28 23 -18 18 -20 -21 21 22 -24 -25 30 -27 -28 -29 -30 -31 -32
leaf_value=-0.054957726768704265 0.023587945615212543 0.058834194846200227 0.057429178623006762 -0.038374976919853351 -0.059196455121544846 -0.015934305315656882 -0.056759433468174962 0.088776131355410959 -0.013434627165915536 0.057710659724441497 -0.011372811896656815 0.062716880429078276 0.012711009526799941 0.069931101733729573 -0.060959126114630217 -0.0089691216350913077 -0.046929568149627038 0.042354557017220476 -0.055211961116637592 -0.05093489268588091 0.10813983297868449 -0.027674012264971598 -0.049882167055332015 -0.054007967032405527 -0.056033047910030699 -0.029475387257292696 0.057301994195303886 -0.012293729004619131 -0.020233990636758681 -0.031694657348723447 -0.037728937901942615
leaf_weight=43.336983270943165 3.1868306547403327 38.843570247292519 30.564972326159477 99.151489973068237 26.114351019263271 6.1304236501455334 48.411140434443951 6.9624623209238043 28.065916329622269 4.6016020700335494 58.904699549078941 10.636193767189978 8.9613620638847369 7.4793924391269666 3.9175114631652832 3.9936483502387992 17.14239714294672 3.7295306548476201 5.9846012890338898 3.5600633323192596 2.9632111191749564 32.38220327347517 326.45938146114349 60.333104871213436 243.13511765003204 24.166319310665131 728.03977572917938 2.6838016211986542 3.7732529938220978 3.0319969877600661 4.7009472697973242
leaf_count=352 20 332 272 615 194 38 420 38 127 40 307 83 57 54 27 31 118 21 33 22 20 255 2667 489 2040 196 6504 15 22 21 38
internal_value=6.68234e-05 0.0512643 -0.0405368 -0.0192099 0.0110117 -0.0223821 -0.0289098 -0.0219272 0.00688143 0.0563888 -0.0283118 0.0339594 -0.0479494 -0.0357666 0.0137036 -0.0440655 -0.0264551 -0.046691 -0.0177534 -0.0157347 -0.0498493 -0.0466003 -0.0478781 -0.0512118 -0.0535771 -0.045835 0.0570505 0.0319224 -0.0409785 -0.0563355 -0.0556859
internal_weight=1891.35 836.543 1054.81 272.061 94.4707 55.6271 241.496 193.085 35.0284 742.072 158.056 16.7666 782.745 105.601 15.1702 90.4305 26.1038 38.8605 9.71413 6.74689 677.144 361.805 358.842 64.3268 315.339 67.5033 735.325 7.2854 7.69076 29.1463 247.836
internal_count=15468 7323 8145 1779 722 390 1507 1087 165 6601 922 121 6366 798 103 695 175 269 54 42 5568 2942 2922 520 2626 548 6559 55 49 215 2078
is_linear=0
shrinkage=0.05


Tree=28
num_leaves=32
num_cat=0
split_feature=12 9 25 25 12 7 8 15 11 15 2 7 7 14 14 9 14 43 2 2 12 11 11 18 19 6 13 28 3 32 11
split_gain=1476.38 65.8209 64.1983 75.3869 56.8287 28.4208 18.4457 13.6794 13.5575 13.1281 9.21909 7.01256 21.9459 5.25699 45.5869 5.24363 4.17742 8.07492 4.10772 6.91072 3.46562 3.37312 6.07677 3.10454 2.50331 1.84426 3.49564 1.24623 0.820111 0.648574 0.383704
threshold=-0.35712666629937123 0.52008195898812482 1.0000000180025095e-35 0.99997358653385171 2.70160039506426 1.0098736679889371 0.030679142499638917 2024.5000000000002 -0.59190494759748835 2023.5000000000002 0.54487431046986079 1.0172970859820014 1.9971085643509261 -0.57467018851169238 1.5223445599649137 0.36886402492043763 1.0000000180025095e-35 0.99998464057730885 -1.0861534148807601 -1.2941414240573801 2.7978151630681056 -0.77636055796144632 -1.6494071202781126 3.5000000000000004 12.500000000000002 -0.021049447026853043 1.8727951798176641 0.99987956274106693 1.0498121890464043 0.089402754309151358 -1.0135816151642005
decision_type=2 2 2 2 2 2 2 2 2 2 2 2 2 2 2 2 2 2 2 2 2 2 2 2 2 2 2 2 2 2 2
left_child=2 8 11 -4 -3 16 7 9 20 -5 -7 13 -13 21 29 -16 28 -18 19 -14 -2 22 -1 -23 -9 26 -10 -20 -6 -15 -8
right_child=1 4 3 6 5 10 30 24 25 -11 -12 12 18 14 15 -17 17 -19 27 -21 -22 23 -24 -25 -26 -27 -28 -29 -30 -31 -32
leaf_value=-0.048935264034645598 0.022575482503340252 0.058366009888231332 0.057014853289196199 -0.028374611942026218 -0.058452217960333154 -0.027510852805917571 -0.037071499117024898 -0.026008424602428689 0.057394339940133411 0.0011965129671673846 0.056387604602061672 0.057559749360314494 -0.052275460748111936 0.089414191494116377 -0.029067002502393552 -0.050409319583547774 0.040601816965437854 -0.053852987391610353 -0.053303769604433573 0.032366790451361128 -0.049832320438988657 -0.043715495291372461 -0.015658096119343278 -0.05491836733800548 -0.05455470759175024 0.056884587337994258 -0.015944195777066128 -0.024509987271905495 -0.030693988053334675 0.055899644305278731 -0.057363604903076286
leaf_weight=65.047846741974354 3.1638656035065642 37.238019749522209 29.280223682522774 78.467660546302795 25.149009682238106 4.5296862944960621 2.4599464759230605 10.372834943234919 4.5558733791112891 71.944470629096031 11.814504839479921 6.3629132062196723 5.1896089762449265 5.4000266045331946 35.575726732611656 150.66092972457409 3.6968515887856466 5.8327261209487915 30.462942324578762 4.5048040300607664 3.4594614133238792 74.936612352728844 17.385656699538231 353.88119482249022 29.581957578659058 697.48564935475588 2.5255065560340881 4.2866744697093955 2.9757555723190299 1.9702459424734113 43.965759508311749
leaf_count=542 20 332 272 450 194 25 22 60 41 401 96 57 36 26 271 1259 21 33 252 26 22 616 126 3102 176 6504 14 32 21 21 398
internal_value=7.04398e-05 0.0508284 -0.0397926 -0.018671 0.010847 -0.0219226 -0.0280298 -0.0211382 0.0559575 -0.0142303 0.0331357 -0.0472296 -0.0292891 -0.0485227 -0.0415058 -0.0463324 -0.0458211 -0.0172107 -0.041723 -0.0129439 -0.0152442 -0.05118 -0.0419169 -0.0529606 -0.0471437 0.0566268 0.0312389 -0.0497518 -0.0555152 0.080455 -0.0562884
internal_weight=1824.16 802.427 1021.74 266.073 91.2366 53.9985 236.793 190.367 711.19 150.412 16.3442 755.665 50.8069 704.858 193.607 186.237 37.6543 9.52958 44.444 9.69441 6.62333 511.251 82.4335 428.818 39.9548 704.567 7.08138 34.7496 28.1248 7.37027 46.4257
internal_count=15468 7323 8145 1779 722 390 1507 1087 6601 851 121 6366 403 5963 1577 1530 269 54 346 62 42 4386 668 3718 236 6559 55 284 215 47 420
is_linear=0
shrinkage=0.05


Tree=29
num_leaves=32
num_cat=0
split_feature=12 9 25 21 12 5 8 5 41 18 11 2 5 43 43 16 15 13 7 7 28 19 11 11 6 13 22 17 14 32 0
split_gain=1386.25 62.7538 62.2095 70.2186 53.5468 26.572 17.449 13.6161 38.3926 12.8776 12.7806 11.3324 7.04175 15.4945 16.7844 4.67715 8.03602 4.09441 3.41372 30.6014 3.8816 3.24171 2.9789 3.01829 1.85 3.29675 1.79945 1.24645 0.702615 0.504246 1.13147
threshold=-0.35712666629937123 0.52008195898812482 1.0000000180025095e-35 0.99997358653385171 2.70160039506426 1.0000000180025095e-35 0.030679142499638917 1.0000000180025095e-35 0.013298097471491912 16.500000000000004 -0.58116155957906113 0.54487431046986079 1.0000000180025095e-35 0.0040699313771622734 0.99998464057730885 3.5000000000000004 2023.5000000000002 2.1154545758950176 0.099626267419891515 0.98997105373285821 0.10501894280602998 54.500000000000007 -0.92438826689036635 1.1039930668294569 -0.021049447026853043 1.8727951798176641 0.50931158038416424 18.500000000000004 -0.51950683596368308 0.99930865958219239 0.30743668393032891
decision_type=2 2 2 2 2 2 2 2 2 2 2 2 2 2 2 2 2 2 2 2 2 2 2 2 2 2 2 2 2 2 2
left_child=2 10 12 26 -3 22 7 9 -9 -5 17 -7 18 15 -15 16 -14 -2 29 -20 -21 -17 -6 -24 25 -12 -4 -16 -13 -1 -31
right_child=1 4 3 6 5 11 -8 8 -10 -11 24 28 13 14 27 21 -18 -19 19 20 -22 -23 23 -25 -26 -27 -28 -29 -30 30 -32
leaf_value=-0.056422142488525319 0.029132296269060373 0.057926018791750168 0.056821294627828971 -0.018213188545894335 -0.0087784431593293383 -0.035155524796909469 -0.055746125122280103 -0.022890935535330947 0.10428492779546686 -0.050817952205984764 0.056993563265033964 0.032470276316136464 0.014416097583475316 0.069373228579362428 -0.05981056676878467 -0.053790834018462456 -0.045023121287709467 -0.049871680270251212 0.091726419526722128 -0.049479870451772351 -0.036552281495882376 -0.015436584329668393 -0.059727418883168681 -0.01674801882371648 0.056492407511645887 -0.015250947083204208 0.012319685282644356 -0.018416381408991083 0.059771236518444328 -0.057651831581707461 -0.013811058409898888
leaf_weight=123.74767380952835 3.0277704447507849 35.684135720133781 28.012049108743671 113.28740921616554 4.4147239029407492 5.0821203589439419 44.283859275281429 23.561853453516964 7.9322770163416854 41.333162844181061 4.2616031542420378 3.1167685016989735 8.782186686992647 6.9913835078477842 3.6378126367926598 53.676898971199989 16.131000697612762 3.5778858438134193 3.9652326032519332 428.73838542401791 67.160887494683266 6.1392989307641974 25.203556120395664 4.875018708407878 667.95804504305124 2.5087291598320007 2.4720453843474379 3.6365821212530136 9.6637386381626076 4.1358221471309653 2.2847623154520988
leaf_count=1124 20 332 271 654 28 31 419 128 41 253 40 22 57 54 27 475 118 23 20 3788 580 45 193 32 6504 14 13 22 84 36 20
internal_value=7.35921e-05 0.0504181 -0.039055 -0.0181018 0.0106934 -0.0214989 -0.0275374 -0.0208255 0.00914024 -0.0269291 0.0555512 0.0279999 -0.0465531 -0.0341562 0.014052 -0.0422729 -0.0240701 -0.0136594 -0.048501 -0.0466228 -0.0477291 -0.0498543 -0.0471322 -0.0527615 0.0562288 0.0302235 0.0532125 -0.039117 0.0531134 -0.0557133 -0.0420511
internal_weight=1759.28 769.374 989.911 260.883 88.0401 52.3559 230.399 186.115 31.4941 154.621 681.334 17.8626 729.028 98.9952 14.2658 84.7294 24.9132 6.60566 630.033 499.865 495.899 59.8162 34.4933 30.0786 674.728 6.77033 30.4841 7.27439 12.7805 130.168 6.42058
internal_count=15468 7323 8145 1779 722 390 1495 1076 169 907 6601 137 6366 798 103 695 175 43 5568 4388 4368 520 253 225 6558 54 284 49 106 1180 56
is_linear=0
shrinkage=0.05


Tree=30
num_leaves=32
num_cat=0
split_feature=12 6 12 25 25 8 33 3 14 7 19 11 3 5 43 43 16 33 7 7 19 19 28 19 33 17 2 32 2 9 7
split_gain=1301.82 60.024 72.161 59.9317 65.4614 17.849 12.9235 21.2322 10.7913 10.4082 10.2885 7.91878 7.84275 6.79986 14.4519 15.702 4.62504 7.97398 3.47727 28.5016 3.95012 3.21253 2.98271 2.87007 1.75546 1.22726 1.16187 0.514076 1.11474 0.417164 2.28219
threshold=-0.35712666629937123 0.96301982968341948 2.70160039506426 1.0000000180025095e-35 0.99997358653385171 0.030679142499638917 0.049430403732859125 1.647848289567593 -0.39591085414728172 1.0098736679889371 46.500000000000007 0.33248056110373786 -0.75830625548639052 1.0000000180025095e-35 0.0040699313771622734 0.99998464057730885 3.5000000000000004 0.32780202452471452 0.099626267419891515 0.98997105373285821 5.5000000000000009 54.500000000000007 0.7045593344905321 37.500000000000007 0.10910099189933432 18.500000000000004 0.59116108714320414 0.99930865958219239 0.37596130291125945 0.54361194476719776 1.0045047932919282
decision_type=2 2 2 2 2 2 2 2 2 2 2 2 2 2 2 2 2 2 2 2 2 2 2 2 2 2 2 2 2 2 2
left_child=3 2 -2 13 -5 6 10 -8 22 23 -6 12 -3 18 16 -16 17 -15 27 -20 -21 -18 26 -10 -14 -17 -4 -1 -29 -13 -31
right_child=1 11 8 4 5 -7 7 -9 9 -11 -12 29 24 14 15 25 21 -19 19 20 -22 -23 -24 -25 -26 -27 -28 28 -30 30 -32
leaf_value=-0.055990702479849157 0.0572639491194641 -0.052031419362037569 -0.060812743939422612 0.056267991462964718 -0.018507030325436543 -0.055429040638650312 0.087149078408822966 -0.011427310297624158 -0.051009073916464621 0.07211807865416818 -0.048985657626951409 0.05619137154584071 0.014401066861275243 -0.039943254231486633 0.06844667552114389 -0.0592442514980418 -0.053245674836761431 0.025497909494718526 0.088996770399409952 -0.033763334550264423 -0.048546560724644298 -0.014814602755637047 -0.014012840918298301 0.0089578760810983312 0.061254908142757386 -0.017655153885525032 -0.035857694323906002 -0.057226948134555915 -0.013227083042324573 0.010301743647884401 0.057883371718584681
leaf_weight=118.59650062769651 43.155815228819847 3.2326378002762786 21.080372586846355 26.850727237761021 114.96248935908079 42.659737057983875 6.8131070137023917 27.5547826141119 4.7622933685779554 4.0468709990382186 36.473126009106636 623.52640222012997 3.6406440660357458 18.264148853719238 6.738151513040064 3.4926319792866707 51.568611606955528 6.2471133917570105 3.8845441341400138 50.514245957136154 428.46133726090193 6.0787787437438956 5.2202322334051123 3.4341278523206711 4.4337577745318413 3.6045450419187546 5.9894948825240126 3.9641208350658408 2.2602828145027161 3.2004197612404814 11.854708060622213
leaf_count=1124 417 20 167 272 699 420 38 127 26 25 223 6362 29 142 54 27 475 33 20 443 3925 45 37 20 36 22 48 36 20 26 110
internal_value=7.72618e-05 0.050019 0.0111883 -0.0383339 -0.0175828 -0.0262624 -0.0195658 0.00811452 -0.0334621 0.00650927 -0.0258478 0.0552584 0.0137808 -0.045863 -0.0334964 0.0137797 -0.0414576 -0.0232645 -0.0478165 -0.0458935 -0.0469875 -0.0491932 -0.0486178 -0.0258842 0.0401291 -0.0381218 -0.0552912 -0.0552556 -0.0412492 0.0559928 0.0477685
internal_weight=1696.57 737.578 87.6892 958.989 255.314 228.463 185.804 34.3679 44.5334 12.2433 151.436 649.889 11.307 703.675 95.994 13.8353 82.1587 24.5113 607.681 482.86 478.976 57.6474 32.2901 8.19642 8.0744 7.09718 27.0699 124.821 6.2244 638.582 15.0551
internal_count=15468 7323 740 8145 1779 1507 1087 165 323 71 922 6583 85 6366 798 103 695 175 5568 4388 4368 520 252 46 65 49 215 1180 56 6498 136
is_linear=0
shrinkage=0.05


Tree=31
num_leaves=32
num_cat=0
split_feature=12 25 25 9 12 7 8 15 15 11 14 12 7 7 37 37 14 34 14 43 32 32 19 9 6 12 19 9 3 11 3
split_gain=1222.73 57.7778 61.0332 57.7151 48.0627 23.5607 17.5076 12.8856 12.216 10.6234 8.26359 8.26193 6.93105 19.1633 5.40851 171.277 9.96438 4.33678 3.89934 7.06196 2.55258 11.7735 2.44563 2.00738 1.76081 2.89173 1.48101 1.20474 0.891511 0.425189 0.245058
threshold=-0.35712666629937123 1.0000000180025095e-35 0.99997358653385171 0.52008195898812482 2.70160039506426 1.0098736679889371 0.030679142499638917 2024.5000000000002 2023.5000000000002 -0.47920232831079157 -0.58297735611061285 2.70160039506426 1.0172970859820014 1.9971085643509261 0.99987949765743289 0.0057480203176075171 -0.57467018851169238 0.058329859012056846 1.0000000180025095e-35 0.99998464057730885 0.13792069876832588 0.99930865958219239 12.500000000000002 0.52008195898812482 -0.021049447026853043 2.70160039506426 54.500000000000007 0.94613496006702369 1.0498121890464043 -1.0135816151642005 -1.1265931034442971
decision_type=2 2 2 2 2 2 2 2 2 2 2 2 2 2 2 2 2 2 2 2 2 2 2 2 2 2 2 2 2 2 2
left_child=1 12 -3 9 -5 18 7 8 -4 11 -7 -2 14 -14 15 23 -17 26 28 -20 27 -22 -9 -1 25 -11 -15 -16 -6 -8 -26
right_child=3 2 6 4 5 10 29 22 -10 24 -12 -13 13 17 20 16 -18 -19 19 -21 21 -23 -24 -25 30 -27 -28 -29 -30 -31 -32
leaf_value=-0.041350800307845874 0.059513079251078821 0.055925309270442217 -0.026078651152643496 0.057154845587158033 -0.056751207103251204 -0.015474572623111702 -0.033634800496816344 -0.023634112634850126 0.0029000394560911523 0.056250583282033063 0.061217272935414783 -0.052066345125401731 0.057176182878132864 -0.048399814716338529 -0.051920565549416403 0.20376369896348623 0.10911203022742873 0.0035599006658423153 0.039537702657539302 -0.05089727625638011 0.070774845671748826 -0.046859604274519358 -0.052480995244061482 -0.052005904833518496 0.042143710135362 -0.013582081117172956 -0.01236417456091795 -0.024269118234860075 -0.02661977379410238 -0.056240540392257204 0.055856738043251669
leaf_weight=56.612984217703342 2.7860554978251448 25.693741671741009 75.32082687318325 32.84352321177721 22.776152446866039 5.6996646150946608 2.1983468607068053 9.9874422624707204 70.319941475987434 3.8102693036198607 9.153111092746256 4.1011754274368286 5.9594386965036383 32.037056475877762 337.12612212449312 4.54836206138134 7.1541399061679822 5.2414099499583235 3.560217469930647 5.4836669713258743 2.389816619455817 19.344126813113689 27.795364335179329 201.65557222813368 3.2754829451441756 2.4265332967042923 3.1297781616449347 3.9856860488653174 2.751417137682437 38.671568922698498 608.19353505969048
leaf_count=518 22 272 450 332 194 38 22 60 401 39 83 27 57 285 3270 27 41 37 21 33 15 177 176 1880 33 14 24 35 21 398 6466
internal_value=8.12391e-05 -0.0376202 -0.017069 0.0496399 0.010273 -0.020881 -0.0254308 -0.0188368 -0.0120868 0.0548251 0.0317872 -0.0069297 -0.0451845 -0.0265247 -0.0465517 -0.0411929 0.1459 -0.0388689 -0.0435086 -0.0152966 -0.0505389 -0.0339248 -0.0448557 -0.0496703 0.0555137 0.029081 -0.0451927 -0.0515975 -0.0535036 -0.0550246 0.0557833
internal_weight=1636.03 929.172 249.987 706.861 82.2678 49.4242 224.293 183.424 145.641 624.593 14.8528 6.88723 679.184 46.3677 632.817 269.971 11.7025 40.4082 34.5715 9.04388 362.846 21.7339 37.7828 258.269 617.706 6.2368 35.1668 341.112 25.5276 40.8699 611.469
internal_count=15468 8145 1779 7323 722 390 1507 1087 851 6601 121 49 6366 403 5963 2466 68 346 269 54 3497 192 236 2398 6552 53 309 3305 215 420 6499
is_linear=0
shrinkage=0.05


Tree=32
num_leaves=32
num_cat=0
split_feature=12 25 21 9 12 7 8 5 41 18 11 14 12 7 7 37 37 18 2 18 14 43 32 32 22 14 6 12 28 9 3
split_gain=1149.2 56.1949 56.8994 55.1798 45.3255 21.9805 16.5359 12.7284 34.3627 12.3691 10.1126 7.85902 7.74017 6.67961 17.9185 5.25416 156.566 7.29108 4.42203 6.88719 3.75158 6.51922 2.45383 11.0148 2.43686 2.07442 1.74564 2.75602 1.37778 1.20924 0.888495
threshold=-0.35712666629937123 1.0000000180025095e-35 0.99997358653385171 0.52008195898812482 2.70160039506426 1.0098736679889371 0.030679142499638917 1.0000000180025095e-35 0.013298097471491912 16.500000000000004 -0.47920232831079157 -0.58297735611061285 2.70160039506426 1.0172970859820014 1.9971085643509261 0.99987949765743289 0.0057480203176075171 6.5000000000000009 -1.0861534148807601 17.500000000000004 1.0000000180025095e-35 0.99998464057730885 0.13792069876832588 0.99930865958219239 0.59468941996967351 0.4778905115608989 -0.021049447026853043 2.70160039506426 0.99987956274106693 0.94613496006702369 1.0498121890464043
decision_type=2 2 2 2 2 2 2 2 2 2 2 2 2 2 2 2 2 2 2 2 2 2 2 2 2 2 2 2 2 2 2
left_child=1 13 24 10 -5 20 7 9 -9 -4 12 -7 -2 15 -15 16 25 -18 19 -16 30 -22 29 -24 -3 -1 27 -12 -20 -17 -6
right_child=3 2 6 4 5 11 -8 8 -10 -11 26 -13 -14 14 18 22 17 -19 28 -21 21 -23 23 -25 -26 -27 -28 -29 -30 -31 -32
leaf_value=-0.051759121883244552 0.058974768255952818 0.056143063250540852 -0.016038000944341435 0.056785637742120698 -0.056095086814638075 -0.014708529050430869 -0.054540465929624429 -0.020318739045017936 0.10104135062778537 -0.04881570703816307 0.055909836723785369 0.060704017607883604 -0.051030236383244845 0.056783635769364238 -0.04791708867485267 -0.051375186142121693 0.19748243365343066 0.11164697306000577 -0.051184224494576658 0.040213200805505951 0.037893547534600322 -0.049678537655161788 0.069474728920039225 -0.046159106081500118 -0.0020746049203473021 -0.041370537161151598 0.05545616866148502 -0.012980706968075734 -0.019163781364520779 -0.023442649934148803 -0.02572606802463456
leaf_weight=183.66635990142822 2.6737541332840911 25.044177241623405 109.77153141796589 31.439708404242992 21.912351869046692 5.6967630535364142 38.929895304143429 22.767877504229549 7.8416946828365317 39.010572209954262 3.645970106124877 8.7784600481390935 3.9783577993512154 5.7069887220859519 4.7832343950867635 324.00270513445139 3.5280926898121825 8.2804891020059568 26.506151482462887 4.1316849887371063 3.5297474488615972 5.340939849615097 2.3147175982594517 18.672901265323162 1.936453953385352 65.080507501959801 584.99157762527466 2.4123729765415192 3.8470041826367369 3.9215533807873717 2.7058299258351317
leaf_count=1786 22 274 654 332 194 38 419 128 41 253 39 83 27 57 40 3270 24 44 252 22 21 33 15 177 10 612 6499 14 32 35 21
internal_value=8.28019e-05 -0.0369461 -0.0165361 0.0492872 0.0101262 -0.0204583 -0.0250016 -0.0185913 0.0107718 -0.0246323 0.0544897 0.0310252 -0.00681475 -0.0445964 -0.0260012 -0.0459686 -0.0405963 0.137292 -0.0380327 -0.00707246 -0.0427115 -0.0148326 -0.0499804 -0.0334059 0.0519647 -0.0490411 0.0551796 0.0284783 -0.0471259 -0.0510411 -0.0527572
internal_weight=1576.85 899.745 245.302 677.106 79.4038 47.9641 218.322 179.392 30.6096 148.782 597.702 14.4752 6.65211 654.442 44.9751 609.467 260.555 11.8086 39.2681 8.91492 33.4889 8.87069 348.912 20.9876 26.9806 248.747 591.05 6.05834 30.3532 327.924 24.6182
internal_count=15468 8145 1779 7323 722 390 1495 1076 169 907 6601 121 49 6366 403 5963 2466 68 346 62 269 54 3497 192 284 2398 6552 53 284 3305 215
is_linear=0
shrinkage=0.05


Tree=33
num_leaves=32
num_cat=0
split_feature=12 25 25 9 12 7 8 15 39 11 2 12 5 43 43 16 15 14 43 7 7 28 17 19 6 12 17 3 32 0 11
split_gain=1080.57 54.447 53.073 52.7863 42.7575 20.5061 16.8544 12.0771 11.5253 9.62963 7.52094 7.254 6.42132 11.7181 12.2676 4.70571 7.27045 3.60929 6.01896 3.56143 23.116 4.01276 3.37408 2.42712 1.73225 2.6282 1.33244 0.885624 0.564865 1.18749 0.473505
threshold=-0.35712666629937123 1.0000000180025095e-35 0.99997358653385171 0.52008195898812482 2.70160039506426 1.0098736679889371 0.030679142499638917 2024.5000000000002 0.010056024252739939 -0.47920232831079157 0.54487431046986079 2.70160039506426 1.0000000180025095e-35 0.0040699313771622734 0.99998464057730885 3.5000000000000004 2023.5000000000002 1.0000000180025095e-35 0.99998464057730885 0.099626267419891515 0.98997105373285821 0.10501894280602998 2.5000000000000004 12.500000000000002 -0.021049447026853043 2.70160039506426 18.500000000000004 1.0498121890464043 0.99930865958219239 0.30743668393032891 -1.0481824618672646
decision_type=2 2 2 2 2 2 2 2 2 2 2 2 2 2 2 2 2 2 2 2 2 2 2 2 2 2 2 2 2 2 2
left_child=1 12 -3 9 -5 17 7 8 -4 11 -7 -2 19 15 -15 16 -14 27 -19 28 -21 -22 -17 -9 25 -11 -16 -6 -1 -30 -8
right_child=3 2 6 4 5 10 30 23 -10 24 -12 -13 13 14 26 22 -18 18 -20 20 21 -23 -24 -25 -26 -27 -28 -29 29 -31 -32
leaf_value=-0.054881244511178866 0.058470959073045795 0.05530453101995772 -0.022251008200928346 0.056437451137572953 -0.05545856971369692 -0.025458347941367584 -0.030366055035474029 -0.021824790506060628 0.0068420196442052737 0.055589522473258372 0.054184223176442961 -0.05002238034825638 0.016928429654693988 0.06453831425403557 -0.05788877908641641 0.00066536160793809478 -0.041645386455690103 0.036315603720906704 -0.048492669698782569 0.081605282931049711 -0.04699047496200473 -0.032959561907872519 -0.05072335867735342 -0.051024179957364357 0.055147473014233873 -0.012403226903151692 -0.012660794803404669 -0.024852125796059218 -0.056232111311049542 -0.0086363592371793921 -0.055600114072819978
leaf_weight=104.890216819942 2.5647120028734198 23.508779346942902 87.087733030319214 30.086209833621979 21.076860964298252 4.2359309270977965 1.961697757244109 9.7262612804770452 55.887915670871735 3.4876319468021384 9.8743301853537542 3.8586449176073074 8.400482118129732 6.0479398220777494 3.1234359219670296 3.4211907088756552 14.343649268150328 3.4997413977980596 5.2015432640910149 3.6324089542031279 370.36615271121264 59.087635941803455 48.138715572655201 26.52610021084547 559.49725899100304 2.3988107740879059 3.4022851809859276 2.6620671004056922 3.5397719368338576 2.0808526650071144 35.52742462605238
leaf_count=1124 22 272 549 332 194 25 21 60 302 39 96 27 57 54 27 31 118 21 33 20 3788 580 489 176 6499 14 22 21 36 20 399
internal_value=8.46131e-05 -0.0363068 -0.0160512 0.0489494 0.00998203 -0.0200427 -0.0237916 -0.0174144 -0.0108788 0.054172 0.0302754 -0.00670326 -0.0440247 -0.0314026 0.0132369 -0.0389564 -0.0200113 -0.0419292 -0.014382 -0.046042 -0.0439976 -0.04506 -0.0473135 -0.0431902 0.0548636 0.0278815 -0.0343085 -0.0520264 -0.0540538 -0.0386113 -0.0542797
internal_weight=1519.14 870.701 240.226 648.444 76.6367 46.5505 216.717 179.228 142.976 571.807 14.1103 6.42336 630.475 86.8777 12.5737 74.304 22.7441 32.4402 8.70128 543.597 433.086 429.454 51.5599 36.2524 565.384 5.88644 6.52572 23.7389 110.511 5.62062 37.4891
internal_count=15468 8145 1779 7323 722 390 1507 1087 851 6601 121 49 6366 798 103 695 175 269 54 5568 4388 4368 520 236 6552 53 49 215 1180 56 420
is_linear=0
shrinkage=0.05


Tree=34
num_leaves=32
num_cat=0
split_feature=12 25 9 21 12 7 8 6 39 11 14 12 7 7 37 37 14 2 2 11 22 32 32 14 8 6 12 28 8 11 3
split_gain=1015.27 52.6074 50.4822 49.517 40.3537 19.1377 15.8867 12.6243 11.249 9.17279 7.45385 6.80058 6.55464 16.2498 5.26228 142.598 6.06216 4.44572 6.96304 3.60431 2.44303 2.29992 9.67035 2.18957 2.03277 1.72052 2.50767 1.39147 1.29594 0.476206 0.284372
threshold=-0.35712666629937123 1.0000000180025095e-35 0.52008195898812482 0.99997358653385171 2.70160039506426 1.0098736679889371 0.030679142499638917 -1.3795358244404203 0.010056024252739939 -0.47920232831079157 -0.58297735611061285 2.70160039506426 1.0172970859820014 1.9971085643509261 0.99987949765743289 0.0057480203176075171 -0.57467018851169238 -1.0861534148807601 -1.2941414240573801 -1.5089079632710922 0.65267568856149261 0.13792069876832588 0.99930865958219239 0.4778905115608989 0.081334345426088889 -0.021049447026853043 2.70160039506426 0.99987956274106693 0.36376911848312937 -1.0481824618672646 -1.1265931034442971
decision_type=2 2 2 2 2 2 2 2 2 2 2 2 2 2 2 2 2 2 2 2 2 2 2 2 2 2 2 2 2 2 2
left_child=1 12 9 20 -4 19 7 -5 -9 11 -7 -2 14 -14 15 23 -17 18 -15 -6 -3 28 -23 -1 -21 26 -11 -19 -16 -8 -27
right_child=2 3 4 6 5 10 29 8 -10 25 -12 -13 13 17 21 16 -18 27 -20 24 -22 22 -24 -25 -26 30 -28 -29 -30 -31 -32
leaf_value=-0.05076513658386235 0.057998992553859333 0.055599220985840241 0.056108845939810373 -0.063837805416539342 0.0091286979252149132 -0.014858202235997951 -0.029569692059554387 -0.023830629851239012 0.0032362292106831573 0.05528821840521872 0.060188412978892061 -0.049039594133564693 0.056503947661805366 -0.048555119815544598 -0.052088607289635894 0.17361089998003174 0.10063482654724638 -0.050119616939024607 0.041470371804148393 -0.014163827242939429 -0.0047679129447286304 0.066873494141239664 -0.044792968856320649 -0.039713941805759045 -0.052367980151237274 0.039277217234006678 -0.011848872248402455 -0.017247173631148104 -0.044846413988398282 -0.055200472492144242 0.054941332511854901
leaf_weight=170.27431731671095 2.4589783474802962 23.043073482811455 28.782254114747047 13.411837093532084 3.2002359107136753 5.5801801010966292 1.9150052443146695 99.207999721169472 62.61353250592947 3.3351598829030982 8.1282975301146489 3.742150716483593 5.4143098667263976 4.4157008528709412 217.60856292396784 4.8540842980146408 6.8784644007682783 24.601914756000046 4.1821169257163984 4.0681735128164318 1.807434782385825 2.1817659065127399 17.411276564002037 60.833898216485977 24.157193370163441 2.9133047163486472 2.3858274519443512 3.70388539135456 86.255799129605293 33.763937219977379 532.05296386033297
leaf_count=1786 22 275 332 84 21 38 21 650 342 39 83 27 57 36 2394 27 41 252 26 33 9 15 177 612 215 33 14 32 911 398 6466
internal_value=8.83035e-05 -0.0355998 0.048629 -0.0155478 0.00984609 -0.0196559 -0.0234133 -0.0172213 -0.0133577 0.0538709 0.0296399 -0.00659481 -0.0433675 -0.0243859 -0.044786 -0.0392233 0.130827 -0.0362537 -0.00476527 -0.0411598 0.0512086 -0.0489622 -0.0323584 -0.0478562 -0.0468615 0.0545644 0.02729 -0.0458182 -0.0500328 -0.0538248 0.054856
internal_weight=1465.18 844.379 620.805 235.763 73.9163 45.1341 210.912 175.233 161.822 546.888 13.7085 6.20113 608.616 42.3179 566.298 242.841 11.7325 36.9036 8.59782 31.4256 24.8505 323.457 19.593 231.108 28.2254 540.687 5.72099 28.3058 303.864 35.6789 534.966
internal_count=15468 8145 7323 1779 722 390 1495 1076 992 6601 121 49 6366 403 5963 2466 68 346 62 269 284 3497 192 2398 248 6552 53 284 3305 419 6499
is_linear=0
shrinkage=0.05


Tree=35
num_leaves=32
num_cat=0
split_feature=12 25 9 25 12 11 8 33 3 19 14 11 2 7 7 37 37 18 2 2 12 9 32 32 6 11 13 8 6 11 3
split_gain=954.436 51.1417 48.531 46.1533 38.0605 18.2189 16.2028 11.8469 19.0358 10.1421 9.97333 8.74059 8.04048 6.30021 15.2086 5.10158 131.053 4.74084 4.3349 9.35094 3.58465 2.26604 2.2111 9.05492 1.71037 2.44219 1.54003 1.34108 1.2966 0.487298 0.293396
threshold=-0.35712666629937123 1.0000000180025095e-35 0.52008195898812482 0.99997358653385171 2.70160039506426 1.1076223737683561 0.030679142499638917 0.049430403732859125 1.647848289567593 46.500000000000007 -0.50986283533588284 -0.47920232831079157 0.24023747599107975 1.0172970859820014 1.9971085643509261 0.99987949765743289 0.0057480203176075171 6.5000000000000009 -1.1665577909904796 -1.2941414240573801 2.7349769336268683 0.52008195898812482 0.13792069876832588 0.99930865958219239 -0.021049447026853043 0.41654717360955301 2.1352556993252194 0.36376911848312937 1.2490427147174634 -1.0481824618672646 -1.1265931034442971
decision_type=2 2 2 2 2 2 2 2 2 2 2 2 2 2 2 2 2 2 2 2 2 2 2 2 2 2 2 2 2 2 2
left_child=1 13 11 -3 -4 10 7 9 -9 -5 26 20 -12 15 -15 16 21 -18 19 -16 -2 -1 27 -24 25 -13 -6 -17 -20 -8 -26
right_child=2 3 4 6 5 -7 29 8 -10 -11 12 24 -14 14 18 22 17 -19 28 -21 -22 -23 23 -25 30 -27 -28 -29 -30 -31 -32
leaf_value=-0.037784411731140499 0.03331209406229315 0.054753074542983872 0.055798506617888655 -0.014903231570504896 -0.060610219008577416 0.053990117803310457 -0.028780345514710412 0.086436664826373577 -0.008090754715915454 -0.046305546870837287 -0.047826450429644347 0.051879084415062372 0.039218585972730459 0.056153540788386108 -0.047728634640315709 -0.051643674812994367 0.17050901325354703 0.10236099094889972 -0.047041466496999945 0.068662079650651839 -0.044106421457076238 -0.049939453084706265 0.065855330837461035 -0.044109285585185946 0.038511706818841529 -0.01689972923242155 -0.035653383759362688 -0.044140533402383032 -0.0047315153670230642 -0.055026552174786685 0.054670057347336098
leaf_weight=49.233817890286446 2.9083518683910361 21.480652898550034 27.526947259902954 108.61116849631071 15.266244910657408 7.1339480131864539 1.8703024759888638 6.6540767028927794 26.68336620926857 33.687792256474495 4.2919872328639013 3.5259894505143157 6.9472281858325005 5.181575119495391 4.271240197122097 208.73408365249634 3.7475188449025145 8.0000819601118547 26.747541718184952 2.8955299109220496 3.0771873965859413 173.35072948038578 2.1066281944513348 16.812355175614357 2.8249147683382025 2.0358590185642242 10.387458100914953 83.328086614608765 1.9422447085380543 32.485399283468723 508.55219716578722
leaf_count=518 25 272 332 699 143 71 21 38 127 223 26 35 55 57 36 2394 24 44 274 16 24 1880 15 177 33 18 95 911 20 399 6466
internal_value=9.02165e-05 -0.0349541 0.0483007 -0.0150539 0.0096805 -0.0191539 -0.0221947 -0.016052 0.0107767 -0.0223374 -0.0332977 0.0535853 0.00597817 -0.0428101 -0.0239172 -0.0442319 -0.0386606 0.1241 -0.0354881 -0.000704272 -0.00648904 -0.0472509 -0.0484299 -0.0318647 0.0542809 0.0267033 -0.0505049 -0.049503 -0.0441772 -0.0535977 0.0545808
internal_weight=1412.3 817.824 594.478 231.473 71.5538 44.0269 209.992 175.636 33.3374 142.299 36.8929 522.924 11.2392 586.351 41.0381 545.313 234.332 11.7476 35.8566 7.16677 5.98554 222.585 310.981 18.919 516.939 5.56185 25.6537 292.062 28.6898 34.3557 511.377
internal_count=15468 8145 7323 1779 722 390 1507 1087 165 922 319 6601 81 6366 403 5963 2466 68 346 52 49 2398 3497 192 6552 53 238 3305 294 420 6499
is_linear=0
shrinkage=0.05


Tree=36
num_leaves=32
num_cat=0
split_feature=12 25 6 12 25 8 15 15 14 7 11 7 7 5 43 0 28 28 2 19 2 14 16 17 6 11 9 7 18 19 9
split_gain=897.528 49.5817 46.5593 50.9297 43.0895 15.8278 11.47 11.5025 8.41953 7.58337 6.88368 6.18697 18.7713 7.34485 8.24271 6.08196 3.96571 2.86478 2.65094 2.36107 1.33124 0.634268 1.46062 2.27806 0.544285 0.494439 0.458254 2.2171 0.0759349 0.469755 0.0480095
threshold=-0.35712666629937123 1.0000000180025095e-35 0.96301982968341948 2.70160039506426 0.99997358653385171 0.030679142499638917 2024.5000000000002 2023.5000000000002 -0.39591085414728172 1.0098736679889371 0.33248056110373786 0.099626267419891515 0.98997105373285821 1.0000000180025095e-35 0.0040699313771622734 0.46348291143904224 0.10501894280602998 0.7045593344905321 0.25393096171393797 12.500000000000002 0.59116108714320414 1.8102837095665658 4.5000000000000009 19.500000000000004 1.3560760973771826 -1.0481824618672646 0.54361194476719776 1.0045047932919282 20.500000000000004 50.500000000000007 0.88908575359484898
decision_type=2 2 2 2 2 2 2 2 2 2 2 2 2 2 2 2 2 2 2 2 2 2 2 2 2 2 2 2 2 2 2
left_child=1 11 3 30 -3 6 7 -6 17 18 15 21 -13 16 -15 -4 -14 20 -10 -8 -5 28 23 -23 -17 -7 -12 -28 -1 -30 -2
right_child=2 4 10 8 5 25 19 -9 9 -11 26 12 13 14 -16 24 -18 -19 -20 -21 -22 22 -24 -25 -26 -27 27 -29 29 -31 -32
leaf_value=-0.055092942286164008 0.054854661977592978 0.054500040541614926 -0.034441175547389714 -0.058475800980897191 -0.023075166605328962 -0.02799826501945097 -0.019944461390650016 0.0056824178193481192 -0.046920852092909263 0.068569380076008796 0.054444769612893497 0.07480771556747226 -0.045253161907715889 -0.032973290715294583 0.014867210305200324 0.058684407344860072 -0.030612052510902349 -0.0080264688087557812 0.01327626208218452 -0.049319328183327085 -0.029227513560922187 -0.055622451974805059 -0.055322662166234209 0.002670202491274175 0.024672496328876508 -0.05476004035510456 0.005140926342365541 0.05618198494950697 -0.054889013637277745 -0.027331515143510284 0.063814301584466257
leaf_weight=80.219242513179779 31.637669034302235 20.525495149195194 4.1315696090459806 17.393008753657348 71.269319161772728 1.827521227300166 9.4176543131470662 67.899969208985567 4.243023179471491 3.4622480422258377 476.64431574195623 3.5523833595216265 331.56508284062147 54.664846271276474 10.779017172753809 3.3853693231940269 53.747396819293499 4.453467331826686 3.2144275009632111 24.99913178384304 5.0113298669457427 3.2760574147105244 11.160422593355177 3.4315924197435379 1.8025749698281286 31.047654822468758 2.7517902851104727 9.3793479576706869 10.692024841904638 1.8079226091504086 1.5693189501762379
leaf_count=964 403 272 32 167 450 21 60 401 26 25 6362 24 3788 555 96 35 580 37 20 176 48 37 129 39 18 399 26 110 132 22 14
internal_value=9.2159e-05 -0.0343291 0.0479899 0.0101054 -0.014592 -0.0214608 -0.0154361 -0.00904449 -0.029602 0.00741719 0.0533889 -0.0422599 -0.0396782 -0.0405805 -0.0250937 0.010821 -0.0432109 -0.0446531 -0.0209737 -0.0412813 -0.0519336 -0.0528658 -0.04424 -0.0258003 0.0468668 -0.0532724 0.0542005 0.044604 -0.0545281 -0.0509033 0.0552781
internal_weight=1360.96 791.883 569.079 70.9845 226.987 206.461 173.586 139.169 37.7775 10.9197 498.095 564.896 454.309 450.756 65.4439 9.31951 385.312 26.8578 7.45745 34.4168 22.4043 110.587 17.8681 6.70765 5.18794 32.8752 488.775 12.1311 92.7192 12.4999 33.207
internal_count=15468 8145 7323 740 1779 1507 1087 851 323 71 6583 6366 5043 5019 651 85 4368 252 46 236 215 1323 205 76 53 420 6498 136 1118 154 417
is_linear=0
shrinkage=0.05


Tree=37
num_leaves=32
num_cat=0
split_feature=12 25 9 21 12 5 8 6 39 11 1 7 7 37 37 34 18 11 3 14 22 2 32 32 14 19 8 8 11 29 9
split_gain=843.08 47.8021 44.8108 40.2488 34.269 16.0402 14.9014 12.2205 10.5343 9.46628 8.35346 6.28282 14.0346 5.15179 121.105 4.42338 3.883 3.09729 2.84901 2.40926 2.22258 2.22041 2.07768 7.96789 1.89 1.63407 1.42448 1.0361 0.498009 0.185162 0.0677724
threshold=-0.35712666629937123 1.0000000180025095e-35 0.52008195898812482 0.99997358653385171 2.70160039506426 1.0000000180025095e-35 0.030679142499638917 -1.3795358244404203 0.010056024252739939 -0.73414347459308649 0.14061416415040842 1.0172970859820014 1.9971085643509261 0.99987949765743289 0.0057480203176075171 0.058329859012056846 6.5000000000000009 -0.92438826689036635 1.0498121890464043 0.4778905115608989 0.65267568856149261 -0.83023598086165629 0.13792069876832588 0.99930865958219239 -0.58297735611061285 54.500000000000007 0.36376911848312937 0.5462580380456088 -1.0481824618672646 0.99997358653385171 0.88908575359484898
decision_type=2 2 2 2 2 2 2 2 2 2 2 2 2 2 2 2 2 2 2 2 2 2 2 2 2 2 2 2 2 2 2
left_child=1 11 9 20 30 17 7 -5 -9 -2 -7 13 -13 14 19 25 -16 -6 -19 -1 -3 -11 26 -24 -12 -14 -15 29 -8 -23 -4
right_child=2 3 4 6 5 10 28 8 -10 21 24 12 15 22 16 -17 -18 18 -20 -21 -22 27 23 -25 -26 -27 -28 -29 -30 -31 -32
leaf_value=-0.049342333785183462 -0.022733854211482427 0.054919329999537025 0.05454834779363113 -0.062616809265498743 0.0013572912950143457 -0.049346985917789958 -0.027223745450734832 -0.021870298071843181 0.0046407050632448887 0.01311775330545596 0.011590311847786066 0.055967695709671778 -0.044844911535080176 -0.050840781830698678 0.16109367347108028 0.011193068926115988 0.099540300975944906 -0.056356982696527815 -0.013718963899952603 -0.037122104269939067 -0.0035265375946306162 0.054217856554545633 0.063867908700626183 -0.042749092880585753 0.057878905816287421 -0.0041377868233431715 -0.042830409837455168 0.013061920376276147 -0.054410527317338135 0.043187472867792585 0.064787719229127669
leaf_weight=152.05128158628941 4.0853122696280471 20.162951447069648 23.507371194660667 12.626286074519156 3.7621246203780201 2.9768175631761542 1.7865939140319849 95.705285206437111 61.581135887652636 3.3460179418325415 3.0501376390457144 5.0029368773102751 26.37000618129969 192.96058388799429 3.8101494386792165 4.7096068039536467 7.8221849836409092 18.799920700490478 4.9491533190011969 54.894831381738186 1.7693753987550724 465.10724456608295 1.9728965908288962 15.678729981184006 7.9608779773116103 2.7195422425866118 77.907464131712914 1.5410211011767376 29.466508328914642 3.8359954059123984 1.7353128194808949
leaf_count=1786 33 275 317 84 28 22 21 650 342 37 24 57 285 2394 24 37 44 187 38 612 9 6467 15 177 91 24 911 14 398 50 15
internal_value=9.62339e-05 -0.0336141 0.0476916 -0.0141138 0.00931411 -0.0186288 -0.0211262 -0.0152899 -0.0114907 0.0530511 0.0249661 -0.0415834 -0.022192 -0.0430672 -0.0372771 -0.0337612 0.119702 -0.0407942 -0.0474715 -0.0461008 0.0502042 0.0537045 -0.0474537 -0.0308327 0.0450566 -0.0410393 -0.0485368 0.0539931 -0.0528564 0.0541276 0.0552523
internal_weight=1313.66 768.998 544.657 223.098 66.7417 41.499 201.166 169.913 157.286 477.916 13.9878 545.9 38.8021 507.098 218.578 33.7992 11.6323 27.5112 23.7491 206.946 21.9323 473.83 288.52 17.6516 11.011 29.0895 270.868 470.484 31.2531 468.943 25.2427
internal_count=15468 8145 7323 1779 722 390 1495 1076 992 6601 137 6366 403 5963 2466 346 68 253 225 2398 284 6568 3497 192 115 309 3305 6531 419 6517 332
is_linear=0
shrinkage=0.05


Tree=38
num_leaves=32
num_cat=0
split_feature=12 25 6 12 25 8 33 3 16 14 7 11 7 7 5 27 3 19 28 19 33 2 14 16 17 11 9 7 18 19 9
split_gain=792.584 46.4322 43.1162 45.6182 37.5251 15.1381 10.9273 17.348 10.1926 7.63219 6.81934 6.63167 6.26633 16.3547 7.15521 7.34498 5.55299 4.05241 2.81153 2.43305 1.36369 1.32923 0.675747 1.51673 2.27145 0.509712 0.482695 2.16722 0.0804822 0.494189 0.0352121
threshold=-0.35712666629937123 1.0000000180025095e-35 0.96301982968341948 2.70160039506426 0.99997358653385171 0.030679142499638917 0.049430403732859125 1.647848289567593 2.5000000000000004 -0.39591085414728172 1.0098736679889371 0.33248056110373786 0.099626267419891515 0.98997105373285821 1.0000000180025095e-35 0.11242729825566684 -0.69800483405400593 5.5000000000000009 0.7045593344905321 37.500000000000007 0.10910099189933432 0.59116108714320414 1.8102837095665658 4.5000000000000009 19.500000000000004 -1.0481824618672646 0.54361194476719776 1.0045047932919282 20.500000000000004 50.500000000000007 0.88908575359484898
decision_type=2 2 2 2 2 2 2 2 2 2 2 2 2 2 2 2 2 2 2 2 2 2 2 2 2 2 2 2 2 2 2
left_child=1 12 3 30 -3 6 8 -8 -6 18 19 16 22 -14 17 -16 -4 -15 21 -11 -18 -5 28 24 -24 -7 -13 -28 -1 -30 -2
right_child=2 4 11 9 5 25 7 -9 -10 10 -12 26 13 14 15 -17 20 -19 -20 -21 -22 -23 23 -25 -26 -27 27 -29 29 -31 -32
leaf_value=-0.054590815184310804 0.054387037154715004 0.054038707376307941 -0.049561309995287378 -0.057629442201765496 0.0075417811306829566 -0.026457121921995792 0.084726055968205205 -0.0063828058913192216 -0.027007764696223093 -0.044649276260222526 0.067384430376125654 0.053988855617082325 0.072214397139630043 -0.026705017708720837 -0.030399490964267431 0.019703581136744468 0.010556435964091474 -0.043798690888351165 -0.0064345605746616149 0.013815434380839625 0.058069008278418377 -0.027695486212651572 -0.055098477354743006 -0.054821823881921285 0.0047949032556997007 -0.05428111354511217 0.00405817271532444 0.055673971560172841 -0.054407174190282542 -0.025198270673960316 0.062371224268605335
leaf_weight=73.617426425218582 28.980489261448387 18.725869730114937 2.7152363434433937 16.274608761072166 26.416030593216419 1.7474538013339067 6.5222083255648604 26.264804780483246 111.24728709459305 4.1566678807139379 3.2633594423532486 434.94383809715509 3.3175363428890696 38.884469047188759 53.543771751224995 8.4722037613391858 2.7743214145302755 320.07442896068096 4.2975382059812537 3.1116676181554794 3.3144569993019104 4.8031644895672789 3.0235828831791904 10.289210654795168 3.3225724995136261 28.346341550350189 2.6600089967250815 8.6365292146801931 9.8069484680891019 1.6989911496639241 1.4500199705362309
leaf_count=964 403 272 21 167 172 21 38 127 750 26 25 6362 24 443 563 88 28 3925 37 20 36 48 37 129 39 399 26 110 132 22 14
internal_value=9.82953e-05 -0.0329814 0.0473861 0.00972788 -0.0136514 -0.019972 -0.0141998 0.0117412 -0.0203781 -0.0284423 0.00733941 0.052876 -0.0410386 -0.0383661 -0.0392375 -0.0235547 0.0099027 -0.041947 -0.0432931 -0.0196198 0.0364201 -0.0508081 -0.0521818 -0.0429649 -0.0237409 -0.0526655 0.0537238 0.0435199 -0.053983 -0.0500941 0.0547675
internal_weight=1266.7 745.321 521.382 66.3375 219.27 200.544 170.45 32.787 137.663 35.907 10.5317 455.044 526.051 424.292 420.975 62.016 8.80401 358.959 25.3753 7.26834 6.08878 21.0778 101.759 16.6354 6.34616 30.0938 446.24 11.2965 85.1234 11.5059 30.4305
internal_count=15468 8145 7323 740 1779 1507 1087 165 922 323 71 6583 6366 5043 5019 651 85 4368 252 46 64 215 1323 205 76 420 6498 136 1118 154 417
is_linear=0
shrinkage=0.05


Tree=39
num_leaves=32
num_cat=0
split_feature=12 25 9 25 12 8 11 5 41 17 11 14 43 7 7 5 16 28 0 3 6 17 14 16 19 11 8 29 18 19 9
split_gain=744.618 44.5403 41.5088 35.0625 30.9116 14.75 14.5343 10.947 30.1373 12.7746 8.68038 8.10821 6.92557 6.36315 15.2765 7.08249 7.34205 4.16065 3.01003 1.60633 0.729457 1.46283 0.694778 1.51713 2.24966 0.517406 0.277108 0.191449 0.0826509 0.498979 0.0502027
threshold=-0.35712666629937123 1.0000000180025095e-35 0.52008195898812482 0.99997358653385171 2.70160039506426 0.030679142499638917 1.1076223737683561 1.0000000180025095e-35 0.013298097471491912 19.500000000000004 -0.73414347459308649 -0.50986283533588284 0.99998464057730885 0.099626267419891515 0.98997105373285821 1.0000000180025095e-35 3.5000000000000004 0.10501894280602998 -0.91877966462994398 1.0498121890464043 -0.021049447026853043 24.500000000000004 1.8102837095665658 4.5000000000000009 34.500000000000007 -1.0481824618672646 0.019365777614396718 0.99997358653385171 20.500000000000004 50.500000000000007 0.88908575359484898
decision_type=2 2 2 2 2 2 2 2 2 2 2 2 2 2 2 2 2 2 2 2 2 2 2 2 2 2 2 2 2 2 2
left_child=1 13 10 -3 30 7 11 9 -9 -5 -2 19 -13 22 -15 17 -17 -16 -12 -6 21 -20 28 24 -24 -7 -8 -22 -1 -30 -4
right_child=2 3 4 5 6 25 26 8 -10 -11 18 12 -14 14 15 16 -18 -19 20 -21 27 -23 23 -25 -26 -27 -28 -29 29 -31 -32
leaf_value=-0.054347417756413746 -0.021446013797870742 0.053826441741142664 0.054114725287993694 -0.0081042288305261147 -0.053222908548896747 -0.025698766534080066 0.058322538445250184 -0.016162131983097766 0.09937504619505047 -0.039619364834477637 -0.0022587544737673387 0.044880850751423201 -0.036762059254230935 0.071195993367447405 -0.043466549713901272 0.0010027070015941164 -0.035429015713993317 -0.027766681504977082 0.0035847036905351272 -0.013544398428742492 0.053844649702581619 0.063037137644822702 0.0051935878726005877 -0.054564893499793536 -0.055040550862127613 -0.054057268714395049 0.033601987033953243 0.042413111359101564 -0.054173881384799775 -0.024459271959701975 0.063267678520851175
leaf_weight=70.332745067775249 3.9269258230924597 17.8810655772686 21.538945853710178 89.206346623599529 19.689424358308319 1.7100349217653299 4.6725068837404242 21.443545952439312 7.660495299845933 50.278155103325844 2.4303516522049895 5.3524229899048787 5.0466440618038177 3.1997285448014727 297.97648397833109 21.195023231208324 39.793462164700031 49.162049550563097 2.1158256381750098 2.9303532838821402 422.32058884575963 2.0247981995344162 3.3093087822198894 9.8323197662830335 2.9161053523421288 27.072703823447227 1.4967769421637056 3.6946021169424048 9.3678145259618741 1.6637181416153897 1.6101031899452198
leaf_count=964 33 272 317 577 212 21 52 129 41 340 24 46 35 24 3788 180 471 580 24 26 6447 21 40 129 36 399 19 52 132 22 15
internal_value=0.000102863 -0.0322837 0.0471068 -0.013218 0.00894052 -0.0192919 -0.0181207 -0.0136442 0.0142485 -0.0194641 0.0525572 -0.0312828 0.00525973 -0.0403505 -0.0376291 -0.0384823 -0.0227681 -0.0412431 0.053229 -0.0480826 0.0535425 0.0326574 -0.0518405 -0.0423358 -0.0230213 -0.0523724 0.0523249 0.0537455 -0.0537163 -0.0496925 0.0547513
internal_weight=1222.85 724.001 498.85 215.252 62.3372 197.371 39.1881 168.589 29.104 139.485 436.513 33.0188 10.3991 508.749 411.327 408.127 60.9885 347.139 432.586 22.6198 430.156 4.14062 97.422 16.0577 6.22541 28.7827 6.16928 426.015 81.3643 11.0315 23.149
internal_count=15468 8145 7323 1779 722 1507 390 1087 170 917 6601 319 81 6366 5043 5019 651 4368 6568 238 6544 45 1323 205 76 420 71 6499 1118 154 332
is_linear=0
shrinkage=0.05


Tree=40
num_leaves=32
num_cat=0
split_feature=12 25 6 12 25 8 15 18 14 7 7 11 7 37 37 2 2 18 18 28 9 0 19 32 32 28 28 6 0 43 9
split_gain=699.534 42.6857 39.831 40.9583 32.7738 14.3571 10.8605 11.092 6.76522 6.70221 13.0213 6.32294 6.13384 5.38851 112.058 5.10684 4.70117 6.76426 3.54508 2.74713 2.61016 2.39536 2.34871 1.90801 6.61551 1.59849 1.58122 1.49487 1.35326 0.539961 0.513735
threshold=-0.35712666629937123 1.0000000180025095e-35 0.96301982968341948 2.70160039506426 0.99997358653385171 0.030679142499638917 2024.5000000000002 2.5000000000000004 -0.39591085414728172 1.0172970859820014 1.9971085643509261 0.33248056110373786 1.0098736679889371 0.99987949765743289 0.0057480203176075171 0.013541025891839566 -1.0861534148807601 17.500000000000004 6.5000000000000009 0.7045593344905321 0.52008195898812482 0.3535165366339979 12.500000000000002 0.13792069876832588 0.99930865958219239 0.99987956274106693 0.054581456035902594 1.4578900669581871 0.29512694315211935 0.99998464057730885 0.54361194476719776
decision_type=2 2 2 2 2 2 2 2 2 2 2 2 2 2 2 2 2 2 2 2 2 2 2 2 2 2 2 2 2 2 2
left_child=1 9 3 -2 -3 6 7 -6 19 13 -11 15 21 14 20 -4 17 -12 -16 28 -1 -10 -8 26 -25 -18 -15 -17 -5 -7 -13
right_child=2 4 11 8 5 29 22 -9 12 10 16 30 -14 23 18 27 25 -19 -20 -21 -22 -23 -24 24 -26 -27 -28 -29 -30 -31 -32
leaf_value=-0.033419649601953309 0.054322414253372413 0.053626098285093543 -0.04850880205731585 -0.059484440038515302 -0.053653751729297816 -0.053894160060687993 -0.017443570480166082 -0.0024371352183922999 -0.044156525140105374 0.055989277806451049 -0.043704902732451062 0.053581778216670706 0.066042456596129936 -0.048791493915721983 0.1560029921277184 0.052861054530113805 -0.047396330212598731 0.049938600861754445 0.097024714388493902 -0.0048649177672635347 -0.047614317435917188 0.014527622974359351 -0.047471370682141606 0.061388775055518069 -0.0407320627549633 -0.0092750535686799054 -0.037247347351823161 -0.0027047264216148344 -0.032232711876256322 -0.024931872990663399 0.042376053188585401
leaf_weight=41.766567833721638 27.917922016233206 17.070934813469648 2.6208342760801298 12.637473259121185 11.567005455493925 25.808819510042671 9.0292328521609289 122.80161659419537 4.0102731660008413 4.9995314553380004 3.8781444579362896 396.4946954883635 3.0563420988619328 208.2365508377552 3.827238727360962 3.9494426026940346 20.091692633926872 3.8358287215232849 7.6221785135567188 4.1394086331129065 144.19525910168886 3.0700839981436729 23.359921731054783 1.7860297560691805 14.152738198637962 3.1859423220157614 34.589676678180695 1.7452857941389082 7.123219233006238 1.7163198068737973 10.499045725911854
leaf_count=518 417 272 22 142 77 395 60 774 26 57 40 6362 25 2857 24 47 252 22 44 37 1880 20 176 15 177 32 448 16 73 25 136
internal_value=0.000107023 -0.0315908 0.0468319 0.00943378 -0.0127966 -0.0186329 -0.0131108 -0.00684607 -0.0273851 -0.0396617 -0.0188891 0.0524109 0.00684341 -0.0413006 -0.035079 0.00924984 -0.0309684 0.00286 0.11674 -0.0419024 -0.0444262 -0.0187107 -0.0391004 -0.0460471 -0.0292888 -0.0421788 -0.0471471 0.0358316 -0.0496609 -0.0520882 0.0532927
internal_weight=1180.79 703.521 477.264 61.9547 211.354 194.283 166.758 134.369 34.0368 492.167 35.9911 415.309 10.1367 456.176 197.411 8.31556 30.9916 7.71397 11.4494 23.9001 185.962 7.08036 32.3892 258.765 15.9388 23.2776 242.826 5.69473 19.7607 27.5251 406.994
internal_count=15468 8145 7323 740 1779 1507 1087 851 323 6366 403 6583 71 5963 2466 85 346 62 68 252 2398 46 236 3497 192 284 3305 63 215 420 6498
is_linear=0
shrinkage=0.05


Tree=41
num_leaves=32
num_cat=0
split_feature=12 25 9 21 12 8 11 6 30 11 14 7 7 5 43 43 19 2 22 13 6 3 14 16 17 11 8 29 18 16 25
split_gain=657.817 41.4531 38.4319 30.6609 27.8862 13.481 12.9012 11.8038 9.69722 8.0142 7.30008 6.44232 13.3128 6.94749 7.05442 6.24724 4.17663 3.57382 2.59629 1.68576 1.19235 1.9553 0.747724 1.58203 2.3079 0.547211 0.269477 0.204928 0.0882148 0.540737 0.0638209
threshold=-0.35712666629937123 1.0000000180025095e-35 0.52008195898812482 0.99997358653385171 2.70160039506426 0.030679142499638917 1.1076223737683561 -1.3795358244404203 0.036977046081088767 -0.73414347459308649 -0.50986283533588284 0.099626267419891515 0.98997105373285821 1.0000000180025095e-35 0.0040699313771622734 0.99998464057730885 5.5000000000000009 -1.2112011522043302 0.84745821872873983 2.1352556993252194 -0.021049447026853043 -0.85838088113972866 1.8102837095665658 4.5000000000000009 19.500000000000004 -1.0481824618672646 0.019365777614396718 0.99997358653385171 20.500000000000004 3.5000000000000004 0.97268721032163319
decision_type=2 2 2 2 2 2 2 2 2 2 2 2 2 2 2 2 2 2 2 2 2 2 2 2 2 2 2 2 2 2 2
left_child=1 11 9 18 -4 7 10 -5 -9 -2 19 22 -13 16 -15 -12 -14 -11 30 -6 21 -19 28 24 -24 -7 -8 -22 -1 -30 -3
right_child=2 3 4 5 6 25 26 8 -10 17 15 12 13 14 -16 -17 -18 20 -20 -21 27 -23 23 -25 -26 -27 -28 -29 29 -31 -32
leaf_value=-0.053927981645659623 -0.020337185540458755 0.053420503405775935 0.054304120487603226 -0.061334577015480965 -0.058753912258097521 -0.0234247402886908 0.057519456808007567 -0.014244074456716327 0.023003341537139736 -0.034104481085488685 0.043577772794516093 0.069090727245202307 -0.023873625238327752 -0.029156848489379841 0.017021958071720529 -0.035512668428556562 -0.041994989879626021 -0.0093670371107601319 -0.016846644771946025 -0.030137460344721201 0.05346474189350129 0.057451166697836502 -0.054496517352461242 -0.054125625559024663 0.0083240578014932495 -0.053559387386754281 0.032355292178221549 0.041173289807866061 -0.021911316843032245 -0.053843491832343764 0.064972161439450768
leaf_weight=64.527852363884449 3.7812255173921576 15.877457823604351 21.194821160286665 11.739304974675177 12.430238895118242 1.6050432249903703 4.317648220807313 131.4446071125567 20.153269864618778 1.1794012486934651 5.1092613339424116 2.9722385667264453 35.742075596004725 48.064878605306149 9.9889288507401925 4.8829880021512508 288.06483128666878 1.9984386786818502 1.386173903942107 8.7826436273753625 385.59888030588627 2.4215511083602896 2.7254192382097235 9.028407506644724 3.1538781896233559 24.531147878617048 1.4117541313171384 3.4211352206766596 1.5677358880639065 8.5899865701794607 1.2930530309677113
leaf_count=964 33 266 332 84 143 21 52 861 131 11 46 24 443 555 96 35 3925 17 6 95 6455 33 37 129 39 398 19 52 24 130 12
internal_value=0.000108576 -0.03097 0.0465672 -0.0123606 0.00858814 -0.0183678 -0.0176459 -0.0130328 -0.00929244 0.0521086 -0.0303081 -0.0391299 -0.0363186 -0.0371391 -0.0212112 0.00492805 -0.0399947 0.0528027 0.0489765 -0.046906 0.0530633 0.0272402 -0.0512054 -0.0409816 -0.0207972 -0.0517088 0.0513189 0.0533566 -0.0532462 -0.0489151 0.0542904
internal_weight=1138.99 682.456 456.53 208.03 58.1294 189.473 36.9345 163.337 151.598 398.401 31.2051 474.426 384.833 381.861 58.0538 9.99225 323.807 394.619 18.5567 21.2129 393.44 4.41999 89.5933 14.9077 5.8793 26.1362 5.7294 389.02 74.6856 10.1577 17.1705
internal_count=15468 8145 7323 1779 722 1495 390 1076 992 6601 319 6366 5043 5019 651 81 4368 6568 284 238 6557 50 1323 205 76 419 71 6507 1118 154 278
is_linear=0
shrinkage=0.05


Tree=42
num_leaves=32
num_cat=0
split_feature=12 25 9 25 12 8 11 15 32 11 14 7 7 43 37 37 2 6 2 14 14 19 0 1 16 13 28 6 11 43 8
split_gain=617.934 39.8633 36.8438 28.5964 26.3645 13.6314 12.0574 10.2165 10.8861 7.71858 6.87811 6.63719 12.0064 5.75179 5.41304 103.625 4.64515 6.60238 3.51775 2.89925 2.80467 2.3057 2.00457 2.32305 2.26173 1.69692 1.62376 1.44404 2.35537 0.572155 0.274021
threshold=-0.35712666629937123 1.0000000180025095e-35 0.52008195898812482 0.99997358653385171 2.70160039506426 0.030679142499638917 1.1076223737683561 2024.5000000000002 0.0028638883325029512 -0.73414347459308649 -0.50986283533588284 1.0172970859820014 1.9971085643509261 0.99998464057730885 0.99987949765743289 0.0057480203176075171 -1.0861534148807601 0.037125908767392336 -1.5044710185597336 -0.57467018851169238 0.4778905115608989 12.500000000000002 1.7028601776184156 2.7171420538570845 3.5000000000000004 2.1352556993252194 0.99987956274106693 -0.021049447026853043 0.41654717360955301 0.99998464057730885 0.019365777614396718
decision_type=2 2 2 2 2 2 2 2 2 2 2 2 2 2 2 2 2 2 2 2 2 2 2 2 2 2 2 2 2 2 2
left_child=1 11 9 -3 -4 7 10 8 -5 -2 25 14 -13 -12 15 20 17 -14 -11 -17 -1 -9 24 -24 -16 -6 -18 28 -20 -7 -8
right_child=2 3 4 5 6 29 30 21 -10 18 13 12 16 -15 22 19 26 -19 27 -21 -22 -23 23 -25 -26 -27 -28 -29 -30 -31 -32
leaf_value=-0.047144233108981012 -0.019478691336210583 0.053257004383264729 0.054089739551852312 -0.011300224876846307 -0.058375510853963468 -0.053516501919806218 0.057150050873996418 -0.016172253760066747 0.032523984958265931 -0.047913370783824655 0.04220617729631676 0.055823377846169531 -0.044067592663878795 -0.034408164000723766 -0.03749503082429579 0.14073851123107581 -0.046474755653826832 0.049816019223033192 0.053446490735064626 0.089877612042259303 -0.032780844588224327 -0.046302531907915931 0.020674977580648971 -0.041298014565532254 -0.048746355203857207 -0.029230580267823426 -0.0072590904334512221 0.053172407803752812 -0.020787916511598042 -0.022698403860468834 0.03142800491701505
leaf_weight=126.71867584437132 3.7512672543525687 15.546709232032297 20.239025082439184 116.78450733050704 11.898716244846588 23.561565868556503 4.1329497061669818 8.863700784742834 16.12728425860405 0.86848822981119056 5.0139979235827905 4.8271156921982756 3.6079445928335216 4.7901435717940331 60.097250878810883 5.1288373172283173 18.73858676105738 3.8936125114560127 2.7578715458512297 6.1758694648742658 46.44291577488184 22.384392388164997 2.4565735571086398 3.9332804344594479 173.94544490799308 8.6069109030067903 3.072417400777339 371.42526567727327 1.7443960867822168 1.6089006848633278 1.3815185762941835
leaf_count=1786 33 272 332 742 143 395 52 60 109 7 46 57 35 35 833 27 252 27 34 41 612 176 32 58 2574 95 32 6509 18 25 19
internal_value=0.000112682 -0.0302704 0.0463136 -0.0119313 0.00847192 -0.0172842 -0.0173 -0.0120308 -0.00598267 0.0518885 -0.0296728 -0.0384555 -0.017245 0.00477366 -0.0401597 -0.0337167 -0.0292777 0.00466181 0.052599 0.112953 -0.0432919 -0.0377559 -0.0451029 -0.0174726 -0.0458573 -0.0461424 -0.0409506 0.0528312 0.0246845 -0.0515466 0.050706
internal_weight=1100.53 663.916 436.611 204.877 56.0633 189.33 35.8242 164.16 132.912 380.547 30.3098 459.039 34.1397 9.80414 424.899 184.466 29.3126 7.50156 376.796 11.3047 173.162 31.2481 240.433 6.38985 234.043 20.5056 21.811 375.928 4.50227 25.1705 5.51447
internal_count=15468 8145 7323 1779 722 1507 390 1087 851 6601 319 6366 403 81 5963 2466 346 62 6568 68 2398 236 3497 90 3407 238 284 6561 52 420 71
is_linear=0
shrinkage=0.05


Tree=43
num_leaves=32
num_cat=0
split_feature=12 25 6 12 25 8 43 27 32 7 7 5 16 11 14 14 3 15 17 28 0 19 14 16 19 11 9 5 18 19 17
split_gain=580.967 38.6426 35.3826 34.8656 26.7256 13.2607 10.2508 16.5007 10.9101 6.5467 12.0802 6.62671 6.72404 5.93551 5.62342 5.39774 4.84703 4.17973 3.36097 2.616 1.45684 1.14462 0.79506 1.62398 2.33842 0.585869 0.564599 3.842 0.0944623 0.573056 0.0502221
threshold=-0.35712666629937123 1.0000000180025095e-35 0.96301982968341948 2.70160039506426 0.99997358653385171 0.030679142499638917 0.0083598119715488379 0.083289981757078094 0.0028638883325029512 0.099626267419891515 0.98997105373285821 1.0000000180025095e-35 3.5000000000000004 0.33248056110373786 -0.39591085414728172 1.5223445599649137 -0.75830625548639052 2024.5000000000002 13.500000000000002 0.7045593344905321 0.29512694315211935 15.500000000000002 1.8102837095665658 4.5000000000000009 34.500000000000007 -1.0481824618672646 0.54361194476719776 1.0000000180025095e-35 20.500000000000004 50.500000000000007 6.5000000000000009
decision_type=2 2 2 2 2 2 2 2 2 2 2 2 2 2 2 2 2 2 2 2 2 2 2 2 2 2 2 2 2 2 2
left_child=1 9 3 -2 -3 6 8 -8 -6 22 -11 17 -13 16 19 -16 -4 -12 -17 20 -5 30 28 24 -24 -7 -15 -28 -1 -30 -18
right_child=2 4 13 14 5 25 7 -9 -10 10 11 12 -14 26 15 18 21 -19 -20 -21 -22 -23 23 -25 -26 -27 27 -29 29 -31 -32
leaf_value=-0.053557563019775795 0.053758587844796479 0.053088208775198091 -0.051955447177422232 -0.058747657473314979 -0.020469628675765617 -0.021116851217648308 -0.00060374478081726536 0.12941823471120412 0.01990575782749247 0.067589302917001673 -0.035316856182499287 0.0034942976031693143 -0.032912638849695371 0.053052337651240435 0.060210686849663311 0.011260695603084648 0.05768257877907057 -0.048873355863002205 -0.061594756674131404 -0.0027120835736181349 -0.029168637305978663 0.0037294703622343123 0.010529987092144756 -0.053746742470013202 -0.054301019660543216 -0.053298594582877973 -0.033372200947450616 0.054416943608907233 -0.053433928276791443 -0.01917743186733066 0.04533305949728135
leaf_weight=59.233107954263687 24.491255480796099 14.834318827837704 2.332772646099329 11.363546568900356 130.3055160343647 1.5088371559977556 10.291557125747202 3.1984430849552146 19.196364186704159 2.8470653407275668 226.43289107456803 19.754598148167133 35.425521239638329 344.64419913291931 3.1123933531343919 3.6973863877356052 1.8815980926156037 75.922643464058638 2.7681624367833138 3.8966990932822219 6.5693258829414836 1.9055824391543863 3.0609600245952597 8.3095094449818117 2.5493206046521664 22.55562000721693 1.4781102761626224 7.9461096823215485 7.9190371707081777 1.4433261230587957 1.4636459052562711
leaf_count=964 417 272 20 142 869 21 65 18 135 24 3246 180 471 6362 26 24 23 1122 21 37 73 21 40 129 36 399 12 124 132 22 21
internal_value=0.000114325 -0.0296407 0.0460625 0.00904094 -0.0115111 -0.0166341 -0.0115188 0.0302241 -0.0152853 -0.0379049 -0.0349961 -0.035813 -0.0198789 0.0517847 -0.0258294 0.00611094 0.00801645 -0.0387209 -0.0199317 -0.0398436 -0.047912 0.03466 -0.050609 -0.0397138 -0.0189293 -0.0512808 0.0527222 0.0406479 -0.0528199 -0.0481529 0.0522793
internal_weight=1062.34 644.789 417.551 55.8988 201.891 187.056 162.992 13.49 149.502 442.898 360.383 357.536 55.1801 361.652 31.4075 9.57794 7.5836 302.356 6.46555 21.8296 17.9329 5.25083 82.5153 13.9198 5.61028 24.0645 354.068 9.42422 68.5955 9.36236 3.34524
internal_count=15468 8145 7323 740 1779 1507 1087 83 1004 6366 5043 5019 651 6583 323 71 85 4368 45 252 215 65 1323 205 76 420 6498 136 1118 154 44
is_linear=0
shrinkage=0.05


Tree=44
num_leaves=32
num_cat=0
split_feature=12 25 9 21 12 8 6 11 14 11 14 7 7 11 40 40 1 43 34 19 19 32 2 22 3 19 6 11 11 29 22
split_gain=545.66 37.0599 34.2424 25.037 23.8262 12.4316 11.3578 10.7142 10.0241 7.03366 6.99973 6.67501 11.2472 5.46692 8.43225 20.6858 6.00712 5.41313 4.67146 4.21707 10.8568 4.58006 3.25705 2.33739 1.85526 1.8457 1.40152 2.12452 0.663629 0.234344 0.0689882
threshold=-0.35712666629937123 1.0000000180025095e-35 0.52008195898812482 0.99997358653385171 2.70160039506426 0.030679142499638917 -1.3795358244404203 1.2120498071197516 -0.5231768175576309 -0.73414347459308649 -0.50986283533588284 1.0172970859820014 1.9971085643509261 -0.62574748808994041 0.11353281327153182 0.99952847873625494 -1.4791291995220368 0.99998464057730885 0.058329859012056846 48.500000000000007 51.500000000000007 0.089402754309151358 -1.5044710185597336 0.84745821872873983 1.0498121890464043 54.500000000000007 -0.021049447026853043 0.41654717360955301 -1.2154036316084744 0.99997358653385171 0.32898546725914207
decision_type=2 2 2 2 2 2 2 2 2 2 2 2 2 2 2 2 2 2 2 2 2 2 2 2 2 2 2 2 2 2 2
left_child=1 11 9 23 -4 6 -5 10 -8 -2 24 13 -13 14 16 -16 -1 -12 25 21 -21 -15 -11 30 -6 -14 27 -24 -7 -28 -3
right_child=2 3 4 5 7 28 8 -9 -10 22 17 12 18 19 15 -17 -18 -19 -20 20 -22 -23 26 -25 -26 -27 29 -29 -30 -31 -32
leaf_value=0.0027445801573124352 -0.018080193320656943 0.052905931982646849 0.053712187333893248 -0.060388061688652829 -0.051259361550768649 -0.016735055776370033 -0.015657020334250944 0.054985925346093735 0.013724947112275558 -0.045105453127411134 0.041654492994030762 0.055719669837863618 -0.040870841406764939 -0.048297792612350558 0.10311371837225974 -0.031242428831690816 -0.038415799193932954 -0.032755160277946622 0.021069622714682483 0.0071299813585035503 -0.04505181564025762 -0.018768257649947648 0.052425164671433266 -0.014411404163986057 -0.0056722544641425697 0.005909050013121692 0.05296329024022766 -0.019892333219415689 -0.053048075640217129 0.039005443652823185 0.065843746104976592
leaf_weight=9.6185000017285329 3.593655787408351 13.877367295324801 18.503831431269646 11.04986948519945 16.91329379007221 1.3363956138491655 109.20668166875839 4.4971698671579352 39.53792916610837 0.85720609128475089 5.1804241351783258 4.7438290715217581 21.243142034858472 196.70045670121908 3.9275483414530727 10.587497510015965 113.06008281558752 4.6274041756987572 4.1892388314008704 14.017214015126227 34.504637721925974 14.070275420323012 2.5803750753402701 1.3678374141454703 2.5711021497845641 2.3408954292535773 335.20702846348286 1.6747149378061292 21.495525240898132 3.0343897677958003 1.1130075044929988
leaf_count=127 33 268 332 84 213 19 780 68 212 7 48 57 285 3101 27 140 1644 35 37 202 527 195 34 6 26 24 6457 18 400 52 10
internal_value=0.000118271 -0.028938 0.0458224 -0.0111032 0.00810488 -0.0164113 -0.0114802 -0.0168707 -0.00784698 0.0515074 -0.0279027 -0.0372102 -0.015432 -0.0389964 -0.0309248 0.00511228 -0.0351887 0.00654748 -0.027585 -0.0432671 -0.0299773 -0.0463265 0.0522357 0.0481573 -0.0452438 -0.0362276 0.0524793 0.0239625 -0.0509226 0.0528381 0.0538665
internal_weight=1027.23 627.988 399.241 198.985 52.2932 182.626 159.794 33.7894 148.745 346.947 29.2922 429.003 32.5171 396.486 137.194 14.515 122.679 9.80783 27.7733 259.293 48.5219 210.771 343.354 16.3582 19.4844 23.584 342.497 4.25509 22.8319 338.241 14.9904
internal_count=15468 8145 7323 1779 722 1495 1076 390 992 6601 322 6366 403 5963 1938 167 1771 83 346 4025 729 3296 6568 284 239 309 6561 52 419 6509 278
is_linear=0
shrinkage=0.05


Tree=45
num_leaves=32
num_cat=0
split_feature=12 25 9 41 41 12 27 17 1 18 32 16 19 7 11 7 7 5 27 28 39 32 11 2 21 6 12 6 11 14 16
split_gain=512.833 35.61 32.8341 23.5346 28.6872 22.5379 17.3428 11.9844 10.4669 10.2301 9.79524 11.866 9.76904 8.65832 6.79145 6.7294 11.251 6.35734 6.24154 4.47322 4.13643 3.73176 3.62749 3.09818 3.08767 1.98936 1.8254 1.43648 1.9754 0.844634 1.67863
threshold=-0.35712666629937123 1.0000000180025095e-35 0.52008195898812482 0.9998864808908724 1.0000000180025095e-35 2.70160039506426 0.19750622347530936 18.500000000000004 -0.19745279362488796 18.500000000000004 0.072717230802290769 5.5000000000000009 3.5000000000000004 1.0098736679889371 -0.73414347459308649 0.099626267419891515 0.98997105373285821 1.0000000180025095e-35 0.11242729825566684 0.10501894280602998 0.27922116322002005 1.0000000180025095e-35 -0.77636055796144632 -1.5044710185597336 0.99997358653385171 0.18280263753984374 2.8041013119220448 -0.021049447026853043 0.41654717360955301 1.8102837095665658 4.5000000000000009
decision_type=2 2 2 2 2 2 2 2 2 2 2 2 2 2 2 2 2 2 2 2 2 2 2 2 2 2 2 2 2 2 2
left_child=1 15 14 4 6 -4 20 9 -7 12 25 -12 -5 22 -2 29 -17 19 -19 -18 -3 -11 -10 -16 -6 -9 -15 28 -25 -1 -31
right_child=2 3 5 7 24 8 -8 10 13 21 11 -13 -14 26 23 16 17 18 -20 -21 -22 -23 -24 27 -26 -27 -28 -29 -30 30 -32
leaf_value=-0.052427326835786936 -0.017301755304235205 -0.043501908977653735 0.053528422414779023 0.050161115076378743 0.052741712620651283 -0.059195808493554249 0.088501121761325408 -0.039149073679756632 0.026425400139542483 -0.052182475970435772 -0.0587821525616678 0.063751774705491399 -0.0070625087472626254 0.0019616378762956706 -0.04250950276031535 0.067237316629302699 -0.039956250536998597 -0.025357485952314341 0.024410283220230537 -0.022150115021868241 0.0035085590391545972 0.0051187244461806712 -0.033497406389712818 0.051217955561303874 0.09496597780257654 -0.060417899996764002 0.05779477748816271 0.052680149468300755 -0.018943971197446084 -0.016923804613698568 -0.053421885256967838
leaf_weight=62.994952321052551 3.5682396814227095 15.094688065350061 17.660288721323013 8.390586104243992 10.137320786714556 9.9958421140909177 3.6718571223318568 33.638422910124063 3.230212975293397 15.559953935444357 3.371096231043337 4.7733164839446545 67.126410372555256 1.9335456714034069 0.86389869451522727 2.7454304359853259 242.07287640869617 45.488195989280939 7.3126978650689116 41.286941681057215 6.7814625836908808 3.4761303253471842 11.578043859452011 2.5109233558177939 7.5572274066507807 16.332212645560503 6.0270416736602783 322.68563732504845 1.6707314662635324 5.3446501456201059 7.6731636896729469
leaf_count=1118 33 119 332 67 206 122 32 305 27 143 31 39 553 24 7 24 3788 563 88 580 62 35 133 34 41 146 84 6509 18 76 129
internal_value=0.000121124 -0.0282905 0.0455849 -0.0107214 0.0218407 0.00799733 -0.0120515 -0.0199445 -0.0165441 -0.00896177 -0.0378133 0.0130331 -0.000704473 0.0021806 0.0513059 -0.036586 -0.0335704 -0.0343937 -0.0184649 -0.0373618 -0.028929 -0.0417189 -0.0204261 0.0520529 0.0707754 -0.0461005 0.0442335 0.0523028 0.0231856 -0.0500314 -0.0384371
internal_weight=992.554 610.83 381.724 195.911 43.2426 50.425 25.548 152.668 32.7647 94.5531 58.115 8.14441 75.517 22.7688 331.299 414.919 338.906 336.161 52.8009 283.36 21.8762 19.0361 14.8083 327.731 17.6945 49.9706 7.96059 326.867 4.18165 76.0128 13.0178
internal_count=15468 8145 7323 1779 460 722 213 1319 390 798 521 70 620 268 6601 6366 5043 5019 651 4368 181 178 160 6568 247 451 108 6561 52 1323 205
is_linear=0
shrinkage=0.05


Tree=46
num_leaves=32
num_cat=0
split_feature=12 11 6 12 14 14 15 30 30 31 18 6 11 40 40 1 19 11 19 19 3 19 32 32 32 43 15 19 19 18 7
split_gain=481.676 34.4415 31.6261 29.7686 13.4987 13.2992 11.5149 11.5379 48.2789 14.7215 11.405 10.4854 6.8993 7.55458 19.5348 5.69819 15.0832 5.57683 5.03323 4.87466 4.55268 4.03342 5.12731 3.89901 9.66923 3.54487 3.10274 3.01981 2.35761 2.28916 2.03758
threshold=-0.35712666629937123 0.22561082573212407 0.96301982968341948 2.70160039506426 -0.57467018851169238 0.96800862320774628 2024.5000000000002 0.036977046081088767 0.94970373160383248 0.013423320638200899 4.5000000000000009 0.043925665951408663 -0.70169578523728093 0.11353281327153182 0.99952847873625494 -1.4791291995220368 4.5000000000000009 0.33248056110373786 13.500000000000002 7.5000000000000009 -0.80170790350155807 39.500000000000007 0.007820667950564077 1.0000000180025095e-35 0.99930865958219239 0.77758992684039785 2024.5000000000002 40.500000000000007 3.5000000000000004 4.5000000000000009 1.0917734513494814
decision_type=2 2 2 2 2 2 2 2 2 2 2 2 2 2 2 2 2 2 2 2 2 2 2 2 2 2 2 2 2 2 2
left_child=1 12 3 -2 6 -6 7 9 -9 -3 -7 -12 13 15 -15 16 -1 20 19 -5 -4 -20 -23 30 -25 -21 -17 -16 -8 -26 -14
right_child=2 4 17 18 5 10 28 8 -10 -11 11 -13 23 14 27 26 -18 -19 21 25 -22 22 -24 24 29 -27 -28 -29 -30 -31 -32
leaf_value=0.13046561248924901 0.053291630744390008 -0.029318214082886148 -0.054552979712069273 -0.032763637726861292 0.059712438775581939 -0.05138966715394603 0.0020482700614659626 0.1360559178170648 -0.02322105367469901 0.016010548439576836 -0.016190259597716205 0.030958418552739776 -0.045908156613643475 0.097660952987573435 -0.047772939490996813 -0.031140901373561937 -0.027448114213372656 0.052238309851459643 -0.055847629832095215 0.0027116480533385849 0.033657121616930859 -0.033461693262298399 0.057920648706790145 0.057416595585940991 0.0030538089007204373 0.090476815076593359 -0.050238764071825738 0.011532613014160887 -0.048170456337424103 -0.048990806524721341 -0.0096197954501697266
leaf_weight=1.8950253054499606 21.490824937820435 92.838293705135584 2.1024528369307518 3.9943189509212988 9.7879092022776586 10.164206802844999 2.5017352327704421 6.3491395264863995 18.980121463537216 22.194003630429506 23.972969856113195 23.207355234771967 194.84906271845102 4.1030172482132885 7.5511997304856777 81.221044342964888 7.4841410331428051 307.55539963766932 12.318858679383995 2.5326253809034824 4.8075007833540431 6.1185334362089616 2.0490414313971996 3.2470633629709491 2.6294773556292066 2.1082727871835232 28.81174885109067 2.9989734999835491 35.518166948109865 10.75325248762965 3.9466408342123023
leaf_count=14 417 960 19 47 125 94 26 48 192 200 216 182 3367 31 106 1246 113 6498 143 23 66 75 17 42 39 18 458 40 414 174 58
internal_value=0.000123579 -0.0276177 0.0453363 0.00865392 -0.0132651 0.00584604 -0.0204574 -0.0138458 0.016704 -0.0205726 -0.0033482 0.00700153 -0.0377002 -0.028795 0.00508746 -0.0329528 0.00445776 0.0512403 -0.0242872 0.00772986 0.00681793 -0.0377827 -0.0105361 -0.0432422 -0.0199849 0.0425817 -0.0361416 -0.0309148 -0.044866 -0.0387649 -0.0451877
internal_weight=960.082 595.005 365.078 50.6125 245.514 67.1324 178.381 140.362 25.3293 115.032 57.3445 47.1803 349.491 134.065 14.6532 119.412 9.37917 314.465 29.1217 8.63522 6.90995 20.4864 8.16757 215.425 16.6298 4.6409 110.033 10.5502 38.0199 13.3827 198.796
internal_count=15468 8145 7323 740 2457 617 1840 1400 240 1160 492 398 5688 2008 177 1831 127 6583 323 88 85 235 92 3680 255 41 1704 146 440 213 3425
is_linear=0
shrinkage=0.05


Tree=47
num_leaves=32
num_cat=0
split_feature=12 11 9 12 14 14 15 18 30 30 31 0 1 14 11 40 40 11 43 1 19 3 32 32 2 15 19 19 18 7 7
split_gain=452.495 33.225 30.6592 20.329 12.4466 12.5752 11.0374 10.6197 10.5562 43.2895 13.6002 9.79652 9.65137 7.90959 6.78229 7.02927 18.1639 6.27626 5.96145 5.37498 13.0867 4.1816 3.68892 9.07912 3.62539 3.12667 2.88876 2.28768 2.22792 2.02745 4.11974
threshold=-0.35712666629937123 0.22561082573212407 0.52008195898812482 2.70160039506426 -0.57467018851169238 0.96800862320774628 2024.5000000000002 4.5000000000000009 0.036977046081088767 0.94970373160383248 0.013423320638200899 -0.76976380073040462 -0.19745279362488796 -0.58297735611061285 -0.70169578523728093 0.11353281327153182 0.99952847873625494 -0.73414347459308649 0.99998464057730885 -1.4791291995220368 4.5000000000000009 0.97959940651616406 1.0000000180025095e-35 0.99930865958219239 -1.660478002979014 2024.5000000000002 40.500000000000007 3.5000000000000004 4.5000000000000009 1.0917734513494814 1.9971085643509261
decision_type=2 2 2 2 2 2 2 2 2 2 2 2 2 2 2 2 2 2 2 2 2 2 2 2 2 2 2 2 2 2 2
left_child=1 14 17 -4 6 -6 8 -7 10 -10 -3 -9 -5 21 15 19 -17 -2 -15 20 -1 -14 29 -24 -19 -21 -18 -8 -25 -16 -31
right_child=2 4 3 12 5 7 27 11 9 -11 -12 -13 13 18 22 16 26 24 -20 25 -22 -23 23 28 -26 -27 -28 -29 -30 30 -32
leaf_value=0.11795079221996613 -0.016206160735203975 -0.02842313672426839 0.053198357257197043 -0.058517574766836659 0.059265213407190299 -0.050448259759474035 0.0019428595293755427 -0.045287977465398185 0.12829533520943551 -0.022420936708396361 0.015059688833170685 0.016627591360659982 -0.040868612686136702 0.061601388333809473 -0.045393558202873663 0.095549381909839637 -0.047297894313211263 -0.081090945303824935 -0.02069814179190748 -0.030357565194759756 -0.026707514242714399 0.033012771993369751 0.057031526393972014 0.0028933795857802196 0.051946178168482141 -0.049903624981284117 0.010850713376355133 -0.04755288887198722 -0.048615510559048759 0.055123636600276908 -0.049816916960856328
leaf_weight=1.9886891916394214 3.4401187673211089 91.02076230943203 16.105605691671371 9.3425165414810198 9.3790296167135221 9.8443500027060491 2.505495134741067 7.6174151152372351 6.3952467739582088 18.682299636304379 22.409821379929781 39.606464643031359 9.3014985211193579 6.7673784606158698 187.39461766183376 3.9869618415832493 7.2532532997429371 0.51297524571418662 3.260514959692955 79.202952209860086 7.3115414641797543 2.4117810837924489 3.109028685837985 2.6363286115229139 298.02202067896724 27.586013790220022 3.0273161940276623 34.213647704571486 10.305790562182663 1.5268983431160443 2.4135830067098141
leaf_count=14 33 960 332 122 125 94 26 73 48 192 200 325 123 97 3367 31 106 3 24 1246 113 24 42 39 6565 458 40 414 174 20 38
internal_value=0.000124652 -0.0269701 0.0450868 0.00760689 -0.012816 0.0056105 -0.0198034 -0.00320752 -0.0133422 0.0160146 -0.0198325 0.00664034 -0.0160157 0.00224797 -0.0370983 -0.0281613 0.00495788 0.0509438 0.0348421 -0.0322317 0.0042251 -0.0256563 -0.0427157 -0.0196921 0.0517176 -0.0354068 -0.0301749 -0.0441756 -0.0381231 -0.0446472 -0.00915347
internal_weight=928.582 579.418 349.164 47.1893 241.675 66.4473 175.227 57.0682 138.508 25.0775 113.431 47.2239 31.0837 21.7412 337.743 130.357 14.2675 301.975 10.0279 116.089 9.30023 11.7133 207.386 16.0511 298.535 106.789 10.2806 36.7191 12.9421 191.335 3.94048
internal_count=15468 8145 7323 722 2457 617 1840 492 1400 240 1160 398 390 268 5688 2008 177 6601 121 1831 127 147 3680 255 6568 1704 146 440 213 3425 58
is_linear=0
shrinkage=0.05


Tree=48
num_leaves=32
num_cat=0
split_feature=12 25 6 12 21 8 6 39 7 7 5 8 11 19 28 19 3 19 8 43 22 8 19 14 16 17 11 9 5 18 18
split_gain=425.153 32.3403 29.5389 26.7862 20.7908 11.5939 10.6468 9.02716 6.79189 9.85495 6.17018 5.78194 5.3716 4.57963 4.53586 4.37241 4.09639 3.76066 4.94077 3.23392 1.99951 1.33652 1.04897 0.945055 1.80044 2.58098 0.788148 0.657304 3.6309 0.413747 0.113901
threshold=-0.35712666629937123 1.0000000180025095e-35 0.96301982968341948 2.70160039506426 0.99997358653385171 0.030679142499638917 -1.3795358244404203 0.010056024252739939 0.099626267419891515 0.98997105373285821 1.0000000180025095e-35 0.27145436877311141 0.33248056110373786 13.500000000000002 0.10501894280602998 7.5000000000000009 -0.80170790350155807 39.500000000000007 0.69259276119273949 0.77758992684039785 0.84745821872873983 0.40212678572526644 15.500000000000002 1.8102837095665658 4.5000000000000009 19.500000000000004 -1.2531738235238712 0.54361194476719776 1.0000000180025095e-35 3.5000000000000004 20.500000000000004
decision_type=2 2 2 2 2 2 2 2 2 2 2 2 2 2 2 2 2 2 2 2 2 2 2 2 2 2 2 2 2 2 2
left_child=1 8 3 -2 20 6 -6 -8 23 -10 14 -12 16 15 -11 21 -4 29 -19 -17 -3 -5 -18 30 25 -25 -7 -14 -29 -15 -1
right_child=2 4 12 13 5 26 7 -9 9 10 11 -13 27 17 -16 19 22 18 -20 -21 -22 -23 -24 24 -26 -27 -28 28 -30 -31 -32
leaf_value=-0.052796640596058632 0.052998195507516416 0.053570962048286166 -0.053727976712514371 -0.057253649051142233 -0.059175231068819993 -0.0097493580514155416 -0.016274462333538658 0.009439913593842171 0.066919562862256782 -0.038299044236032941 -0.040822237818255169 -0.0043201508767386617 0.052348167994674712 -0.031985444235950726 -0.01965751055830596 0.0020780881065473019 0.050864628289211011 -0.037286978492803727 0.047678053640719267 0.086703944936004182 -0.010603869983247033 0.0025638996316929893 0.0010764866790524796 -0.053508659475595279 -0.05296685145954147 0.019427616145252055 -0.052605327350755418 -0.035772567504636997 0.053525897796793488 -0.058785657494949219 -0.046216764291168444
leaf_weight=47.870982963591814 19.611463189125061 13.369084805250164 1.9918752014636991 2.2001372016966365 10.078483633697031 1.1380933485925222 85.380668483674526 56.859230555593967 2.5158990491181603 220.10739128291607 16.108324624598026 33.225778441876173 272.23457143455744 1.6869199723005319 38.311193812638521 2.4754368551075459 2.8401011861860743 5.3262722790241233 2.5207980535924435 2.075408473610878 1.3349619209766395 1.6224084012210367 1.6859102435410021 2.1937450841069204 6.7634487077593803 2.7129228599369526 18.704092439264059 1.3854698427021492 6.3813393674790859 9.8434079326689226 7.6246260218322268
leaf_count=964 417 278 19 27 84 18 650 342 24 3788 237 414 6362 17 580 23 45 70 22 18 6 20 21 37 129 39 401 12 124 126 154
internal_value=0.000126054 -0.0263347 0.0448479 0.00826891 -0.00932315 -0.0141972 -0.00951412 -0.00599535 -0.034757 -0.0316363 -0.032442 -0.0162386 0.0508945 -0.0233412 -0.0355354 0.00755776 0.00602283 -0.0366934 -0.00999276 0.0406716 0.0477446 -0.0318652 0.0323189 -0.0491728 -0.0362393 -0.0131818 -0.0501472 0.051939 0.0375965 -0.0548647 -0.0518926
internal_weight=898.18 564.299 333.882 47.3623 186.865 172.161 152.318 142.24 377.434 310.269 307.753 49.3341 286.519 27.7508 258.419 8.37339 6.51789 19.3774 7.84707 4.55085 14.704 3.82255 4.52601 67.1657 11.6701 4.90667 19.8422 280.001 7.76681 11.5303 55.4956
internal_count=15468 8145 7323 740 1779 1495 1076 992 6366 5043 5019 651 6583 323 4368 88 85 235 92 41 284 47 66 1323 205 76 419 6498 136 143 1118
is_linear=0
shrinkage=0.05


Tree=49
num_leaves=32
num_cat=0
split_feature=12 11 6 12 14 14 15 18 30 30 31 6 11 40 40 11 1 36 3 19 19 19 2 32 32 15 19 19 18 7 7
split_gain=399.235 31.2447 28.5228 25.2881 11.3237 11.4925 10.6212 9.89209 9.78715 38.7694 12.5979 9.33997 6.8317 6.39019 16.8114 5.24495 5.22521 11.9875 4.36759 5.06092 5.48892 4.23729 3.69777 3.45823 8.16406 3.22899 2.79707 2.25531 2.217 1.96569 3.87308
threshold=-0.35712666629937123 0.22561082573212407 0.96301982968341948 2.70160039506426 -0.57467018851169238 0.96800862320774628 2024.5000000000002 4.5000000000000009 0.036977046081088767 0.99952847873625494 0.013423320638200899 0.043925665951408663 -0.70169578523728093 0.11353281327153182 0.99952847873625494 0.33248056110373786 -1.4791291995220368 0.46860852067726283 -0.94871338224140978 13.500000000000002 9.5000000000000018 39.500000000000007 0.013541025891839566 1.0000000180025095e-35 0.99930865958219239 2024.5000000000002 40.500000000000007 3.5000000000000004 4.5000000000000009 1.0917734513494814 1.9971085643509261
decision_type=2 2 2 2 2 2 2 2 2 2 2 2 2 2 2 2 2 2 2 2 2 2 2 2 2 2 2 2 2 2 2
left_child=1 12 3 -2 6 -6 8 -7 10 -10 -3 -9 13 16 -15 22 17 -1 -5 20 -20 -21 -4 29 -25 -18 -16 -8 -26 -14 -31
right_child=2 4 15 18 5 7 27 11 9 -11 -12 -13 23 14 26 -17 25 -19 19 21 -22 -23 -24 24 28 -27 -28 -29 -30 30 -32
leaf_value=-0.022401321789563198 0.052848556833234618 -0.027126954490588787 -0.048840492389026165 -0.058781902057239557 0.058945643779311732 -0.049310032673111716 0.0028341452904674844 -0.015293625188187991 0.12182576134044286 -0.021214215642633264 0.014903571118497341 0.029485425452084699 -0.044529435585397577 0.093713051260447322 -0.04670957953443703 0.051804505277202956 -0.02880732241711172 0.12415780558938885 -0.014086696924591491 -0.053234233595879581 0.077106248570446817 0.0023022207468402886 0.03242510517118681 0.056500185162475083 0.0043427628298369093 -0.04935515849908869 0.010979933599532902 -0.046734980614687727 -0.047942803398625555 0.054975631053411592 -0.049208893731691732
leaf_weight=7.2659641280770284 18.706487379968166 87.943190954625607 2.0791214704513541 6.4093826003372696 8.8347703814506513 9.3646702989935857 2.4696407578885546 23.381647616624832 6.4243052303791073 18.037509389221668 22.361547727137804 23.198674153536558 173.8287786655128 3.8705202452838394 6.901475802063942 267.02268336340785 75.132830001413822 1.7267995141446588 3.9684236310422447 7.8068919032812101 2.8245158717036247 6.1325045339763165 4.2842072919011116 2.9054049197584364 2.5747755393385896 25.645511116832495 3.0207740142941475 32.392708744853735 9.5368161424994451 1.4799198731780046 2.2456755861639977
leaf_count=113 417 960 22 97 125 94 26 216 49 191 200 182 3367 31 106 6498 1246 14 48 91 23 64 63 42 39 458 40 414 174 20 38
internal_value=0.000129124 -0.0256661 0.0446149 0.00811952 -0.0118332 0.00594988 -0.0186244 -0.00241915 -0.012261 0.0163518 -0.0186063 0.00700795 -0.0359229 -0.026747 0.00533041 0.0507354 -0.0307775 0.00574111 -0.0227084 -0.0115563 0.0238315 -0.0288015 0.0058728 -0.0418106 -0.018771 -0.0340362 -0.0291463 -0.0432235 -0.0368275 -0.0437592 -0.00782363
internal_weight=869.778 550.544 319.234 45.8482 234.409 64.7798 169.629 55.945 134.767 24.4618 110.305 46.5803 316.135 123.564 13.7928 273.386 109.771 8.99276 27.1417 20.7323 6.79294 13.9394 6.36333 192.571 15.017 100.778 9.92225 34.8623 12.1116 177.554 3.7256
internal_count=15468 8145 7323 740 2457 617 1840 492 1400 240 1160 398 5688 2008 177 6583 1831 127 323 226 71 155 85 3680 255 1704 146 440 213 3425 58
is_linear=0
shrinkage=0.05


Tree=50
num_leaves=32
num_cat=0
split_feature=12 11 9 12 9 19 19 14 30 30 18 6 1 6 14 11 15 16 40 39 11 43 3 32 32 2 6 15 18 5 17
split_gain=375.014 30.0667 27.6015 17.4577 10.6603 14.3285 21.6741 13.083 10.7133 34.928 9.34263 9.57245 8.69655 8.11978 6.8398 6.7292 6.00984 7.37533 7.02011 6.21025 5.62979 5.30697 3.70104 3.27814 7.66454 2.88443 2.29217 2.25053 2.05605 1.98306 5.31992
threshold=-0.35712666629937123 0.22561082573212407 0.52008195898812482 2.70160039506426 0.54936862342887705 48.500000000000007 50.500000000000007 -0.57467018851169238 0.036977046081088767 0.99952847873625494 4.5000000000000009 0.043925665951408663 -0.19745279362488796 1.627357638683711 -0.58297735611061285 -0.70169578523728093 2024.5000000000002 5.5000000000000009 0.11353281327153182 0.23713571757029131 -0.73414347459308649 0.99998464057730885 0.97959940651616406 1.0000000180025095e-35 0.99930865958219239 -1.5849304904431434 -1.6287928185844531 2023.5000000000002 19.500000000000004 1.0000000180025095e-35 2.5000000000000004
decision_type=2 2 2 2 2 2 2 2 2 2 2 2 2 2 2 2 2 2 2 2 2 2 2 2 2 2 2 2 2 2 2
left_child=1 15 20 -4 5 -3 -7 8 13 -10 -9 -12 -5 -6 22 16 17 18 -1 -19 -2 -16 -14 29 -25 -22 -18 -26 -8 -17 -31
right_child=2 4 3 12 7 6 28 10 9 -11 11 -13 14 -15 21 23 26 19 -20 -21 25 -23 -24 24 27 -27 -28 -29 -30 30 -32
leaf_value=-0.01325207578378847 -0.01516070715876241 -0.047621409131317134 0.052771491303818474 -0.05766866820902377 -0.02347853577889885 0.14029857103533511 -0.049023007368342621 -0.037995085489544375 0.11720312699558769 -0.020512940900820766 -0.0004912982603254727 0.04521290765342912 -0.039397418151270749 0.056073524424209535 0.061101976519142565 -0.045439104180357549 0.014496870994494416 -0.044708261201677951 0.04214811616790122 -0.0090057551321721854 -0.061790650232936672 -0.018892628775989767 0.032059362015606212 0.056165272886876429 -0.0078780733437227388 0.051496105754741853 -0.049362754198762869 -0.053132907075995099 0.016919322773767807 0.039809549772090023 -0.037844483090535411
leaf_weight=31.567252915352583 3.2309489399194709 35.383087880909443 14.037742897868155 8.5098117701709288 106.95600071176887 2.7441362403333169 4.149984672665596 7.2423521988093844 6.2657186258584288 17.361427631229162 22.183318249881268 23.692181739956141 8.5755767486989516 3.3067777901887885 6.152123995125292 146.45001303777099 1.4815896339714552 34.097401339560747 6.9831935688853255 18.948988288640976 0.56310038268566032 3.1272066682577133 2.2975674495100966 2.7797695789486143 4.3931559063494205 258.8168773278594 27.249824579805136 7.3326725512742996 1.6528732441365717 2.4516459181904819 21.972312696278095
leaf_count=496 33 626 332 122 1039 33 73 64 47 159 194 173 123 27 97 3007 28 609 72 305 4 24 24 42 77 6564 498 136 22 34 384
internal_value=0.000130371 -0.0250392 0.044371 0.00708833 -0.0114224 -0.0335869 0.0245138 -0.00621578 -0.0145457 0.0160082 0.0147807 0.0231124 -0.0152856 -0.0210928 0.00261153 -0.0353256 -0.026118 -0.0198597 -0.00321665 -0.0319548 0.0504331 0.0341432 -0.0242981 -0.0413022 -0.0184818 0.0512502 -0.0460697 -0.0361779 -0.0302401 -0.0432394 -0.0300497
internal_weight=841.957 536.646 305.311 42.7 230.938 43.9301 8.54699 187.008 133.89 23.6271 53.1179 45.8755 28.6623 110.263 20.1525 305.708 120.328 91.5968 38.5504 53.0464 262.611 9.27933 10.8731 185.38 14.5056 259.38 28.7314 11.7258 5.80286 170.874 24.424
internal_count=15468 8145 7323 722 2457 754 128 1703 1272 206 431 367 390 1066 268 5688 2008 1482 568 914 6601 121 147 3680 255 6568 526 213 95 3425 418
is_linear=0
shrinkage=0.05


Tree=51
num_leaves=32
num_cat=0
split_feature=12 25 6 12 43 32 32 17 18 43 7 7 19 28 19 3 6 11 12 19 12 14 0 32 39 5 2 9 8 14 16
split_gain=352.163 28.8895 26.7041 22.7999 19.6666 9.97054 40.8703 15.7706 9.68767 8.9809 6.87918 8.6957 6.36163 18.7398 6.62544 5.66333 5.35307 5.06932 4.22463 5.06899 4.7506 4.06818 3.97902 3.83607 3.64953 3.10033 2.28797 1.97925 1.5329 1.04853 1.91898
threshold=-0.35712666629937123 1.0000000180025095e-35 0.96301982968341948 2.70160039506426 0.0083598119715488379 1.0000000180025095e-35 0.99930865958219239 18.500000000000004 18.500000000000004 0.99998464057730885 0.099626267419891515 0.98997105373285821 5.5000000000000009 0.039769285924499194 37.500000000000007 0.061591967301640078 -1.0603338076585622 0.05344399741377516 2.7978151630681056 13.500000000000002 2.8057123418044747 -0.49297360372812066 -0.063246366150425171 0.007820667950564077 0.37944102343955033 1.0000000180025095e-35 1.3130920866125793 0.86723956240369104 0.0047453090005391899 1.8102837095665658 4.5000000000000009
decision_type=2 2 2 2 2 2 2 2 2 2 2 2 2 2 2 2 2 2 2 2 2 2 2 2 2 2 2 2 2 2 2
left_child=1 10 3 -2 5 7 25 8 -3 28 29 -12 13 -13 -14 22 -8 21 -5 20 -20 -4 -11 -21 -17 -7 -9 -19 -6 -1 -31
right_child=2 4 17 18 9 6 16 26 -10 15 11 12 14 -15 -16 24 -18 27 19 23 -22 -23 -24 -25 -26 -27 -28 -29 -30 30 -32
leaf_value=-0.051411486846001164 0.052601168832153239 0.001602536160079942 -0.044388193086386113 -0.052815030039998323 0.090149407714151086 0.16012775485842742 0.03748003043265221 -0.04441915618284914 -0.040116036142240047 0.10095635227759131 0.066913410602430917 -0.031244285582926402 -0.040248537313390766 0.056867374880235327 -0.023826186590103618 -0.048002736590998143 -0.041278361364399052 0.051671441509811983 0.063258338555698915 -0.039797980572420684 -0.027062463325739434 0.04954334981002672 -0.0047635116934758312 0.037416283691311079 0.029089813133655208 0.088257786560122856 0.0072263256233439516 -0.023502401128631015 0.052442022704719864 -0.0094310595988875926 -0.052590150363299532
leaf_weight=48.943446736782789 17.065763637423515 70.969152230769396 2.5150687471032143 7.7235186807811287 4.4759315922856331 3.2933579757809648 2.630273763090373 46.400859812274575 17.309606481343508 2.0120387747883801 2.3131200410425654 24.635693445801735 141.79417508840561 7.9920860156416884 108.34424076229334 4.7206005901098251 12.003037236630915 243.4634669162333 3.762354668229821 10.12300183624029 2.3747363388538361 2.1280115433037272 1.5960358865559099 1.9124192893505085 2.2749878019094467 2.7565216608345509 2.2484126053750506 0.87876147031783958 6.7748425453901291 4.5240754783153516 5.979787714779377
leaf_count=1118 417 625 27 116 26 25 27 471 169 20 24 422 2622 95 1880 41 123 6514 40 127 24 35 22 16 24 27 22 7 157 76 129
internal_value=0.000129023 -0.0243899 0.0441361 0.00773189 -0.00812328 -0.0142867 0.0180707 -0.0191743 -0.0065776 0.0363263 -0.0328633 -0.029637 -0.0304268 -0.00966157 -0.0331354 0.00331042 -0.0271219 0.0504176 -0.0218374 -0.00867163 0.0283089 -0.00133759 0.0541911 -0.0275287 -0.022932 0.127381 -0.0420323 0.0514011 0.0674433 -0.0483352 -0.0340013
internal_weight=815.939 523.992 291.947 42.9618 179.466 157.611 20.6832 136.928 88.2788 21.8544 344.527 285.079 282.766 32.6278 250.138 10.6037 14.6333 248.985 25.896 18.1725 6.13709 4.64308 3.60807 12.0354 6.99559 6.04988 48.6493 244.342 11.2508 59.4473 10.5039
internal_count=15468 8145 7323 740 1779 1489 202 1287 794 290 6366 5043 5019 517 4502 107 150 6583 323 207 64 62 42 143 65 52 493 6521 183 1323 205
is_linear=0
shrinkage=0.05


Tree=52
num_leaves=32
num_cat=0
split_feature=12 11 6 12 15 37 37 6 6 5 11 15 16 19 39 14 11 14 19 3 18 19 19 12 14 32 32 6 15 19 18
split_gain=330.814 28.0032 25.7124 21.5452 9.83349 10.1748 72.4816 10.0265 8.27194 11.9163 6.86345 6.03205 7.09494 6.75469 6.23206 5.24282 4.94111 4.9227 4.35081 4.08217 4.51947 3.66273 3.50468 3.47391 3.66718 3.00916 6.83892 2.2998 2.28585 2.26222 2.17667
threshold=-0.35712666629937123 0.22561082573212407 0.96301982968341948 2.70160039506426 2024.5000000000002 0.01241320750402425 0.99987949765743289 0.037125908767392336 0.31807667661601413 1.0000000180025095e-35 -0.70169578523728093 2024.5000000000002 5.5000000000000009 45.500000000000007 0.23713571757029131 -0.55122094545772915 0.33248056110373786 -0.57467018851169238 19.500000000000004 -0.94871338224140978 15.500000000000002 48.500000000000007 13.500000000000002 2.70160039506426 -0.1545160318798231 1.0000000180025095e-35 0.99930865958219239 -1.6287928185844531 2023.5000000000002 3.5000000000000004 11.500000000000002
decision_type=2 2 2 2 2 2 2 2 2 2 2 2 2 2 2 2 2 2 2 2 2 2 2 2 2 2 2 2 2 2 2
left_child=1 10 3 -2 5 8 15 -8 9 -3 11 12 13 -1 -14 -7 23 29 30 -5 22 -20 -21 -4 -25 -12 -27 -13 -28 -6 -19
right_child=2 4 16 19 17 6 7 -9 -10 -11 25 27 14 -15 -16 -17 -18 18 21 20 -22 -23 -24 24 -26 26 28 -29 -30 -31 -32
leaf_value=0.0085777766355700433 0.052472078352124911 -0.020437570737084593 0.053576769029491926 -0.058132422160147391 0.0050114095695353586 0.12784456960364488 -0.029294594675738941 0.0029900588851215935 -0.051189679620436218 0.048690304627112803 -0.042293815584550011 0.01580513300984495 -0.043881240473770823 -0.045235054146760066 -0.0072802298763371687 0.070243061629325254 0.051411014017139156 -0.0090942596538269773 -0.057330802820653698 0.03603207348743321 -0.048501536277110333 0.025807071055615541 -0.015358795671337848 -0.065145359140101819 0.038946525246828331 0.055706477376339006 -0.0060804525480840782 -0.048838495620511922 -0.05287739402427382 -0.045480079861228047 0.058048714722438326
leaf_weight=30.276557553559542 16.27238517254591 44.168208615854383 2.2500447779893866 5.7988335639238384 2.3960136249661437 8.935289744287731 46.197165470570326 50.161920366808772 16.692505307495594 7.2586371712386599 159.41673443093896 1.4547450616955782 31.890839885920286 7.2225038446485987 18.306142631918192 7.0808908715844145 231.70101373642683 2.009802643209694 4.2485261857509613 5.4763227924704578 5.5429935008287421 1.9250713735818861 8.4158523082733137 2.2299428507685666 1.3634996041655538 2.5675180833786699 4.2375044971704483 25.3764803186059 6.7920571379363537 29.924517851322889 3.0221164748072624
leaf_count=442 417 460 41 97 26 77 555 499 166 55 3425 28 609 126 305 83 6498 16 53 55 76 20 95 22 22 42 77 498 136 414 33
internal_value=0.00013026 -0.0237573 0.0439215 0.00761251 -0.0105038 -0.00535959 0.00388316 -0.0124881 -0.0206072 -0.0106805 -0.034083 -0.0245884 -0.0182413 -0.00178684 -0.0305334 0.102378 0.0502658 -0.0318361 -0.00327862 -0.0213156 -0.0103306 -0.0314065 0.00489959 0.00485725 -0.0256486 -0.040368 -0.0177895 -0.0453336 -0.0348982 -0.041737 0.0312311
internal_weight=790.613 511.562 279.051 41.5064 224.021 180.495 112.375 96.3591 68.1194 51.4268 287.541 114.527 87.696 37.4991 50.197 16.0162 237.545 43.526 11.2055 25.234 19.4352 6.1736 13.8922 5.84349 3.59344 173.014 13.5971 26.8312 11.0296 32.3205 5.03192
internal_count=15468 8145 7323 740 2457 1895 1214 1054 681 515 5688 2008 1482 568 914 160 6583 562 122 323 226 73 150 85 44 3680 255 526 213 440 49
is_linear=0
shrinkage=0.05


Tree=53
num_leaves=32
num_cat=0
split_feature=12 11 9 12 9 19 19 5 40 18 37 17 1 11 15 16 28 39 14 11 43 19 13 32 32 18 6 5 17 0 6
split_gain=310.701 26.6511 24.914 15.0525 9.5115 13.5287 17.2971 11.0678 13.9508 12.0676 12.7811 8.64447 7.84862 6.76385 5.89471 6.6886 6.47175 6.05144 5.65343 5.05775 5.02184 4.92084 3.43255 2.83538 6.41842 2.32407 2.22973 2.22593 9.03577 2.17553 2.11497
threshold=-0.35712666629937123 0.22561082573212407 0.52008195898812482 2.70160039506426 0.54936862342887705 48.500000000000007 50.500000000000007 1.0000000180025095e-35 0.99952847873625494 18.500000000000004 0.01241320750402425 11.500000000000002 -0.19745279362488796 -0.70169578523728093 2024.5000000000002 5.5000000000000009 0.052200048254389904 0.23713571757029131 -0.58297735611061285 -0.59190494759748835 0.99998464057730885 48.500000000000007 2.1352556993252194 1.0000000180025095e-35 0.99930865958219239 4.5000000000000009 -1.6287928185844531 1.0000000180025095e-35 1.5000000000000002 -0.91877966462994398 0.084448091432880693
decision_type=2 2 2 2 2 2 2 2 2 2 2 2 2 2 2 2 2 2 2 2 2 2 2 2 2 2 2 2 2 2 2
left_child=1 13 19 -4 5 -3 -7 9 11 10 -6 -9 -5 14 15 16 -1 -17 22 -2 -20 -11 -14 27 -25 -26 -16 -15 -29 -21 -10
right_child=2 4 3 12 7 6 -8 8 30 21 -12 -13 18 23 26 17 -18 -19 20 29 -22 -23 -24 24 25 -27 -28 28 -30 -31 -32
leaf_value=-0.012789564923793996 -0.0086331976751327574 -0.046731698392177307 0.05241472434476107 -0.057045800612163328 -0.025658242290229612 0.12083720882200587 -0.028717443193234656 -0.012343442746539722 -0.062555530636496756 -0.054931846684737141 0.008184305025446861 0.058941322474800488 -0.054017765505862216 -0.044178419057836163 0.014800044385916903 -0.043348990954448621 0.037358902799159384 -0.0069591024617214354 0.061079674914946071 -0.011747888260992463 -0.018728410997469087 -0.0071757573707151648 0.0046637780659825618 0.055414861216718375 0.009256584581120067 -0.046728023740775129 -0.048507210165143158 0.10717073112855424 -0.034631486191181012 0.051304547245202441 -0.013074681108015289
leaf_weight=29.124525405466557 3.6229528263211241 32.246562350541353 12.208427995443342 7.7434660959988859 44.338019153103232 2.9970066472887975 5.4476426392793655 5.5861390940845039 3.1095754653215391 19.221851211041216 75.244255224242806 17.819182399660349 4.6646238900721091 131.28811648860574 1.4753137342631841 30.698629003018141 8.2575492896139604 18.196213826537132 5.5269639212638122 1.3764831870794285 3.0637312531471252 7.4983694478869429 5.3504696004092693 2.4548260513693068 2.3862549625337133 8.3071361742913705 24.299580760300159 1.1859130710363412 21.315947938710451 223.2527696415782 7.0688421241939068
leaf_count=474 42 626 332 122 386 33 95 60 22 205 736 166 76 3007 28 609 94 305 97 19 24 78 71 42 39 174 498 13 405 6540 50
internal_value=0.000130386 -0.0231357 0.0436932 0.00651897 -0.0101477 -0.0319781 0.0243595 -0.00520953 0.0206764 -0.0111516 -0.00436364 0.0419278 -0.014746 -0.0334045 -0.0239019 -0.0176337 -0.00171197 -0.0298065 0.00285864 0.0499729 0.0326174 -0.0415303 -0.0226677 -0.0397828 -0.0174969 -0.0342349 -0.0448836 -0.0416881 -0.0271581 0.0509182 -0.0281914
internal_weight=766.377 499.567 266.81 38.5577 220.577 40.6912 8.44465 179.886 33.5837 146.302 119.582 23.4053 26.3493 278.99 112.052 86.2769 37.3821 48.8948 18.6058 228.252 8.5907 26.7202 10.0151 166.938 13.1482 10.6934 25.7749 153.79 22.5019 224.629 10.1784
internal_count=15468 8145 7323 722 2457 754 128 1703 298 1405 1122 226 390 5688 2008 1482 568 914 268 6601 121 283 147 3680 255 213 526 3425 418 6559 72
is_linear=0
shrinkage=0.05


Tree=54
num_leaves=32
num_cat=0
split_feature=12 25 6 12 21 8 6 39 7 7 19 28 19 11 3 18 12 19 0 22 9 14 16 8 11 8 9 43 18 16 11
split_gain=291.649 25.5216 24.1159 19.4804 16.8906 10.1492 9.85718 7.82561 6.94869 7.71291 6.07999 16.706 6.64895 4.70272 3.92793 4.1345 3.08582 3.05944 2.14711 1.69273 1.26395 1.1586 2.03091 2.92151 0.877124 0.445458 0.437973 3.01219 0.145072 0.890375 0.108677
threshold=-0.35712666629937123 1.0000000180025095e-35 0.96301982968341948 2.70160039506426 0.99997358653385171 0.030679142499638917 -1.3795358244404203 0.010056024252739939 0.099626267419891515 0.98997105373285821 5.5000000000000009 0.039769285924499194 37.500000000000007 0.22561082573212407 -0.94871338224140978 15.500000000000002 2.70160039506426 13.500000000000002 0.42048447339846812 0.84745821872873983 0.86723956240369104 1.8102837095665658 4.5000000000000009 0.33409506398537481 -1.2531738235238712 0.6036732104075454 0.54361194476719776 0.79800486654430791 20.500000000000004 3.5000000000000004 0.88487345371277459
decision_type=2 2 2 2 2 2 2 2 2 2 2 2 2 2 2 2 2 2 2 2 2 2 2 2 2 2 2 2 2 2 2
left_child=1 8 3 -2 19 6 -6 -8 21 -10 11 -11 -12 16 30 17 -4 -16 -18 -3 26 28 23 -23 -7 -17 -15 -28 -1 -30 -5
right_child=2 4 13 14 5 24 7 -9 9 10 12 -13 -14 20 15 25 18 -19 -20 -21 -22 22 -24 -25 -26 -27 27 -29 29 -31 -32
leaf_value=-0.052131608592201575 0.052269962459752323 0.053302206820735831 0.053328434774859136 -0.054138613414220493 -0.057957722135522853 -0.0041057990802204096 -0.013812442193824895 0.010782595079465072 0.067126483686247282 -0.029157343791400961 -0.038669800546104159 0.055455480500374549 -0.021553043269631356 0.051724667338472398 0.03441552633430827 -0.055978210748415191 -0.06472687658402336 -0.014260405108330274 0.01782589968250007 -0.0070243773475937386 -0.016858459633979056 0.053067776613327858 -0.052270994748679356 -0.035319233175997021 -0.052082258458905697 -0.022244838961714645 0.052755269336226623 -0.051025539652155616 0.00082638578925849884 -0.052110104111922663 -0.071178809556575212
leaf_weight=37.302101798355579 14.879603404551743 11.874826127663251 1.8677460625767697 4.2277236841619041 8.9992647320032102 1.0165318995714212 80.293727874755859 54.154952205717564 2.1305215116590253 22.736788868904117 129.56150719895959 7.846942111849784 100.93349257484078 204.83291629701853 5.3390106372535255 3.8906078133732072 1.7526743784546854 8.1649622749537212 1.4305165261030195 1.2890417873859412 0.68143263459205528 1.4060771465301494 5.2958887070417404 2.7900122664868832 15.165334619581698 1.307554382830858 4.7676510009914628 0.8193334788084029 0.94367747381329437 5.0192237608134747 1.2016310747712848
leaf_count=964 417 278 37 82 84 18 650 342 24 422 2622 95 1880 6368 55 59 20 95 21 6 5 25 129 51 401 17 120 12 24 130 15
internal_value=0.000128111 -0.0224922 0.0434568 0.00727424 -0.00704202 -0.0115312 -0.00729671 -0.00390574 -0.0309414 -0.0276218 -0.028395 -0.00744803 -0.0311744 0.049987 -0.0204704 -0.00960139 0.0023083 0.0049844 -0.0276279 0.0473949 0.0511278 -0.0475034 -0.0316841 -0.00570143 -0.0490684 -0.0474929 0.0513479 0.0375358 -0.050974 -0.0437325 -0.05791
internal_weight=743.923 488.76 255.163 39.0111 172.794 159.63 143.448 134.449 315.966 263.209 261.079 30.5837 230.495 216.152 24.1315 18.7021 5.05094 13.504 3.18319 13.1639 211.101 52.757 9.49198 4.19609 16.1819 5.19816 210.42 5.58698 43.265 5.9629 5.42935
internal_count=15468 8145 7323 740 1779 1495 1076 992 6366 5043 5019 517 4502 6583 323 226 78 150 41 284 6505 1323 205 76 419 76 6500 132 1118 154 97
is_linear=0
shrinkage=0.05


Tree=55
num_leaves=32
num_cat=0
split_feature=12 11 6 12 15 18 16 37 37 6 11 40 40 1 19 14 11 41 18 3 18 17 3 0 19 19 32 32 7 7 15
split_gain=273.855 24.6133 23.3492 18.3983 9.13145 9.15528 10.681 10.1797 49.8232 7.05913 6.81349 5.94507 14.4132 5.08436 9.57333 4.68598 4.53119 4.18007 6.77956 3.78484 3.89207 3.58858 3.0581 3.02129 2.92396 2.76069 2.61722 5.72982 2.44624 3.61506 2.37964
threshold=-0.35712666629937123 0.22561082573212407 0.96301982968341948 2.70160039506426 2024.5000000000002 18.500000000000004 1.5000000000000002 0.01241320750402425 0.99987949765743289 0.27812882130605027 -0.70169578523728093 0.11353281327153182 0.99952847873625494 -1.4791291995220368 4.5000000000000009 -0.57467018851169238 0.33248056110373786 0.9998864808908724 11.500000000000002 -0.94871338224140978 15.500000000000002 14.500000000000002 -0.80170790350155807 0.012929429760978101 40.500000000000007 13.500000000000002 1.0000000180025095e-35 0.99930865958219239 1.0917734513494814 1.9971085643509261 2023.5000000000002
decision_type=2 2 2 2 2 2 2 2 2 2 2 2 2 2 2 2 2 2 2 2 2 2 2 2 2 2 2 2 2 2 2
left_child=1 10 3 -2 5 7 -7 9 -9 -3 11 13 -13 14 -1 -6 22 18 -17 -5 25 -15 -4 -8 -14 -21 28 -28 -12 -30 -29
right_child=2 4 16 19 15 6 23 8 -10 -11 26 12 24 21 -16 17 -18 -19 -20 20 -22 -23 -24 -25 -26 -27 27 30 29 -31 -32
leaf_value=0.10471300367008494 0.052157805620803646 -0.0057029510694259775 -0.052049132796185033 -0.057571078981800132 -0.040558299525317788 0.058686576067205135 -0.021311794585299897 0.099628953609229354 -0.0043464021937243413 -0.049163400173754521 -0.041736149996403793 0.092484010298121255 -0.04496252584060003 -0.018765924684096515 -0.020381693502956842 -0.054810475356781956 0.051060145817804575 -0.032836970938023242 0.067626453232049091 0.032624202942407761 -0.04688680814750653 -0.039288614758956841 0.030039199127993362 -0.051824348900964781 0.017280862674233888 -0.013656215207871617 0.055028348743101557 -0.0028413893239345161 0.055656609663827843 -0.046983942995074975 -0.05257041883924557
leaf_weight=2.0449685752391797 14.183584054931996 37.800386387854815 1.6641814932227132 5.194136135280135 30.385324392467737 3.3154493980109683 17.435724478214979 13.635155199095605 74.327178737148643 12.411066588014362 140.01011507958174 3.7192574106156799 5.9227226339280605 38.078647863119841 6.0664880760014057 1.6401969566941241 200.88076025992632 5.4501666203141212 3.6391721311956644 5.3502648994326618 5.0074476711451998 48.343323595821857 3.5650585778057566 15.172854233533142 2.7688770107924938 8.1015506554394943 2.2709712907671902 3.9799172542989254 1.6080747954547399 1.8388159051537512 6.0816763341426849
leaf_count=14 417 394 19 97 440 30 197 140 823 131 3367 31 106 749 113 30 6498 39 53 55 76 955 66 180 40 95 42 77 20 38 136
internal_value=0.000130469 -0.021871 0.0432363 0.00713273 -0.00933412 -0.00432907 -0.026816 0.00151734 0.011771 -0.0164453 -0.0321403 -0.0224221 0.0101137 -0.0266936 0.0111558 -0.0305276 0.049864 -0.00212149 0.0295877 -0.0198662 -0.00925669 -0.030246 0.00391497 -0.0355094 -0.0251337 0.00475115 -0.0388116 -0.0167084 -0.0407117 0.000900861 -0.0328998
internal_weight=721.894 477.947 243.947 37.837 215.213 174.098 35.924 138.174 87.9623 50.2115 262.734 106.944 12.4109 94.5334 8.11146 41.1149 206.11 10.7295 5.27937 23.6534 18.4593 86.422 5.22924 32.6086 8.6916 13.4518 155.79 12.3326 143.457 3.44689 10.0616
internal_count=15468 8145 7323 740 2457 1895 407 1488 963 525 5688 2008 177 1831 127 562 6583 122 83 323 226 1704 85 377 146 150 3680 255 3425 58 213
is_linear=0
shrinkage=0.05


Tree=56
num_leaves=32
num_cat=0
split_feature=12 25 9 25 12 8 6 34 1 7 7 5 41 15 39 11 11 2 3 6 11 9 14 16 19 39 29 18 19 14 6
split_gain=257.101 23.6008 22.6378 15.3418 13.0021 9.89873 8.47317 7.75528 7.2032 6.88435 6.98277 6.14719 5.38898 5.10308 4.99168 5.80759 4.65209 3.0588 2.07884 1.64507 1.54324 1.33147 1.22461 2.06125 2.98331 1.02666 0.358449 0.156033 0.936139 0.0348439 0.016651
threshold=-0.35712666629937123 1.0000000180025095e-35 0.52008195898812482 0.99997358653385171 2.70160039506426 0.030679142499638917 -1.42109727068973 0.99998464057730885 -0.19745279362488796 0.099626267419891515 0.98997105373285821 1.0000000180025095e-35 0.9998864808908724 2024.5000000000002 1.0000000180025095e-35 1.1039930668294569 -0.59190494759748835 0.11289719104642346 -1.1976587698236008 -0.021049447026853043 0.48672375729124445 0.51157212117970463 1.8102837095665658 4.5000000000000009 34.500000000000007 0.045016190442504996 0.99997358653385171 20.500000000000004 50.500000000000007 0.96800862320774628 0.73090858719219942
decision_type=2 2 2 2 2 2 2 2 2 2 2 2 2 2 2 2 2 2 2 2 2 2 2 2 2 2 2 2 2 2 2
left_child=1 9 16 -3 -4 6 -5 -8 29 22 -11 13 -13 -12 15 -10 25 -16 -18 20 -20 -7 27 24 -24 -2 -21 -1 -29 30 -6
right_child=2 3 4 5 8 21 7 -9 14 10 11 12 -14 -15 17 -17 18 -19 19 26 -22 -23 23 -25 -26 -27 -28 28 -30 -31 -32
leaf_value=-0.051943091400120371 -0.03738776071155453 0.052269502208222608 0.052113886760898336 -0.057366376026807366 -0.05279046941138478 0.018169685615059883 0.00048914771558140652 -0.041621971703833957 -0.04448239537837221 0.067074334892872733 -0.0263113044880138 0.0055359631708265106 -0.030931816590357677 -0.044882703297688557 -0.033958694074696115 0.053505345940357565 -0.052933218540625916 0.044464208491746045 0.04058544810548409 0.05161836349133353 -0.03212866952705986 -0.052041001413740198 0.033800954904130896 -0.052078239551051786 -0.052865692912127699 0.017553816048502209 0.02949946053389102 -0.05189608145099972 0.0041927766344428937 -0.062725832521302732 -0.058922327608898706
leaf_weight=34.22894199565053 1.6082115285098544 10.479221031069754 10.637934906408189 7.6403689347207537 3.7664833609014776 0.70855702087282857 123.28453570976853 11.997035317122934 6.9185966495424527 1.9832567051053036 157.96449217945337 24.384241769090295 17.330323450267315 48.300205033272505 1.51162716001272 1.935076806694269 0.48411080986261268 7.0068761315196753 2.1046072579920287 189.32809329777956 1.1169402897357938 14.364609418436885 2.2894413918256742 4.873512726277113 1.7534719742834566 1.804167278110981 1.849531203508376 4.628079939633607 0.88640248402953137 1.7486490309238432 1.5680372565984724
leaf_count=964 22 272 332 75 89 17 907 105 98 24 3246 355 296 1122 20 22 6 128 40 6447 14 403 40 129 36 20 52 132 22 16 17
internal_value=0.000131834 -0.0212803 0.0429853 -0.00631709 0.0059691 -0.0102029 -0.00613857 -0.00324535 -0.0141036 -0.0297221 -0.0263725 -0.0271199 -0.00961458 -0.0306601 0.00322375 -0.023066 0.0495362 0.0305479 0.0505496 0.0508073 0.0153748 -0.0487405 -0.0469286 -0.0301822 -0.00378767 -0.00833946 0.0514044 -0.0506856 -0.0428803 -0.0566007 -0.0545929
internal_weight=700.486 467.097 233.389 168.474 35.0933 157.995 142.922 135.282 24.4553 298.622 249.963 247.979 41.7146 206.265 17.3722 8.85367 198.296 8.5185 194.883 194.399 3.22155 15.0732 48.6599 8.91643 4.04291 3.41238 191.178 39.7434 5.51448 7.08317 5.33452
internal_count=15468 8145 7323 1779 722 1507 1087 1012 390 6366 5043 5019 651 4368 268 120 6601 148 6559 6553 54 420 1323 205 76 42 6499 1118 154 122 106
is_linear=0
shrinkage=0.05


Tree=57
num_leaves=32
num_cat=0
split_feature=12 11 5 8 3 3 28 1 29 16 30 1 6 12 11 15 16 19 39 11 2 11 2 39 14 35 32 32 18 6 43
split_gain=241.307 22.7306 21.865 13.5139 8.91314 23.0186 11.1314 9.23005 8.94699 8.48822 14.9893 8.98799 7.77083 7.44801 6.78632 5.87049 6.20449 6.47959 6.34819 5.0104 6.72424 4.46819 3.08953 3.03808 2.68335 2.57924 2.44546 5.15277 2.389 2.38095 2.34725
threshold=-0.35712666629937123 0.22561082573212407 1.0000000180025095e-35 0.081334345426088889 -0.77833290448139492 -0.048859871649979979 0.99987956274106693 1.284330855943242 1.0000000180025095e-35 2.5000000000000004 0.036977046081088767 0.16379185770879492 0.068587367226213808 2.70160039506426 -0.70169578523728093 2024.5000000000002 5.5000000000000009 45.500000000000007 0.23713571757029131 0.73529522340897924 -0.39624767070707995 -1.5437434332446278 -1.2112011522043302 0.063380038794226948 -0.57467018851169238 0.99964157064671022 1.0000000180025095e-35 0.99930865958219239 4.5000000000000009 -1.6287928185844531 0.99998464057730885
decision_type=2 2 2 2 2 2 2 2 2 2 2 2 2 2 2 2 2 2 2 2 2 2 2 2 2 2 2 2 2 2 2
left_child=1 14 3 25 9 6 24 8 -7 10 -3 -12 -9 -5 15 16 17 -1 -18 20 -11 -15 -4 -23 -6 -2 30 -28 -29 -17 -16
right_child=2 4 22 13 5 7 -8 12 -10 19 11 -13 -14 21 26 29 18 -19 -20 -21 -22 23 -24 -25 -26 -27 27 28 -30 -31 -32
leaf_value=0.01134885729923423 0.047066533897005783 -0.032727450066780794 -0.034170226310925242 0.052046534097193821 0.12284248904694053 -0.012502839131375846 -0.02719140434251608 -0.010045787945016975 0.077824370232854059 0.062500378583412397 -0.010128702962198356 0.10991753957582205 0.088912176823499736 0.043856636283136768 -0.030091838343287103 0.020553131061926973 -0.041921004654524113 -0.043989636119562421 -0.0029227727101601201 -0.035000746737907894 -0.045716895849484782 -0.055153647242051351 0.050255215616466821 -0.0098997141315799349 0.062561904047709838 -0.04431917465682466 0.054699951574468331 0.013557311771103623 -0.045513140824846129 -0.047576061415003 -0.044301314399679798
leaf_weight=28.545060897246003 15.221432315185666 8.5842289961874467 1.0900310240685929 3.1886922921985414 4.8640138544142246 112.16924276389182 2.2053794711828232 3.5590160265564901 2.8101268392056218 3.1914447899907827 2.4341997504234305 4.3377100471407175 4.4823548458516598 1.8013241775333941 42.658793110400438 1.3645203746855283 27.401812888681889 6.4929316751658908 16.853247161954641 55.787693049758673 2.6088924109935752 10.485970240086315 184.84668133594096 5.7382890824228516 2.9754694495350105 0.81336187943816263 2.1162974489852759 2.2401712723076344 7.2550329379737377 21.308442799374461 91.191463658586144
leaf_count=442 497 116 14 98 42 1248 33 38 23 52 28 34 48 15 1033 28 609 126 305 690 59 180 6432 76 46 11 42 39 174 498 2392
internal_value=0.000133629 -0.0206618 0.0427556 0.00779042 -0.00856381 -0.000730945 0.0720459 -0.0066733 -0.0102952 -0.0221098 0.0111483 0.0667663 0.0451145 -0.0183926 -0.0309303 -0.02104 -0.0146247 0.00109402 -0.0270697 -0.0304023 0.0138261 -0.0308532 0.0497603 -0.039148 0.099963 0.042431 -0.0378632 -0.0158522 -0.0315768 -0.0434759 -0.0397727
internal_weight=680.623 457.438 223.186 37.2491 210.01 133.066 10.0449 123.021 114.979 76.9442 15.3561 6.77191 8.04137 21.2143 247.428 101.966 79.2931 35.038 44.2551 61.588 5.80034 18.0256 185.937 16.2243 7.83948 16.0348 145.462 11.6115 9.4952 22.673 133.85
internal_count=15468 8145 7323 877 2457 1478 121 1357 1271 979 178 62 86 369 5688 2008 1482 568 914 801 111 271 6446 256 88 508 3680 255 213 526 3425
is_linear=0
shrinkage=0.05


Tree=58
num_leaves=32
num_cat=0
split_feature=12 9 25 43 12 32 32 17 18 43 7 1 7 15 8 6 3 14 43 11 39 13 12 6 2 0 19 14 16 17 0
split_gain=226.222 21.6453 21.6333 14.2516 11.9095 8.43452 31.1395 14.3177 8.34281 7.09704 6.83205 6.60398 6.34736 5.85994 6.60124 5.59053 5.30094 4.5103 4.38578 4.36874 3.28284 3.09493 3.00402 2.91938 2.27647 1.94999 1.91449 1.29417 2.0838 2.98027 1.05575
threshold=-0.35712666629937123 0.52008195898812482 1.0000000180025095e-35 0.0083598119715488379 2.70160039506426 1.0000000180025095e-35 0.99930865958219239 18.500000000000004 16.500000000000004 0.99998464057730885 0.099626267419891515 -0.19745279362488796 0.98997105373285821 2024.5000000000002 0.23952566800062194 -1.0603338076585622 0.061591967301640078 -0.58297735611061285 0.99998464057730885 -0.41131728097079201 0.37944102343955033 2.1352556993252194 2.70160039506426 -1.8208645528758693 1.3130920866125793 -0.91877966462994398 28.500000000000004 1.8102837095665658 4.5000000000000009 19.500000000000004 -0.23819281609322615
decision_type=2 2 2 2 2 2 2 2 2 2 2 2 2 2 2 2 2 2 2 2 2 2 2 2 2 2 2 2 2 2 2
left_child=2 19 10 5 -3 7 26 8 -4 -5 27 -6 -12 14 -14 -8 30 21 -19 22 -18 -13 -2 -15 -9 -21 -7 -1 29 -29 -11
right_child=1 4 3 9 11 6 15 24 -10 16 12 17 13 23 -16 -17 20 18 -20 25 -22 -23 -24 -25 -26 -27 -28 28 -30 -31 -32
leaf_value=-0.050405138774278047 0.053798827078196367 0.05191687471081749 0.0057790652745439925 0.063970646165259867 -0.05617594195026139 0.1499717634434827 0.045089569377258706 -0.041722965587089267 -0.030670505713094848 0.089727252980943362 0.067007306564756397 -0.053430738133299009 -0.034041141007338835 0.016096024926069763 -0.014369424910315134 -0.038626775966434261 -0.046650847873607883 0.060645241817255807 -0.016930113924887066 -0.012239152726079646 0.027696292494811998 0.0052950021622452017 -0.036990290019068207 -0.042897671826857532 0.011385678251030165 0.050854580549913965 0.091892131374651492 -0.052617113396312636 -0.051897176780427025 0.035778941147517999 0.032985468487163348
leaf_weight=36.480513529852033 1.4533793181180947 9.6825159750878793 61.059414450079203 9.9022767450660467 6.6494496744126108 2.2956800721585759 2.4462632779032001 41.174088001251221 21.132054477930069 1.3162280805408957 1.8572370493784536 4.0877149458974618 67.263206832110882 2.1876058168709269 116.526606509462 10.791789714246987 4.422833152115345 4.7428998798131934 2.958421990275383 1.2332208100706328 2.2351217158138752 4.9729139320552349 2.441998191177845 50.689836841076612 2.1217519324272862 175.57244640216231 3.7149638794362545 1.6615908928215488 4.4730305597186089 2.2375791408121586 2.1734518781304359
leaf_count=1118 28 332 558 183 122 15 27 471 236 11 24 76 1504 50 2245 123 41 97 24 19 24 71 28 1220 22 6526 37 37 129 39 31
internal_value=0.000132494 0.0424521 -0.020056 -0.00565021 0.0052764 -0.011123 0.0196955 -0.0158503 -0.0035924 0.0338567 -0.028433 -0.0140132 -0.0250664 -0.025789 -0.0215689 -0.0231568 0.00447095 0.00271268 0.0308451 0.0492605 -0.021692 -0.0211992 -0.00311654 -0.040457 -0.0391203 0.0504145 0.114075 -0.0463364 -0.0286075 -0.00189012 0.0543872
internal_weight=661.958 213.795 448.163 164.786 33.0939 144.736 19.2487 125.487 82.1915 20.0499 283.377 23.4114 238.524 236.667 183.79 13.2381 10.1476 16.762 7.70132 180.701 6.65795 9.06063 3.89538 52.8774 43.2958 176.806 6.01064 44.8527 8.3722 3.89917 3.48968
internal_count=15468 7323 8145 1779 722 1489 202 1287 794 290 6366 390 5043 5019 3749 150 107 268 121 6601 65 147 56 1270 493 6545 52 1323 205 76 42
is_linear=0
shrinkage=0.05


Tree=59
num_leaves=32
num_cat=0
split_feature=12 11 8 39 3 3 28 18 16 12 16 30 0 11 15 16 39 19 7 11 2 2 3 19 9 43 14 14 19 30 39
split_gain=212.405 20.9642 20.805 14.5632 8.18832 20.5303 9.80529 8.53276 11.0229 8.12089 7.85955 13.2498 8.16768 6.67603 5.58339 5.89533 6.20847 6.10923 4.91322 4.76313 6.12639 4.09418 2.97201 2.35358 2.34906 2.3277 2.30334 9.87947 3.07405 9.27512 2.69892
threshold=-0.35712666629937123 0.22561082573212407 0.081334345426088889 1.0000000180025095e-35 -0.77833290448139492 -0.048859871649979979 0.99987956274106693 18.500000000000004 4.5000000000000009 2.70160039506426 2.5000000000000004 0.036977046081088767 0.47523751044833074 -0.70169578523728093 2024.5000000000002 5.5000000000000009 0.23713571757029131 45.500000000000007 1.0000000180025095e-35 0.73529522340897924 -0.39624767070707995 -0.80326585415590623 -1.0085505036924565 50.500000000000007 0.88908575359484898 0.04544700459866758 -0.3703164227537406 0.96800862320774628 54.500000000000007 0.6295135108121882 0.14766891985336547
decision_type=2 2 2 2 2 2 2 2 2 2 2 2 2 2 2 2 2 2 2 2 2 2 2 2 2 2 2 2 2 2 2
left_child=1 13 24 9 10 6 -6 8 -7 -4 11 -3 -13 14 15 17 -17 -1 -5 20 -12 -20 -23 -9 -2 -21 28 -28 -15 -30 -29
right_child=2 4 3 18 5 7 -8 23 -10 -11 19 12 -14 26 -16 16 -18 -19 21 25 -22 22 -24 -25 -26 -27 27 30 29 -31 -32
leaf_value=0.011598450229187818 0.051193268324942143 -0.031378529172268556 0.052007908856413779 -0.05728734648089151 0.095786946612681126 -0.025789015725306393 -0.025621017797930631 -0.043753711671564617 0.011115070116757719 -0.043092124367918899 0.059282061464491158 0.022164083979301301 0.13657548528107918 -0.043774039019339933 -0.042579015401700539 -0.041189459907618367 -0.0020408709932572115 -0.043335811352893938 -0.03274494980457017 -0.039956316739466854 -0.045107743461761961 -0.0083842241061232847 0.050305207868654334 -0.0066036900750600014 0.0028857701180263792 -0.016130952740585344 0.085734278141058495 -0.042150786060868535 -0.04160106324498291 0.069482175014230763 -0.012888257868329783
leaf_weight=28.440006053075194 159.18439464271069 8.2318984381854516 2.7076324429363003 1.4078534245491052 7.6626958549022657 28.479062721133232 2.1240368150174618 16.239881463348869 69.89170878380537 13.133244236931203 3.2512728869915009 4.3779031857848159 2.4234067611396313 89.149219939485192 21.016172830015421 26.033842967823148 16.574997171759605 6.1566425636410704 1.8598223626613641 39.78808718919754 2.4757218826562157 2.4022731035947862 21.135813584551212 5.7809890974313012 2.5569745097309342 13.809603277593849 1.8726332094520319 23.036456195637584 7.8235585764050466 2.473195243626833 11.976092742756007
leaf_count=442 6240 116 90 19 88 340 33 209 740 221 52 42 20 2511 526 609 305 126 30 408 59 58 631 68 34 282 28 602 207 46 286
internal_value=0.000133103 -0.019466 0.0422382 0.0111715 -0.00776652 -0.000205568 0.0694375 -0.00586691 0.000431066 -0.026837 -0.0210035 0.0112887 0.0629305 -0.0296683 -0.0197303 -0.0135106 -0.0259605 0.00182263 0.0336326 -0.0291865 0.0141554 0.0386725 0.0443154 -0.034001 0.0504296 -0.0338176 -0.0368284 -0.026157 -0.0407864 -0.0149198 -0.0321415
internal_weight=643.477 439.089 204.388 42.6466 204.536 130.178 9.78673 120.392 98.3708 15.8409 74.3579 15.0332 6.80131 234.553 98.2217 77.2055 42.6088 34.5966 26.8058 59.3247 5.72699 25.3979 23.5381 22.0209 161.741 53.5977 136.331 36.8852 99.446 10.2968 35.0125
internal_count=15468 8145 7323 1049 2457 1478 121 1357 1080 311 979 178 62 5688 2008 1482 914 568 738 801 111 719 689 277 6274 690 3680 916 2764 253 888
is_linear=0
shrinkage=0.05


Tree=60
num_leaves=32
num_cat=0
split_feature=12 9 11 12 15 18 16 37 37 6 5 16 15 1 17 7 14 28 28 39 39 6 19 14 37 43 19 40 6 3 12
split_gain=199.269 20.2468 19.8818 10.7976 7.80102 7.9527 8.80531 8.54811 42.4287 6.74847 6.54369 7.83152 6.26219 6.07839 5.13065 5.1609 4.49478 4.31809 21.7543 5.27205 27.6441 4.28308 4.14841 4.08317 4.06345 4.04682 3.23484 3.06777 3.05681 2.95603 2.61588
threshold=-0.35712666629937123 0.52008195898812482 0.22561082573212407 2.70160039506426 2024.5000000000002 18.500000000000004 1.5000000000000002 0.01241320750402425 0.99987949765743289 0.27812882130605027 1.0000000180025095e-35 3.5000000000000004 2023.5000000000002 -0.19745279362488796 2.5000000000000004 1.1740280773031968 -0.57467018851169238 0.087963434679698707 0.99987956274106693 0.090727919646245062 0.99987853278274375 0.013784346928077453 19.500000000000004 -0.58297735611061285 0.24716000441443967 0.99998464057730885 48.500000000000007 0.99952847873625494 -0.29294835827231264 0.97959940651616406 2.70160039506426
decision_type=2 2 2 2 2 2 2 2 2 2 2 2 2 2 2 2 2 2 2 2 2 2 2 2 2 2 2 2 2 2 2
left_child=2 21 10 -3 5 7 -7 9 -9 -4 17 12 24 -5 -13 -16 -6 19 -19 -1 -21 30 -18 29 -12 -25 -24 -14 -8 -15 -2
right_child=1 3 4 13 16 6 28 8 -10 -11 11 14 27 23 15 -17 22 18 -20 20 -22 -23 26 25 -26 -27 -28 -29 -30 -31 -32
leaf_value=-0.042613257573806969 0.052048062963809129 0.051748573752883859 -0.0035898519727889733 -0.055720493194405397 -0.038518023220985041 0.053357989869823687 -0.053870935478032525 0.095544038577556195 -0.0028462239896181189 -0.047567606389826343 -0.0060968061579151139 0.042904044319830005 0.010357895624552851 -0.035823232587608653 -0.041961677838007916 0.066227570155839952 0.035033574068767531 0.10289379262210624 -0.03125732897986843 0.11847746619193247 -0.03224126156373671 0.050261706572995037 -0.056371945523135431 0.060474590436177249 0.076092894861521321 -0.015691133919425584 0.026315288395314215 -0.054305471413028418 -0.020814435310671175 0.034422003875992958 -0.030751670404447474
leaf_weight=104.7031051106751 1.4842859636992205 8.8200213480740803 36.111929098144174 6.1901654563844231 27.46385900862515 3.256651669740676 11.200814748182895 12.950338237918912 71.190006198361516 11.501632060855625 2.1422493085265142 2.2813684567809132 5.1395807471126318 6.8289432451129013 20.035144791007045 1.1664701141417015 4.6711645480245334 3.449630411341789 24.378896702080965 3.2246819958090773 53.80552576854825 160.42161274701357 3.6226249784231186 4.3957281876355365 5.0462127346545458 2.8908719420433044 1.756235461682081 2.8520236201584339 18.618243912234902 1.9183895811438558 2.669429674744606
leaf_count=2917 45 332 394 122 440 30 152 140 823 131 26 37 81 123 479 19 49 39 602 32 1362 6529 53 97 49 24 20 45 225 24 27
internal_value=0.000131561 0.0419774 -0.0188802 0.00494049 -0.00746947 -0.00278588 -0.0247057 0.00271691 0.0122974 -0.0142132 -0.0289969 -0.0102501 0.0177387 -0.0136361 -0.0283429 -0.0360093 -0.0280484 -0.0328205 -0.0146279 -0.0359508 -0.0237191 0.0489638 0.00056209 0.00261126 0.0515994 0.0302567 -0.029374 -0.012719 -0.0332313 -0.0204177 -0.00116407
internal_weight=626.188 195.619 430.568 31.0441 202.343 164.83 33.0757 131.754 84.1403 47.6136 228.225 38.663 15.1801 22.2241 23.483 21.2016 37.5139 189.562 27.8285 161.733 57.0302 164.575 10.05 16.0339 7.18846 7.2866 5.37886 7.9916 29.8191 8.74733 4.15372
internal_count=15468 7323 8145 722 2457 1895 407 1488 963 525 5688 736 201 390 535 498 562 4952 641 4311 1394 6601 122 268 75 121 73 126 377 147 72
is_linear=0
shrinkage=0.05


Tree=61
num_leaves=32
num_cat=0
split_feature=12 8 26 23 11 39 6 18 12 7 8 14 8 19 39 0 12 16 16 13 16 11 9 11 1 14 16 2 5 7 40
split_gain=187.197 19.7356 19.1022 21.3101 13.287 13.1322 8.36948 7.50458 7.24089 5.55742 5.36317 8.06719 9.52261 6.01697 15.4419 4.60677 5.01099 4.1986 4.153 2.64523 2.48271 3.12483 2.29514 1.81928 1.57424 1.39833 2.15888 3.03633 1.19763 1.18844 0.721554
threshold=-0.35712666629937123 0.081334345426088889 0.99987956274106693 0.0053923660048490482 0.35538705943788873 1.0000000180025095e-35 -1.42109727068973 1.5000000000000002 2.70160039506426 0.099626267419891515 0.23952566800062194 -0.25829155750898519 0.8857054522957305 48.500000000000007 0.10462386457613111 0.092106518319931205 2.70160039506426 5.5000000000000009 1.5000000000000002 2.1352556993252194 6.5000000000000009 -1.3303204638715262 0.88908575359484898 -1.5437434332446278 0.14061416415040842 1.8102837095665658 4.5000000000000009 -0.31583024450385516 1.0000000180025095e-35 1.5941492385923934 0.85916652589922515
decision_type=2 2 2 2 2 2 2 2 2 2 2 2 2 2 2 2 2 2 2 2 2 2 2 2 2 2 2 2 2 2 2
left_child=2 22 3 4 20 8 -6 -8 -3 25 13 17 -13 18 -15 16 -7 -12 -11 -18 -1 -22 -2 -10 -17 -4 27 -27 -26 -25 -5
right_child=1 5 9 30 6 15 7 -9 23 10 11 12 -14 14 -16 24 19 -19 -20 -21 21 -23 -24 29 28 26 -28 -29 -30 -31 -32
leaf_value=-0.051271876639680927 0.051032678391007363 0.051816690788656451 -0.049986557827178792 0.056058923027778852 -0.055934856313204176 0.051846528479005054 -0.050245863583707452 0.0010698993172596155 0.018621519107671482 -0.0061113523968847156 -0.01419029004854728 0.0215572755582902 -0.032563737233031576 -0.046983274765648085 0.056318445671318162 0.11432029784739206 -0.069235946070400872 -0.038280533879981093 -0.04656069435182246 0.0088659340705000179 0.071199235457144655 -0.029584261317932362 0.002793581105780344 -0.055911610726983363 0.020043586789039097 -0.0527894255538984 -0.051678000020452634 0.039634558238277752 0.050619289643325453 -0.014663214846302548 0.10413828294893604
leaf_weight=17.85850060544908 144.62512081488967 2.4609880633652201 31.836792616173625 10.460624957457181 7.4797554723918429 2.7315767630934742 7.525430515408515 133.78555820416659 1.1244003772735585 7.1886799670755854 33.874987432733178 22.59059588983655 12.695053763687609 9.2720523700118047 5.9321727082133284 0.81030607409775512 2.4316712357103825 38.806942546740174 54.113191568292677 1.9563285205513237 0.8026783168315913 18.390495482832193 2.5085263531655064 9.1737555488944036 4.2660374268889436 1.5127215404063465 3.9792610835283995 2.1539169102907172 12.848375674337149 2.1567848064005366 0.84325988218188364
leaf_count=486 6240 90 1103 249 87 91 74 1180 11 154 734 372 296 230 105 20 31 934 1421 35 15 493 34 172 79 32 129 44 482 38 7
internal_value=0.00013112 0.0417472 -0.0183587 -0.00700847 -0.0110627 0.0105865 -0.00439116 -0.00166289 -0.0265546 -0.0283502 -0.0247064 -0.0175298 0.00208564 -0.0348341 -0.00667845 0.0327071 -0.00131912 -0.0270528 -0.0418173 -0.0344153 -0.0378541 -0.0253694 0.0502102 -0.0420401 0.046222 -0.0453753 -0.0261743 0.00150379 0.0429978 -0.0480599 0.0596456
internal_weight=608.197 187.094 421.103 197.146 185.842 39.9602 148.791 141.311 14.9159 223.956 184.474 107.968 35.2856 76.5061 15.2042 25.0443 7.11958 72.6819 61.3019 4.388 37.0517 19.1932 147.134 12.4549 17.9247 39.4827 7.6459 3.66664 17.1144 11.3305 11.3039
internal_count=15468 7323 8145 2591 2335 1049 1341 1254 311 5554 4246 2336 668 1910 335 738 157 1668 1575 66 994 508 6274 221 581 1308 205 76 561 210 256
is_linear=0
shrinkage=0.05


Tree=62
num_leaves=32
num_cat=0
split_feature=12 8 11 39 35 35 9 5 12 11 15 19 19 26 6 7 2 3 6 32 15 0 5 17 9 19 11 11 7 6 1
split_gain=175.74 19.0903 18.2214 12.2744 7.49535 31.0071 12.5969 10.1534 6.78589 6.49535 5.41249 5.08904 17.8166 4.85921 4.43681 4.31957 3.6019 2.88358 2.51006 2.34684 4.17692 5.12076 2.52886 8.11976 2.30204 1.91917 1.73163 1.65345 1.32688 1.23083 0.753247
threshold=-0.35712666629937123 0.081334345426088889 0.22561082573212407 1.0000000180025095e-35 0.99964157064671022 0.05009667617106784 0.54936862342887705 1.0000000180025095e-35 2.70160039506426 -0.70169578523728093 2024.5000000000002 45.500000000000007 36.500000000000007 0.99987956274106693 -0.34295967010235789 1.0000000180025095e-35 -0.80326585415590623 -1.0085505036924565 -1.6287928185844531 1.0000000180025095e-35 2023.5000000000002 0.10260377838221461 1.0000000180025095e-35 1.5000000000000002 0.88908575359484898 48.500000000000007 0.1535784208883989 -1.072781500816246 1.5941492385923934 0.81592360794294339 0.66874082744186725
decision_type=2 2 2 2 2 2 2 2 2 2 2 2 2 2 2 2 2 2 2 2 2 2 2 2 2 2 2 2 2 2 2
left_child=2 24 9 8 5 6 25 -8 -3 10 11 12 -1 -13 -7 -5 -17 -18 -12 22 21 -21 26 -24 -2 -4 -11 -10 -29 -20 -6
right_child=1 3 4 15 30 14 7 -9 27 19 18 13 -14 -15 -16 16 17 -19 29 20 -22 -23 23 -25 -26 -27 -28 28 -30 -31 -32
leaf_value=-0.021519157841974435 0.050951777993029836 0.051727601139015728 -0.043850549069667497 -0.056455916793363994 -0.046406623332734112 0.1749265804150707 -0.007939629069914458 0.025520572030369993 0.0032285915765651826 -0.042723382985429596 0.026707380869203292 0.072302860810864594 0.041335864650461442 -0.045324388085553051 0.079987697368277558 -0.03205177084461721 -0.010241599107229426 0.049249396545042123 -0.052010661230839472 -0.042976920472225753 -0.04325837584980749 0.062507039953381513 0.1074663794582081 -0.02908571395580381 0.0026503897225609273 -0.011044060112380108 -0.018502683473650243 -0.058135970150743649 -0.013975976195384626 -0.016508713175414448 -0.022150778678679484
leaf_weight=42.74555005505681 137.78461206331849 2.3448943030089131 23.524119792506102 1.3018536046147371 11.554057337343691 1.9872039705514906 119.69359116442502 27.970208832994103 1.783499527722596 87.259918147698045 1.2621882706880594 0.93764366023242196 15.31300927326083 13.80026139318943 3.232247093692421 1.7369027640670562 2.282730255275971 18.914234427735206 15.022330142557623 1.8892986476421336 5.2173602264374495 2.9423787100240588 1.1653139665722871 16.546713015064597 2.5117656402289859 5.5002565700560799 8.0611162763088924 8.1477675475180131 2.1498801279813042 2.9151291176676741 4.427084792405366
leaf_count=896 6240 90 558 19 185 12 1243 265 21 2781 28 18 253 315 33 30 58 631 420 48 151 56 13 405 34 105 226 162 38 78 56
internal_value=0.000128272 0.0415143 -0.0178063 0.0104055 -0.00685684 -0.00397258 -0.00752058 -0.00160166 -0.0261105 -0.0278806 -0.0178301 -0.0116017 -0.00494108 -0.0378408 0.116134 0.0321413 0.0371706 0.0428427 -0.0414454 -0.0353927 -0.0122371 0.0212603 -0.0374513 -0.0201016 0.050087 -0.0376336 -0.0406751 -0.0412185 -0.0489165 -0.046241 -0.0396873
internal_weight=591.925 178.958 412.967 38.6618 197.889 181.908 176.688 147.664 14.426 215.078 91.9961 72.7965 58.0586 14.7379 5.21945 24.2357 22.9339 21.197 19.1996 123.082 10.049 4.83168 113.033 17.712 140.296 29.0244 95.321 12.0811 10.2976 17.9375 15.9811
internal_count=15468 7323 8145 1049 2457 2216 2171 1508 311 5688 2008 1482 1149 333 45 738 719 689 526 3680 255 104 3425 418 6274 663 3007 221 200 498 241
is_linear=0
shrinkage=0.05


Tree=63
num_leaves=32
num_cat=0
split_feature=12 5 11 11 15 18 3 3 16 17 11 15 16 39 18 12 14 41 18 6 0 2 3 2 19 14 14 19 30 1 19
split_gain=164.834 18.6867 17.2361 10.253 7.14672 7.51184 8.00984 13.7845 7.98259 7.12856 6.27317 5.21171 5.04695 6.10558 5.61848 4.93893 4.20251 3.98948 6.13876 3.2781 3.04911 2.984 2.69462 2.69301 2.48069 2.33491 8.46213 3.01051 8.22547 2.80688 2.79753
threshold=-0.35712666629937123 1.0000000180025095e-35 0.22561082573212407 1.1076223737683561 2024.5000000000002 18.500000000000004 -0.77833290448139492 0.85799681285952067 1.5000000000000002 2.5000000000000004 -0.70169578523728093 2024.5000000000002 5.5000000000000009 0.23713571757029131 11.500000000000002 2.70160039506426 -0.57467018851169238 0.9998864808908724 11.500000000000002 -1.7523701206031483 0.012929429760978101 -1.660478002979014 -0.94871338224140978 0.11289719104642346 3.5000000000000004 -0.3703164227537406 0.96800862320774628 54.500000000000007 0.6295135108121882 1.3767933440601998 26.500000000000004
decision_type=2 2 2 2 2 2 2 2 2 2 2 2 2 2 2 2 2 2 2 2 2 2 2 2 2 2 2 2 2 2 2
left_child=2 3 10 15 5 6 9 -8 -7 -4 11 12 14 -14 -1 -2 24 18 -18 -13 -10 -3 -17 -24 -6 27 -27 29 -29 -12 -28
right_child=1 21 4 -5 16 8 7 -9 20 -11 25 19 13 -15 -16 22 17 -19 -20 -21 -22 -23 23 -25 -26 26 30 28 -30 -31 -32
leaf_value=-0.023361972248266579 0.051551030723688329 -0.06910800191753029 0.050688597362990466 0.049325170305018512 0.01490139946392003 0.050353506498886806 0.03476733802864055 -0.0057060836453440116 -0.01725274979021741 -0.020584688743876988 -0.044212721659224907 0.046895665226237102 -0.039625976841436955 0.0007458420424218703 0.019263634775041231 -0.055154151852769576 -0.054464908662770234 -0.029668936409832508 0.071254076610452771 -0.046000279195171079 -0.05001374263968688 0.049466295103682251 -0.033983146490507272 0.009480786564605128 -0.041911831053221819 0.083487968533601326 -0.013746201436439504 -0.040170379132993442 0.06652598804649569 0.0047499195075020179 -0.043850369985571264
leaf_weight=12.395501166582106 2.6045892387628617 0.53260999172925849 3.8515429422259322 9.522652938961981 2.08970336057246 3.2572765201330212 37.71625357773155 47.572147371247411 15.509150912985207 39.358196752145886 74.183562684804201 1.004225935786965 23.257540674880147 15.678116299211977 20.542167576029897 4.6052159406244817 1.3735581077635268 5.0426929779350758 3.3131202757358551 17.478278279304504 13.102479271590708 139.75203883647919 6.7912458125501818 7.4992321114987135 23.854274831712246 1.7538917120546091 14.831009892746808 6.8992832358926517 2.4470182359218597 3.047311143949627 16.089163482189178
leaf_count=250 105 3 46 435 26 30 443 479 197 520 2415 21 609 305 318 107 30 39 53 505 180 6443 109 121 414 28 406 207 46 96 482
internal_value=0.000125071 0.0412503 -0.0172424 0.00613384 -0.00658514 -0.00208252 0.00330663 0.0121921 -0.0238121 -0.0142317 -0.0272099 -0.0172727 -0.0111832 -0.0233696 0.00322225 -0.012996 -0.0268263 0.00119754 0.0344087 -0.0409529 -0.0322554 0.0490161 -0.0218931 -0.0111745 -0.0373357 -0.0347392 -0.0233505 -0.0390373 -0.0122355 -0.0422808 -0.0294108
internal_weight=576.955 171.308 405.647 31.0229 196.04 160.367 128.498 85.2884 31.8689 43.2097 209.607 90.3558 71.8733 38.9357 32.9377 21.5003 35.6733 9.72937 4.68668 18.4825 28.6116 140.285 18.8957 14.2905 25.944 119.251 32.6741 86.5772 9.3463 77.2309 30.9202
internal_count=15468 7323 8145 877 2457 1895 1488 922 407 566 5688 2008 1482 914 568 442 562 122 83 526 377 6446 337 230 440 3680 916 2764 253 2511 888
is_linear=0
shrinkage=0.05


Tree=64
num_leaves=32
num_cat=0
split_feature=12 8 26 23 11 39 6 18 12 7 8 14 11 19 39 16 16 0 12 9 16 18 9 11 17 6 6 14 16 19 7
split_gain=154.428 18.4837 16.8914 19.2832 11.7369 11.2107 7.91161 7.06198 6.11076 5.44009 5.1435 7.38022 8.698 5.63942 13.4751 4.29238 4.17725 4.11846 4.44137 2.71766 2.64026 3.15116 2.20501 1.68481 1.6414 4.36315 2.52861 1.49641 2.21458 3.09509 1.12046
threshold=-0.35712666629937123 0.081334345426088889 0.99987956274106693 0.0053923660048490482 0.35538705943788873 1.0000000180025095e-35 -1.42109727068973 1.5000000000000002 2.70160039506426 0.099626267419891515 0.23952566800062194 -0.25829155750898519 -1.5089079632710922 48.500000000000007 0.10462386457613111 1.5000000000000002 5.5000000000000009 0.092106518319931205 2.70160039506426 0.39545842892653477 6.5000000000000009 9.5000000000000018 0.88908575359484898 -1.5437434332446278 25.500000000000004 -0.56029619568776845 -0.71097341470776743 1.8102837095665658 4.5000000000000009 34.500000000000007 1.5941492385923934
decision_type=2 2 2 2 2 2 2 2 2 2 2 2 2 2 2 2 2 2 2 2 2 2 2 2 2 2 2 2 2 2 2
left_child=2 22 3 4 20 8 -6 -8 -3 27 13 16 -13 15 -15 -11 -12 18 -7 -20 -1 -22 -2 -10 25 -19 -26 -4 29 -29 -25
right_child=1 5 9 -5 6 17 7 -9 23 10 11 12 -14 14 -16 -17 -18 24 19 -21 21 -23 -24 30 26 -27 -28 28 -30 -31 -32
leaf_value=-0.050985926884669297 0.05081691266208499 0.051565416511341916 -0.049602146324398882 0.058822475665504859 -0.055454237549118518 0.051659760606830654 -0.049417055440933826 0.0015213142706471774 0.017229528426863986 -0.0033874910101390574 -0.01219010269767907 -0.040294170582736349 0.01792774790247299 -0.046252778220188931 0.051691022228994368 -0.045749601790407844 -0.036972622148395563 -0.050204402365634448 0.030251548281801984 -0.05877808759974943 0.00015634784061355168 -0.042130199423363379 0.0032331760389127961 -0.055121496289071648 0.14772268733998836 0.046535936616574604 0.047505989493745439 0.043638102396708317 -0.051505427994252784 -0.052348824115382664 -0.014299899001429167
leaf_weight=16.145320046693087 125.25313183292747 2.1317272931337348 28.21078740991652 10.835660455748437 7.032765243202447 2.4264703132212189 7.1734136119484893 132.19574046134949 1.1369748637080181 6.814447132870554 32.297454431653023 8.5740356650203449 25.473094025626779 8.4412780907005054 6.0133472271263591 48.818577383644879 35.907862603664398 1.2917636334896112 1.2004902921617029 2.997251907363534 8.0239566490054148 9.7697718106210214 2.4828965589404097 8.3157438151538354 0.90844611823558841 11.927325360476969 2.0492546651512376 2.0620042048394676 3.5716627445071936 1.4169127736240623 2.1068271677941075
leaf_count=486 6240 90 1103 256 87 91 74 1180 11 154 734 213 455 230 105 1421 934 20 19 47 219 289 34 172 13 473 75 40 129 36 38
internal_value=0.000120827 0.0409263 -0.016684 -0.00596059 -0.00985304 0.00954315 -0.00371152 -0.00110051 -0.0262204 -0.0265591 -0.022898 -0.0157466 0.00326581 -0.0333313 -0.00550665 -0.0405607 -0.0252373 0.031018 -0.00218972 -0.033317 -0.0363455 -0.0230614 0.049892 -0.0405651 0.0446162 0.0370825 0.0782872 -0.0444528 -0.0238494 0.00454401 -0.0468698
internal_weight=563.006 164.228 398.778 191.177 180.341 36.4923 146.402 139.369 13.6913 207.601 172.34 102.252 34.0471 70.0876 14.4546 55.633 68.2053 22.801 6.62421 4.19774 33.939 17.7937 127.736 11.5595 16.1768 13.2191 2.9577 35.2614 7.05058 3.47892 10.4226
internal_count=15468 7323 8145 2591 2335 1049 1341 1254 311 5554 4246 2336 668 1910 335 1575 1668 738 157 66 994 508 6274 221 581 493 88 1308 205 76 210
is_linear=0
shrinkage=0.05


Tree=65
num_leaves=32
num_cat=0
split_feature=12 8 41 41 39 17 32 0 7 6 8 12 35 35 5 0 12 19 9 14 9 11 11 17 6 6 32 0 5 11 41
split_gain=144.994 17.8348 16.0242 40.454 10.4925 8.92347 7.20129 10.605 6.65675 6.57973 6.57271 5.7245 5.61056 23.1604 6.46676 3.84478 4.18901 2.88305 2.56397 2.563 2.21457 1.60101 1.58211 1.53613 4.08205 2.21439 1.35277 3.55637 1.10425 0.852141 0.693805
threshold=-0.35712666629937123 0.081334345426088889 1.0000000180025095e-35 0.9998864808908724 1.0000000180025095e-35 18.500000000000004 0.072717230802290769 -0.35980114949569858 0.099626267419891515 -0.76535192804439212 0.030154160883943393 2.70160039506426 0.99964157064671022 0.1080245006917377 1.0000000180025095e-35 0.092106518319931205 2.70160039506426 52.500000000000007 0.39545842892653477 0.026539177046196908 0.88908575359484898 -1.5437434332446278 1.0517695499626318 25.500000000000004 -0.56029619568776845 -0.52244354639188673 0.99930865958219239 0.4970842780126376 1.0000000180025095e-35 0.35538705943788873 0.17223883825089123
decision_type=2 2 2 2 2 2 2 2 2 2 2 2 2 2 2 2 2 2 2 2 2 2 2 2 2 2 2 2 2 2 2
left_child=2 20 8 28 11 9 19 -8 26 17 -11 -3 13 14 -10 16 -6 -5 -18 -7 29 -13 -23 24 -17 -25 -1 -28 -4 -2 -30
right_child=1 4 3 5 15 6 7 -9 12 10 -12 21 -14 -15 -16 23 18 -19 -20 -21 -22 22 -24 25 -26 -27 27 -29 30 -31 -32
leaf_value=-0.048080538909629197 -0.013217217803447666 0.051488745448946743 0.051831182785293778 -0.041734999089405686 0.051577254453476856 -0.043756293332835615 0.090410957068778386 -0.033041337688436478 -0.024673129358508791 0.011835919001405178 -0.026010259798241554 0.01620927962192804 -0.045282345776834737 0.14179205987212457 -0.00077553704868989291 -0.049387289418475672 0.028980731436675268 0.0095886792814576134 -0.058268560848211907 -0.014435371875467866 0.0030667587044692136 -0.051609365602850323 0.025351856344038644 0.14145226557701104 0.045790408264045221 0.046963234954601668 -0.052272306790807244 0.081755154378449102 0.10778499697415256 0.051020408958251752 0.074090638018679184
leaf_weight=30.201626876369119 0.51851795054972072 2.0307050514966241 5.2638247897848496 13.126350678503515 2.3117290101945427 32.950081223621964 2.9202195648103952 4.30294170603156 148.02007313352078 55.392163306474686 14.468564074486492 1.147823717445134 21.23524927534163 2.236110307276248 35.002840328030288 1.2485827151685942 1.1907314751297233 3.4568533282726994 2.8753777220845222 9.6316183600574714 2.4866515174508086 9.3546248693019116 0.71911046653986055 0.90959831327199969 11.525724019855259 1.9479159712791432 1.4893143698573106 0.74130770005285729 1.8280574604868896 118.79914708994329 9.3012178875505906
leaf_count=1201 9 90 173 162 91 490 28 52 3845 415 395 11 595 14 480 20 19 35 47 102 34 190 20 14 473 74 41 17 13 6231 87
internal_value=0.000117582 0.0407026 -0.0161619 -0.00350729 0.00938842 -0.0124358 -0.0292936 0.0168686 -0.0242465 -0.0027231 0.00399775 -0.025761 -0.020939 -0.0181487 -0.0201028 0.0305523 -0.00216425 -0.0310363 -0.0327182 -0.0371242 0.049768 -0.0397405 -0.0461155 0.0439008 0.0364876 0.0770408 -0.0453054 -0.00773066 0.0707005 0.0507413 0.0796252
internal_weight=548.635 157.066 391.568 152.642 35.2619 136.249 49.8049 7.22316 238.927 86.4439 69.8607 13.2523 206.494 185.259 183.023 22.0097 6.37784 16.5832 4.06611 42.5817 121.804 11.2216 10.0737 15.6318 12.7743 2.85751 32.4322 2.23062 16.3931 119.318 11.1293
internal_count=15468 7323 8145 1952 1049 1679 672 80 6193 1007 810 311 4934 4339 4325 738 157 197 66 592 6274 221 210 581 493 88 1259 58 273 6240 100
is_linear=0
shrinkage=0.05


Tree=66
num_leaves=32
num_cat=0
split_feature=12 8 26 23 11 39 6 30 12 7 8 14 11 19 39 37 16 2 12 16 19 9 13 14 16 17 11 11 17 6 6
split_gain=136.183 17.2097 15.0678 17.6509 10.702 9.82039 7.32492 6.67658 5.37245 5.27749 5.10893 6.7077 7.97254 5.28078 11.8819 4.3815 4.34242 3.59239 3.75975 2.69609 3.15474 2.22437 1.97042 1.54943 2.20718 3.11099 1.54335 1.58314 1.39448 4.15403 2.15884
threshold=-0.35712666629937123 0.081334345426088889 0.99987956274106693 0.0053923660048490482 0.35538705943788873 1.0000000180025095e-35 -1.42109727068973 0.036977046081088767 2.70160039506426 0.099626267419891515 0.23952566800062194 -0.25829155750898519 -1.5089079632710922 48.500000000000007 0.10462386457613111 0.051314726542248397 1.5000000000000002 -0.10621748387129402 2.70160039506426 6.5000000000000009 48.500000000000007 0.88908575359484898 2.1352556993252194 1.8102837095665658 4.5000000000000009 19.500000000000004 -1.072781500816246 1.0517695499626318 25.500000000000004 -0.56029619568776845 -0.8589551096070519
decision_type=2 2 2 2 2 2 2 2 2 2 2 2 2 2 2 2 2 2 2 2 2 2 2 2 2 2 2 2 2 2 2
left_child=2 21 3 4 19 8 -6 -8 -3 23 13 15 -13 16 -15 -12 -11 18 -7 -1 -21 -2 -20 -4 25 -25 -10 -28 29 -19 -30
right_child=1 5 9 -5 6 17 7 -9 26 10 11 12 -14 14 -16 -17 -18 28 22 20 -22 -23 -24 24 -26 -27 27 -29 30 -31 -32
leaf_value=-0.050709466832527375 0.050679863176795639 0.051415854124383611 -0.049305414056868134 0.058785786337007588 -0.054952387428715735 0.051519989505235786 -0.0054778456476691868 0.025556962685490649 0.0037790057860358599 -0.0019832820669389013 -0.039311159903480566 -0.03942196665058316 0.017580784512452183 -0.045705320083963052 0.046999337552210224 -0.012969073706712559 -0.045189855886040332 -0.046463737332396025 -0.068125018063570422 -0.032751386509416211 0.020146035793570199 0.0029091354620170533 0.0099556139101083657 -0.052190056573206446 -0.051396399959477937 0.045464951305225404 -0.053375950919038406 0.024453158353652603 0.13892377209496767 0.044621350815832739 0.044512294294752786
leaf_weight=15.051086826249955 113.633290624246 1.934335796162485 25.735301377251744 10.105854962021111 6.5682526268064967 1.8422338422387863 117.72448472678661 20.321332335472107 1.7641200534999359 6.663165181875228 26.776495369151235 8.0957494154572469 25.314129745587707 7.9041339214891178 6.1423490941524506 38.457935530692339 45.701237315312028 1.4003350306302333 2.044341361150146 13.434007851406934 3.5669999662786713 2.4902201779186717 1.3360601626336572 1.3673868719488376 3.3002086002379656 2.0208295881748199 8.3951888987794483 0.70853739976883012 0.87466222513467107 11.796456256881354 1.9675611136481155
leaf_count=486 6240 90 1103 256 87 74 1070 184 21 154 663 213 455 230 105 1005 1421 23 28 415 93 34 23 37 129 39 180 20 13 499 78
internal_value=0.000117151 0.0404885 -0.0156623 -0.00548123 -0.0091575 0.00923825 -0.00336389 -0.0009093 -0.0253592 -0.0252913 -0.0216686 -0.0144508 0.0037681 -0.0323896 -0.00516675 -0.0237816 -0.039692 0.0300703 -0.00594673 -0.0352974 -0.0216529 0.0496554 -0.0372647 -0.0437333 -0.0222931 0.00605419 -0.0390242 -0.0473186 0.0417981 0.0349561 0.0735664
internal_weight=534.438 150.187 384.251 186.772 176.666 34.0638 144.614 138.046 12.8022 197.479 165.055 98.6443 33.4099 66.4109 14.0465 65.2344 52.3644 21.2616 5.22264 32.0521 17.001 116.124 3.3804 32.4237 6.68843 3.38822 10.8678 9.10373 16.039 13.1968 2.84222
internal_count=15468 7323 8145 2591 2335 1049 1341 1254 311 5554 4246 2336 668 1910 335 1668 1575 738 125 994 508 6274 51 1308 205 76 221 200 613 522 91
is_linear=0
shrinkage=0.05


Tree=67
num_leaves=32
num_cat=0
split_feature=11 5 40 40 3 3 35 29 6 14 27 34 9 30 30 19 9 11 8 9 1 8 27 11 13 9 1 9 12 9 12
split_gain=128.064 25.7283 14.9531 17.2117 12.5174 22.4273 14.1163 11.8982 10.4628 9.10387 7.46238 7.32547 4.84262 4.56306 26.5717 4.04328 4.28626 3.37886 3.23361 3.20873 1.79302 1.53528 1.14621 0.879854 0.30746 0.288305 0.177807 0.00137483 0.00238784 0.000124273 0.000166919
threshold=1.1076223737683561 1.0000000180025095e-35 0.99952847873625494 1.0000000180025095e-35 -0.77833290448139492 -0.20314553283626072 0.05009667617106784 1.0000000180025095e-35 1.6605445843850657 -0.58476531908332718 0.014028311509988069 0.037172349008729073 0.70109666113400648 0.027319121522444815 0.93224950903684223 54.500000000000007 0.78420523138833009 0.036682609092983813 0.41926171198993073 0.88908575359484898 1.4334185735115719 0.82248591932632575 0.27711560187461276 1.1039930668294569 -0.46284933451755617 0.32189825219274115 -1.0681033678802094 0.74396378269617713 2.8054267899273344 0.52008195898812482 2.7978151630681056
decision_type=2 2 2 2 2 2 2 2 2 2 2 2 2 2 2 2 2 2 2 2 2 2 2 2 2 2 2 2 2 2 2
left_child=1 4 3 9 11 19 7 -7 15 10 -3 13 25 20 -15 22 -17 -11 24 26 -1 23 -4 -5 -2 -10 -6 29 -29 -26 -31
right_child=18 2 8 21 5 6 -8 -9 12 17 -12 -13 -14 14 -16 16 -18 -19 -20 -21 -22 -23 -24 -25 27 -27 -28 28 -30 30 -32
leaf_value=-0.039071782493417966 0.0014372643320659656 -0.023376428563839768 -0.040869633875453636 0.056227123524581805 0.084759809187283597 -0.016783033093140241 0.1062226607832413 0.07521812155305227 0.05088765836478331 0.0046657754025843544 0.044813770306886082 0.11808968929864455 0.20856065063338591 0.14006421136558 -0.028455166315724579 0.088290273279594933 -0.029943177286326835 0.050548937812160279 -0.047724699953617888 0.14630808566442913 -0.006173049296238812 0.13587651167273759 -0.0010849551246591691 0.081364809044608868 0.050891548448641993 0.0011914636752767046 0.05737100047622249 0.051144565207897043 0.055333451204683498 0.050919482205626844 0.051634312590936177
leaf_weight=88.780100842937827 0.31481810472905536 21.255492152646188 19.283930847421299 12.292218824848538 0.76113658957183394 188.54632587730885 2.4291898235678664 3.5810071527957907 1.4224174451082938 5.9671777728945044 4.9456358775496474 0.82105429656803508 0.56532713770866383 2.5190438870340577 32.755934533663094 1.4114644620567554 1.67765143699944 12.248189697042106 0.8400756623595943 1.7693847846239803 4.3442513328045598 0.7620188295841207 1.9979615733027447 4.8561588879674664 97.030284911394119 0.36717466451227654 2.6757734548300496 1.1779716387391079 0.47836894914507855 2.0995957087725396 1.336496436037123
leaf_count=2384 8 470 359 438 9 3985 18 32 83 120 97 9 9 22 819 22 18 381 22 18 97 11 43 29 5644 16 60 62 7 120 56
internal_value=0.000113922 -0.0122038 0.0116376 0.0250541 -0.0186575 -0.0108133 -0.0135538 -0.0150682 -0.0196508 0.00836918 -0.0105051 -0.0307839 0.0809904 -0.0317358 -0.0164209 -0.0293755 0.0240795 0.0355181 0.0499723 0.0916008 -0.0375371 0.0664316 -0.0371346 0.0633457 0.0507735 0.0406914 0.0634365 0.0509256 0.0523544 0.050902 0.0511975
internal_weight=521.314 418.036 89.0528 62.3269 328.983 199.763 194.557 192.127 26.7259 44.4165 26.2011 129.22 2.35492 128.399 35.275 24.371 3.08912 18.2154 103.278 5.20629 93.1244 17.9104 21.2819 17.1484 102.438 1.78959 3.43691 102.123 1.65634 100.466 3.43609
internal_count=15468 9549 2096 1546 7453 4122 4035 4017 550 1068 567 3331 108 3322 841 442 40 501 5919 87 2481 478 402 467 5897 99 69 5889 69 5820 176
is_linear=0
shrinkage=0.05


Tree=68
num_leaves=32
num_cat=0
split_feature=11 5 40 41 3 3 35 43 30 6 16 34 13 1 30 30 19 9 11 8 9 9 0 8 37 8 13 2 9 9 12
split_gain=120.953 23.6842 13.788 16.647 11.938 20.7654 12.9041 11.7005 11.431 9.45306 7.47949 6.6824 6.56119 4.42333 4.34932 24.224 3.7571 3.74572 3.37902 3.07265 2.71346 2.22109 1.76849 1.53988 1.20172 1.10263 0.615262 0.181474 0.00309659 0.000491387 0.000986772
threshold=1.1076223737683561 1.0000000180025095e-35 0.99952847873625494 0.9998864808908724 -0.77833290448139492 -0.20314553283626072 0.05009667617106784 0.99998464057730885 0.0094401897994376167 1.6605445843850657 2.5000000000000004 0.037172349008729073 -0.46916208202087289 1.082107773948535 0.027319121522444815 0.99952847873625494 54.500000000000007 0.78420523138833009 0.036682609092983813 0.41926171198993073 0.88908575359484898 0.93360357790098447 -2.3905020464827333 0.8857054522957305 0.99987949765743289 0.13274284853762827 -0.47132634600621498 -1.1262682460444282 0.86723956240369104 0.74396378269617713 2.8052707764943734
decision_type=2 2 2 2 2 2 2 2 2 2 2 2 2 2 2 2 2 2 2 2 2 2 2 2 2 2 2 2 2 2 2
left_child=1 4 3 7 11 20 8 23 -7 16 -11 14 -9 18 22 -16 24 -18 -5 26 27 -15 -1 -3 -4 -12 -2 -6 29 -28 -31
right_child=19 2 9 13 5 6 -8 12 -10 10 25 -13 -14 21 15 -17 17 -19 -20 -21 -22 -23 -24 -25 -26 -27 28 -29 -30 30 -32
leaf_value=0.017908148020979706 -0.042508537668860036 0.061035948057610701 -0.022609345192330769 -0.042568690484540352 0.086183967584364862 -0.015927769969951513 0.10218151532908722 -0.012234078299031888 0.090543192305961639 0.25239955214288134 0.050848982565780021 0.1118220464282485 0.061979051313137981 0.059505506648238907 0.12618123027092826 -0.028316060870405647 0.080991203800547293 -0.029059576050067489 0.0022995256315710383 -0.046986272213974653 0.13968897060447236 -0.052487055134674422 -0.037735332207935235 0.13530445272590305 -0.046882878340070981 -0.043117290200774309 0.050857266506145485 0.0569395302152155 0.055156179787082593 0.050895261064682534 0.053860122493778056
leaf_weight=1.4512968510389317 0.17665108107030292 25.063124421052638 9.0645719710737538 9.5917212236672693 0.66412689536809955 187.24384774640203 2.399731343612074 11.070045048370956 2.5553503828123203 0.47934827953576986 1.5097317714244125 0.82363972067832847 4.0744158281013361 2.6821917761117215 2.7575520183891049 31.74106577038765 1.4604132436215871 1.6431211140006778 7.4595580687746397 0.81134874373674293 1.7607922200113533 0.53023778274655331 88.767163899727166 0.71793373301625152 11.654823657125235 0.39358312264084805 95.648532810620964 2.636086279526352 0.42329992540180583 0.88239083625376113 0.41152072511613369
leaf_count=40 6 731 177 224 7 3978 18 134 39 4 92 9 130 116 28 813 22 18 190 22 18 13 2441 8 225 12 5820 62 9 52 10
internal_value=0.000115789 -0.0118244 0.0112658 0.0242626 -0.0180759 -0.0104051 -0.0130375 0.0426137 -0.0144943 -0.0190814 0.0758753 -0.0301289 0.00773198 -0.0128002 -0.0310663 -0.0159667 -0.0285785 0.0227264 -0.0229398 0.0499138 0.0895668 0.0410202 -0.0368402 0.0631041 -0.0362634 0.0314179 0.0507198 0.0628246 0.050889 0.0508704 0.0518382
internal_weight=508.549 410.195 87.3948 61.1892 322.801 197.26 192.199 40.9255 189.799 26.2056 2.38266 125.541 15.1445 20.2637 124.717 34.4986 23.8229 3.10353 17.0513 98.3537 5.06101 3.21243 90.2185 25.7811 20.7194 1.90331 97.5424 3.30021 97.3657 96.9424 1.29391
internal_count=15468 9549 2096 1546 7453 4122 4035 1003 4017 550 108 3331 264 543 3322 841 442 40 414 5919 87 129 2481 739 402 104 5897 69 5891 5882 62
is_linear=0
shrinkage=0.05


Tree=69
num_leaves=32
num_cat=0
split_feature=11 5 40 40 3 3 35 29 6 14 27 34 16 30 30 19 9 11 8 9 1 8 37 8 13 11 2 9 9 12 9
split_gain=114.283 21.7902 12.8083 15.7258 11.3878 19.2178 11.8187 11.0253 8.60293 8.12808 6.69906 6.11114 5.10842 4.12825 22.2376 3.49596 3.28189 3.01259 2.92053 2.28562 1.80124 1.22353 1.19632 1.04544 0.64866 0.62019 0.151927 0.00256105 0.00042402 0.000849393 9.24724e-05
threshold=1.1076223737683561 1.0000000180025095e-35 0.99952847873625494 1.0000000180025095e-35 -0.77833290448139492 -0.20314553283626072 0.05009667617106784 1.0000000180025095e-35 1.6605445843850657 -0.58476531908332718 0.014028311509988069 0.037172349008729073 2.5000000000000004 0.027319121522444815 0.99952847873625494 54.500000000000007 0.78420523138833009 0.036682609092983813 0.41926171198993073 0.88908575359484898 1.4334185735115719 0.82248591932632575 0.99987949765743289 0.13274284853762827 -0.47674309052348829 1.1039930668294569 -1.1262682460444282 0.86723956240369104 0.74396378269617713 2.8052707764943734 0.52008195898812482
decision_type=2 2 2 2 2 2 2 2 2 2 2 2 2 2 2 2 2 2 2 2 2 2 2 2 2 2 2 2 2 2 2
left_child=1 4 3 9 11 19 7 -7 15 10 -3 13 -10 20 -15 22 -17 -11 24 26 -1 25 -4 -14 -2 -5 -6 28 30 -30 -26
right_child=18 2 8 21 5 6 -8 -9 12 17 -12 -13 23 14 -16 16 -18 -19 -20 -21 -22 -23 -24 -25 27 -27 -28 -29 29 -31 -32
leaf_value=-0.037746234077785122 -0.051712959834320171 -0.02270148959368043 -0.021792250564935032 0.055783659781938305 0.083769828250958703 -0.015601003308781834 0.098557600201563053 0.074009135420736574 0.20384101481701214 0.0045254546478873938 0.042184516734207748 0.10628826639119622 0.050806891445840136 0.12148543263143699 -0.027576950423092935 0.074465106995353136 -0.028189658600513742 0.04866585293560536 -0.046221825604903344 0.13336664691384134 -0.0041606695009046004 0.12822171419586609 -0.046311679087496012 -0.042353461514914259 0.050805300400414366 0.07750014286696455 0.05664927199448138 0.054735115196913237 0.050850869893390487 0.053667514006906447 0.051082431429180654
leaf_weight=83.258413259871304 0.15443332307040591 20.639804499223832 8.9375273659825396 11.158401469700037 0.64947572536766562 184.15362903941423 2.3644553385674945 3.4977262262254945 0.56134147197008077 5.7770925210788873 4.9275677660480133 0.82319402974098821 1.4372609965503214 2.7218423848971716 30.981752899475396 1.5077074337750667 1.6099910512566564 11.682248932309447 0.78422316908836265 1.752268931828439 4.1932026837021104 0.73390440829098302 11.219711199402809 0.38097060844302166 87.941053565591574 4.6609164420515308 2.5200466513633719 0.42116986494511266 0.84007037244737037 0.39282001368701458 3.1167892338708034
leaf_count=2384 5 470 177 438 7 3985 18 32 4 120 97 9 92 28 813 22 18 381 22 18 97 11 225 12 5644 29 62 10 52 10 176
internal_value=0.000118413 -0.0114658 0.0109767 0.0236953 -0.0175017 -0.0100043 -0.012531 -0.0139307 -0.018561 0.00776223 -0.0101961 -0.0294836 0.0719926 -0.0304061 -0.0155389 -0.027819 0.0214538 0.0340603 0.0498631 0.0875412 -0.0361358 0.06511 -0.03544 0.0312872 0.0506745 0.0621821 0.0622066 0.050845 0.0508273 0.0517483 0.0508148
internal_weight=495.801 402.15 85.2344 59.5799 316.916 194.938 190.016 187.651 25.6545 43.0267 25.5674 121.978 2.37957 121.155 33.7036 23.2749 3.1177 17.4593 93.6506 4.92179 87.4516 16.5532 20.1572 1.81823 92.8663 15.8193 3.16952 92.7119 92.2907 1.23289 91.0578
internal_count=15468 9549 2096 1546 7453 4122 4035 4017 550 1068 567 3331 108 3322 841 442 40 501 5919 87 2481 478 402 104 5897 467 69 5892 5882 62 5820
is_linear=0
shrinkage=0.05


Tree=70
num_leaves=32
num_cat=0
split_feature=11 5 40 41 43 11 18 27 37 6 28 28 19 13 39 39 39 32 2 11 16 11 19 9 8 9 9 37 8 11 0
split_gain=107.972 20.0423 11.8039 15.0928 10.9588 10.9066 9.63927 10.8188 8.05588 7.85661 6.48492 18.0123 6.15827 5.93875 5.87977 17.8228 5.60216 4.3644 4.08285 3.92507 3.67882 3.25618 3.25281 3.35876 2.77653 2.18785 1.33987 1.18911 0.99122 0.922402 0.861396
threshold=1.1076223737683561 1.0000000180025095e-35 0.99952847873625494 0.9998864808908724 0.99998464057730885 0.1535784208883989 18.500000000000004 0.99979485528041268 0.01241320750402425 1.6605445843850657 0.087963434679698707 0.99987956274106693 48.500000000000007 -0.46916208202087289 1.0000000180025095e-35 0.99987853278274375 0.014479199466789773 0.0028638883325029512 1.2043602527016779 -0.83089525875594583 2.5000000000000004 0.036682609092983813 54.500000000000007 0.77885645649468882 0.41926171198993073 0.89431794996736735 0.92102745059821955 0.99987949765743289 0.13274284853762827 -1.3303204638715262 0.83256076736774498
decision_type=2 2 2 2 2 2 2 2 2 2 2 2 2 2 2 2 2 2 2 2 2 2 2 2 2 2 2 2 2 2 2
left_child=1 5 3 4 26 10 7 8 -7 22 14 29 -8 -6 17 -16 -14 -1 21 -13 -11 -5 27 -24 -2 -20 -3 -4 -22 -12 -9
right_child=24 2 9 18 13 6 12 30 -10 20 11 19 16 -15 15 -17 -18 -19 25 -21 28 -23 23 -25 -26 -27 -28 -29 -30 -31 -32
leaf_value=-0.043451349601848828 0.050632753422527522 0.060040454843771775 -0.020993199932176083 -0.042039128433066959 -0.011727161268863778 -0.015123232619509605 -0.050123870444351508 -0.054580058236804167 0.011420081715146356 0.17227287271626646 0.13022830425269935 0.014622424610305411 -0.032328023038144076 0.059620590075749352 0.099050352814852902 -0.025315742768534821 0.051657859178175183 -0.0046645705175106652 0.064677041975570046 -0.036130220855168947 0.050766921215809446 0.0021941946866394419 0.075122253470023978 -0.028617724777530315 -0.04543075550369647 -0.040464304551655034 0.13370226659958329 -0.045738965541808792 -0.041560514294831631 0.078764597530715824 -0.0071013608603072475
leaf_weight=70.967274842783809 88.408119334839284 23.285530997440222 8.8169622812420201 9.2540971599519306 10.906481899321077 44.88548275269568 19.507094110362235 9.9226038176566345 78.714679092168808 0.62899301201105062 1.3410033248364928 5.2645128555595919 4.9478725325316173 3.9812363134697071 3.083328239619731 43.85663575399667 3.3164254287257791 8.0782284270971996 2.2861788533627982 13.783787140622731 1.3682142421603201 7.5589529899880281 1.4753121137619012 1.6560743656009433 0.75863994657993217 0.63143561035394657 0.6341429827734818 10.802794395014644 0.36913122981786717 2.4825086286291507 1.0570839382708062
leaf_count=2676 5897 730 177 226 134 656 379 182 1168 4 8 107 77 130 41 1365 47 203 106 479 92 194 21 19 22 17 9 225 12 44 21
internal_value=0.000120602 -0.0111013 0.0106256 0.0229284 0.0410314 -0.0169417 -0.00797884 -0.00244441 0.00178086 -0.0180469 -0.026717 -0.00222374 -0.0347986 0.00735248 -0.0311636 -0.0171466 0.00137513 -0.0394874 -0.0126775 -0.0221034 0.0686618 -0.0221523 -0.0270654 0.020258 0.0498154 0.0419222 0.0619933 -0.0346184 0.0311502 0.0968142 -0.050009
internal_weight=484.031 394.864 83.6555 58.5381 38.8074 311.209 162.351 134.58 123.6 25.1175 148.857 22.8718 27.7714 14.8877 125.985 46.94 8.2643 79.0455 19.7307 19.0483 2.36634 16.8131 22.7511 3.13139 89.1668 2.91761 23.9197 19.6198 1.73735 3.82351 10.9797
internal_count=15468 9549 2096 1546 1003 7453 2530 2027 1824 550 4923 638 503 264 4285 1406 124 2879 543 586 108 420 442 40 5919 123 739 402 104 52 203
is_linear=0
shrinkage=0.05


Tree=71
num_leaves=32
num_cat=0
split_feature=11 5 40 40 15 7 27 18 14 6 27 19 1 19 9 6 16 8 19 12 32 2 18 27 8 8 13 11 9 12 9
split_gain=102.042 18.4525 10.9507 14.361 10.5452 10.5423 10.1461 8.47461 7.24365 7.19235 6.01045 4.01968 3.37893 3.02539 2.95582 2.87835 2.74109 2.63921 2.42854 5.00509 2.08204 3.03585 1.34059 1.18954 0.939821 0.901316 0.646847 0.438365 0.00192259 0.00154983 0.00031903
threshold=1.1076223737683561 1.0000000180025095e-35 0.99952847873625494 1.0000000180025095e-35 2024.5000000000002 0.035848069099826525 0.99979485528041268 19.500000000000004 -0.58476531908332718 1.6605445843850657 0.014028311509988069 1.0000000180025095e-35 1.4781767283833471 54.500000000000007 0.77885645649468882 0.99473168238621956 2.5000000000000004 0.41926171198993073 14.500000000000002 2.7978151630681056 0.99930865958219239 0.41810502038988256 20.500000000000004 0.27711560187461276 0.13274284853762827 0.82248591932632575 -0.47674309052348829 1.1039930668294569 0.86723956240369104 -1.0000000180025095e-35 0.74396378269617713
decision_type=2 2 2 2 2 2 2 2 2 2 2 2 2 2 2 2 2 2 2 2 2 2 2 2 2 2 2 2 2 2 2
left_child=1 4 3 8 5 20 7 -7 10 13 -3 -6 -8 23 -15 -10 -11 26 19 -13 29 -22 -20 -4 -18 27 -2 -5 30 -1 -28
right_child=17 2 9 25 11 6 12 -9 15 16 -12 18 -14 14 -16 -17 24 -19 22 -21 21 -23 -24 -25 -26 -27 28 -29 -30 -31 -32
leaf_value=-0.05112664609124884 -0.051711115008383358 -0.022016316170661156 -0.037858739389953808 0.055362375661941146 0.064898054772640462 -0.0012438034473462151 -0.048067666749960283 -0.031053038251699378 0.018539382199763497 0.14986377192739914 0.039686509603698863 -0.027604796386458165 0.043025622475365871 0.069302862590183187 -0.027766612423206445 0.063108363000293627 0.050728959019489199 -0.044612730989520767 -0.045863440554154984 0.080204703473815822 -0.052105575821748545 0.083744508459230579 -0.020097903176138677 0.0045406657773414362 -0.040738976104698545 0.11825288377052884 0.050736229180996122 0.074195530524881245 0.054286645587284979 -0.053018307782592394 0.051585768161994353
leaf_weight=17.264315832406286 0.15427761152386565 20.066340403631333 17.276607474312197 10.127757904119784 0.99591674841940303 176.02960847597569 18.423671768978242 27.578264161013067 11.484274165704848 0.68526840955018942 4.9130393769592038 15.76685470249504 1.0775349847972382 1.5180833861231797 1.6223655100911853 5.2918174574151626 1.3024350237101314 0.73454082757234473 38.662751149386168 1.155453155748545 0.94506941735744365 0.72805684432387352 5.8066807379946104 1.829419046640395 0.3580315839499234 0.72431513108313161 82.52841496001929 4.4462681189179429 0.38552583754062553 1.1552224652841712 1.1201075520366419
leaf_count=846 5 470 359 438 25 3507 488 664 231 4 97 424 21 21 19 270 92 22 1203 17 29 15 182 43 12 11 5820 29 10 32 62
internal_value=0.000117419 -0.0107679 0.0103481 0.0223702 -0.0164096 -0.0117053 -0.00858126 -0.0052814 0.00718621 -0.017543 -0.00988037 -0.034748 -0.0430343 -0.0263234 0.0191565 0.0325981 0.0657288 0.0497527 -0.0363645 -0.0202436 -0.0463944 0.00700926 -0.0424991 -0.033799 0.0310065 0.0638136 0.0505761 0.061108 0.0507638 -0.0512453 0.0507476
internal_weight=472.158 387.235 81.646 57.0538 305.589 243.202 223.109 203.608 41.7555 24.5922 24.9794 62.3877 19.5012 22.2465 3.14045 16.7761 2.34574 84.9229 61.3917 16.9223 20.0927 1.67313 44.4694 19.106 1.66047 15.2983 84.1883 14.574 84.034 18.4195 83.6485
internal_count=15468 9549 2096 1546 7453 5602 4680 4171 1068 550 567 1851 509 442 40 501 108 5919 1826 441 922 44 1385 402 104 478 5897 467 5892 878 5882
is_linear=0
shrinkage=0.05


Tree=72
num_leaves=32
num_cat=0
split_feature=11 5 11 40 41 43 18 27 0 6 28 28 19 39 39 27 13 32 1 11 11 19 9 8 17 16 37 9 1 8 11
split_gain=96.3996 16.9172 10.3508 10.0779 13.7986 10.2133 8.81585 9.89061 7.8689 6.5908 6.12443 16.491 6.05932 5.78597 16.3758 5.58927 5.30407 4.28262 3.71195 3.71171 2.95366 2.80847 2.60711 2.51015 2.25931 2.09138 1.2327 1.07509 0.94947 0.891109 0.726983
threshold=1.1076223737683561 1.0000000180025095e-35 0.1535784208883989 0.99952847873625494 0.9998864808908724 0.99998464057730885 18.500000000000004 0.99979485528041268 -1.1287688629330617 1.6605445843850657 0.087963434679698707 0.99987956274106693 48.500000000000007 1.0000000180025095e-35 0.99987853278274375 0.47488130373077597 -0.46916208202087289 0.0028638883325029512 1.082107773948535 -0.83089525875594583 0.036682609092983813 54.500000000000007 0.77885645649468882 0.41926171198993073 3.5000000000000004 2.5000000000000004 0.99987949765743289 0.92356236649337498 0.97291759139237277 0.13274284853762827 -1.3303204638715262
decision_type=2 2 2 2 2 2 2 2 2 2 2 2 2 2 2 2 2 2 2 2 2 2 2 2 2 2 2 2 2 2 2
left_child=1 2 10 4 5 27 7 8 -4 21 13 30 -8 17 -15 -14 -7 -1 20 -13 -6 26 -23 -2 -20 -11 -5 -3 -9 -27 -12
right_child=23 3 6 9 18 16 12 28 -10 25 11 19 15 14 -16 -17 -18 -19 24 -21 -22 22 -24 -25 -26 29 -28 -29 -30 -31 -32
leaf_value=-0.042813488335795236 0.050538431504911302 0.059123513105220765 -0.035461644059722061 -0.018920929909790541 -0.041495044493030077 -0.010984028303603489 -0.049361938082913955 -0.05412435687959638 0.0063351774038964571 0.13300537172317878 0.12370834168845686 0.014495553490991013 -0.016983403245620001 0.096797535895480555 -0.024029702686920961 0.09084947948950016 0.057130686403579406 -0.0041024277672607832 0.14335779163535758 -0.035217636848391153 0.001207934111375898 0.064065500717812932 -0.026928327925754603 -0.043767735386892631 0.020627481797788724 0.050692901795248768 -0.044730565760463234 0.12814251341315661 -0.0011319960715155937 -0.039889730821636153 0.077748606634107417
leaf_weight=66.635772818699479 80.140527048148215 21.630285924300555 12.540491811931131 8.5220776963979077 8.864638673141604 10.746671209111808 18.343049740418795 9.2261531986296141 110.34785693138838 0.73218625783920233 1.3430037554353478 5.2643450107425496 6.6243190336972457 3.004518747329711 42.065894557163119 1.46799358446151 3.8934877198189488 8.0026655048131925 0.44119094684719984 13.092698041349646 7.4545656945556393 1.5589777184650295 1.5900609567761419 0.71186793781816859 2.4987723473459482 1.239773493260145 10.120099496096373 0.57932788319885631 0.9305192884057768 0.34763869456946839 2.3944794936105636
leaf_count=2676 5897 731 213 177 224 134 379 186 1611 4 8 107 99 41 1365 25 130 203 16 479 190 21 19 22 113 92 225 8 17 12 44
internal_value=0.00011489 -0.0103954 -0.0158284 0.0100094 0.0216267 0.0395522 -0.00708947 -0.00184935 0.0020699 -0.0170255 -0.0256568 -0.00146987 -0.0334622 -0.0301209 -0.015975 0.00257812 0.00713079 -0.0386629 -0.0126715 -0.0209611 -0.0219884 -0.0255545 0.0181195 0.0497081 0.0390452 0.0630994 -0.032932 0.0609238 -0.0492694 0.0308556 0.0942635
internal_weight=462.356 381.504 301.284 80.2198 56.1089 36.8498 159.48 133.045 122.888 24.1108 141.803 22.0945 26.4354 119.709 45.0704 8.09231 14.6402 74.6384 19.2592 18.357 16.3192 21.7912 3.14904 80.8524 2.93996 2.3196 18.6422 22.2096 10.1567 1.58741 3.73748
internal_count=15468 9549 7453 2096 1546 1003 2530 2027 1824 550 4923 638 503 4285 1406 124 264 2879 543 586 414 442 40 5919 129 108 402 739 203 104 52
is_linear=0
shrinkage=0.05


Tree=73
num_leaves=32
num_cat=0
split_feature=11 14 14 2 39 6 11 39 39 30 19 6 9 11 28 29 2 28 1 1 8 0 2 2 9 13 0 40 34 9 9
split_gain=91.1146 16.1597 17.3075 11.9889 10.7065 9.35874 8.42063 8.62185 35.3009 6.77097 9.84419 6.81979 5.98519 5.59459 5.52725 6.26717 5.29374 5.07957 4.64802 4.45939 2.38703 2.26928 2.16164 1.20633 0.777013 0.64507 0.0740247 0.0560363 0.0187887 0.00144166 0.000241218
threshold=1.1076223737683561 -0.58476531908332718 0.96800862320774628 -0.77955652526949237 1.0000000180025095e-35 0.31807667661601413 0.1535784208883989 0.0033534469664898152 0.99987853278274375 0.046964608921767521 30.500000000000004 1.6465658533811964 0.36886402492043763 -0.77636055796144632 0.023316933011275635 0.239536812617793 2.5051217677022888 0.91518633298928154 -2.4115704781022607 1.3643048361586736 0.41926171198993073 -2.3905020464827333 0.16750735478202586 -1.051403173345361 0.93360357790098447 -0.47674309052348829 0.27003099575971273 0.032293278937408749 0.85703057536695193 0.86723956240369104 0.74396378269617713
decision_type=2 2 2 2 2 2 2 2 2 2 2 2 2 2 2 2 2 2 2 2 2 2 2 2 2 2 2 2 2 2 2
left_child=1 6 24 21 5 -5 13 9 22 11 -11 -8 -6 14 15 -1 18 -16 -15 -10 25 -4 -9 -23 26 -2 27 -3 -28 30 -27
right_child=20 2 3 4 12 -7 7 8 19 10 -12 -13 -14 16 17 -17 -18 -19 -20 -21 -22 23 -24 -25 -26 29 28 -29 -30 -31 -32
leaf_value=-0.036062210359225619 -0.05170911510287618 0.06297624831576458 0.023911504844816741 -0.026545001722702657 0.061232880430330219 0.015607872034031892 -0.028071776577053661 0.1157213504193797 -0.016451386072625054 0.045256464492503486 -0.037896332687642725 0.073211096057220509 0.014788523516491911 0.05038576038382301 0.099618563116900455 0.029078851210158713 0.11093241186657601 0.0051830654684867188 -0.036450749312272976 0.046054658333694355 -0.042896072982812145 -0.054565339998634735 0.069442510647363273 -0.02704753496605343 0.11387487725468382 0.050665356595953392 0.051888674436337448 0.051572585294500567 0.06138010623591178 0.053880523789102956 0.051440516389705537
leaf_weight=16.803844598121948 0.15410873852670093 4.8761648479849065 1.3397586625069404 29.773175021633506 9.6766043389216048 23.608668236993253 68.123873209580779 4.6191006302833539 43.476348861120641 8.8070316696539503 5.9734516292810431 1.7035931926220644 24.498399110510945 1.5702685099095095 1.845138231292365 4.7321404889225951 0.62751029245555301 6.2381604192778468 82.680217468179762 3.0538956625387064 0.69056401029229064 10.109310324303809 5.56099150236696 6.5717707155272338 0.62193666957318861 74.788524794392288 5.6679620919749141 1.3827404677867887 0.57422699593007553 0.35255300533026357 1.0172651885077346
leaf_count=502 5 79 28 698 403 452 1242 45 694 114 105 43 550 51 19 120 23 130 3329 68 22 235 103 156 6 5820 278 65 11 10 62
internal_value=0.000111913 -0.0100727 0.00517442 -0.00155676 0.00608717 -0.00790246 -0.0171475 -0.0089821 0.0061029 -0.0190932 0.0116507 -0.0256008 0.0279392 -0.0272256 -0.00851593 -0.0217486 -0.0337546 0.0267394 -0.0348323 -0.012349 0.0496464 -0.0386959 0.090441 -0.0437243 0.0593282 0.0504838 0.0566145 0.0604569 0.0527618 0.0506906 0.0506758
internal_weight=451.519 374.516 118.701 105.578 87.5568 53.3818 255.816 141.318 56.7103 84.6079 14.7805 69.8275 34.175 114.497 29.6193 21.536 84.878 8.0833 84.2505 46.5302 77.003 18.0208 10.1801 16.6811 13.123 76.3125 12.5011 6.25891 6.24219 76.1583 75.8058
internal_count=15468 9549 2961 2522 2103 1150 6588 2414 910 1504 219 1285 953 4174 771 622 3403 149 3380 762 5919 419 148 391 439 5897 433 144 289 5892 5882
is_linear=0
shrinkage=0.05


Tree=74
num_leaves=32
num_cat=0
split_feature=11 14 14 1 39 6 11 39 39 30 30 6 6 11 2 29 23 2 1 0 6 2 0 8 2 9 13 0 40 34 9
split_gain=86.1409 14.9137 16.375 11.3312 9.34082 9.62168 7.92851 7.93468 32.481 6.26115 9.45728 6.11366 5.48358 5.30396 5.2955 6.29827 4.72903 4.59799 4.27629 4.17011 3.55817 7.29546 2.55466 2.27149 1.71963 0.64647 0.613165 0.0641001 0.0483121 0.0162273 0.00124142
threshold=1.1076223737683561 -0.58476531908332718 0.96800862320774628 -0.50741610991829544 1.0000000180025095e-35 0.31807667661601413 0.1535784208883989 0.0033534469664898152 0.99987853278274375 0.046964608921767521 0.99952847873625494 1.6465658533811964 -1.2931140155417815 -0.77636055796144632 0.18192411589346866 0.239536812617793 0.99987956274106693 2.5051217677022888 -2.4115704781022607 -0.64360033527307192 -1.2931140155417815 -0.77955652526949237 -2.3905020464827333 0.41926171198993073 0.16750735478202586 0.93360357790098447 -0.47674309052348829 0.27003099575971273 0.032293278937408749 0.85703057536695193 0.86723956240369104
decision_type=2 2 2 2 2 2 2 2 2 2 2 2 2 2 2 2 2 2 2 2 2 2 2 2 2 2 2 2 2 2 2
left_child=1 6 25 20 5 -5 13 9 24 11 -11 -8 -6 14 15 -1 -16 18 -15 -10 21 -4 -22 26 -9 27 -2 28 -3 -29 -28
right_child=23 2 3 4 12 -7 7 8 19 10 -12 -13 -14 17 16 -17 -18 -19 -20 -21 22 -23 -24 -25 -26 -27 30 29 -30 -31 -32
leaf_value=-0.0069078267110118333 -0.051623175897358625 0.06233358277687865 -0.029916640109071153 -0.026103606245256018 -0.052913149421370258 0.018286285589654248 -0.027282957258717197 0.10999268170374728 0.010602787362066192 0.089463286167321562 -0.0093627004793661681 0.066859278111944517 0.032986524109184595 0.045971261217020193 0.050799397187746981 0.065812557775227945 -0.052254448538950254 0.095302503175328623 -0.035753276056410335 -0.021912010990379607 0.027508596875918848 0.1455191378523758 -0.045707953469800583 -0.041998391947897618 0.068378146793837233 0.10871428444220432 0.050642437329713255 0.051798153428165739 0.051495098160589073 0.060803848472265068 0.053686262902525719
leaf_weight=15.858415485359734 0.14683064632117648 4.6849618796259129 2.1864975597709422 27.803904527798295 1.9772933442145575 21.762120014987886 66.627448257990181 4.6166882319375855 14.286088450811802 3.051021941006181 11.72022454533726 1.7703589973971237 30.767203468829393 1.633291259407996 1.2841781172901363 3.6657403046265236 8.3625609837472439 0.69205650873482127 80.143512434326112 31.836563381366432 1.275310138240459 0.81291170045733707 18.10595131944865 0.67057222686707874 5.3700245320796967 0.6189595330506571 72.154948306269944 5.4007167797535658 1.3172326944768427 0.55126717500388611 0.3365416107699265
leaf_count=407 5 79 56 640 49 402 1242 45 199 23 196 43 848 51 33 82 249 23 3329 563 26 21 480 22 103 6 5882 278 65 11 10
internal_value=0.000108559 -0.00974652 0.00497372 -0.00150135 0.00707618 -0.00661408 -0.0166259 -0.00866856 0.00586112 -0.0184709 0.0110499 -0.0248462 0.0277994 -0.0265532 -0.00822878 0.00674572 -0.0385359 -0.0330349 -0.034121 -0.0118408 -0.0330474 0.0176307 -0.0408902 0.0496042 0.0876158 0.0588888 0.0504498 0.056309 0.059955 0.0526323 0.0506566
internal_weight=441.491 368.183 117.264 104.691 82.3105 49.566 250.918 139.278 56.1094 83.1691 14.7712 68.3978 32.7445 111.64 29.1709 19.5242 9.64674 82.4689 81.7768 46.1227 22.3807 2.99941 19.3813 73.3089 9.98671 12.5731 72.6383 11.9542 6.00219 5.95198 72.4915
internal_count=15468 9549 2961 2522 1939 1042 6588 2414 910 1504 219 1285 897 4174 771 489 282 3403 3380 762 583 77 506 5919 148 439 5897 433 144 289 5892
is_linear=0
shrinkage=0.05


Tree=75
num_leaves=32
num_cat=0
split_feature=11 5 15 7 40 41 43 27 18 6 13 19 0 0 1 1 11 28 19 37 8 32 0 17 11 6 18 18 16 9 18
split_gain=81.4493 14.3093 9.77347 9.77979 8.9342 12.1607 8.92042 8.89133 7.36531 5.60526 4.69727 3.7727 4.90767 5.04629 3.26696 3.25186 2.79916 2.64991 2.56207 3.90598 2.16223 2.13194 2.97422 1.8784 1.83094 1.45887 2.83352 1.99881 1.38573 1.00533 0.824826
threshold=1.1076223737683561 1.0000000180025095e-35 2024.5000000000002 0.035848069099826525 0.99952847873625494 0.9998864808908724 0.99998464057730885 0.99979485528041268 19.500000000000004 1.6605445843850657 -0.46916208202087289 14.500000000000002 0.11598699773793916 0.22934933281005693 1.082107773948535 1.4781767283833471 0.036682609092983813 0.35363985381039137 40.500000000000007 0.99987949765743289 0.41926171198993073 0.99930865958219239 0.4970842780126376 4.5000000000000009 0.57272678161599166 -1.8208645528758693 10.500000000000002 17.500000000000004 2.5000000000000004 0.92356236649337498 20.500000000000004
decision_type=2 2 2 2 2 2 2 2 2 2 2 2 2 2 2 2 2 2 2 2 2 2 2 2 2 2 2 2 2 2 2
left_child=1 2 3 21 5 6 29 8 -5 18 -8 12 17 -14 16 -9 -7 -4 30 -20 -2 -1 -23 -16 -11 26 -13 -27 -26 -3 -6
right_child=20 4 11 7 9 14 10 15 -10 24 -12 25 13 -15 23 -17 -18 -19 19 -21 -22 22 -24 -25 28 27 -28 -29 -30 -31 -32
leaf_value=-0.051105384637184365 0.050417539593624938 0.058145660260262022 -0.053062265894889785 -0.00012060369147592583 -0.04342143786005407 -0.04052952027493361 -0.0090547261751054448 -0.046856434666086931 -0.029007329993475873 -0.027296276937482367 0.056422791228885133 0.073650866517673164 0.10386564069001687 -0.0028493215564911432 0.13296167043520815 0.042600480962399073 0.0020809164123189909 0.023006185522239524 0.031541103666539609 -0.03990579824108291 -0.041075682859271434 -0.051885051525903496 0.084594510051253347 0.020364281349397762 0.13852333042555656 -0.050429180459175729 -0.051733060966858174 -0.024850231449332474 0.047181460457589336 0.12606719881000578 -0.0094990023927859976
leaf_weight=16.105256066657606 69.138837738893926 19.721090808045123 6.9035399574786442 169.15093199070543 10.827685556374496 8.2659510131925362 10.37266794964671 16.24761614762247 25.377103758044541 0.4771574474871153 3.7218743497505775 0.79024435207247634 1.311834555119274 7.1226228484883904 0.43948087841272299 1.0836384464055289 7.2213502814993253 1.372504513710737 4.1493108393624416 3.5492475610226393 0.651836346834897 0.89249142445623764 0.72221554070711136 2.3564026188105345 0.68659248948097218 27.924323115497828 1.0483560580760238 10.512700353749095 1.0505348863080142 0.56027135252952476 2.1473393011838189
leaf_count=878 5897 731 219 3507 249 224 134 488 664 20 130 24 29 181 18 21 190 37 77 72 22 30 14 111 3 966 36 359 85 8 44
internal_value=0.000104216 -0.00942808 -0.0145314 -0.00993095 0.00992991 0.0212658 0.0387889 -0.00694642 -0.00388901 -0.016151 0.00823559 -0.0330652 -0.0130925 0.0137484 -0.0116811 -0.0412631 -0.0206613 -0.040447 -0.024249 -0.00139789 0.049563 -0.0456139 0.00915863 0.0380633 0.059455 -0.041352 0.0021579 -0.0434332 0.083284 0.060022 -0.0378073
internal_weight=431.903 362.112 286.565 229.579 75.547 52.6591 34.3759 211.859 194.528 22.8879 14.0945 56.9861 16.7105 8.43446 18.2832 17.3313 15.4873 8.27604 20.6736 7.69856 69.7907 17.72 1.61471 2.79588 2.21428 40.2756 1.8386 38.437 1.73713 20.2814 12.975
internal_count=15468 9549 7453 5602 2096 1546 1003 4680 4171 550 264 1851 466 210 543 509 414 256 442 149 5919 922 44 129 108 1385 60 1325 88 739 293
is_linear=0
shrinkage=0.05


Tree=76
num_leaves=32
num_cat=0
split_feature=11 39 39 14 43 43 28 28 6 14 2 3 18 9 17 19 17 0 2 34 13 5 2 14 7 8 12 35 14 40 11
split_gain=76.9742 13.361 56.5918 8.82921 7.46219 10.6117 8.60812 11.5821 8.55366 9.43154 6.75715 8.86435 6.79832 6.35843 10.5811 5.37004 4.37221 7.46824 4.0914 3.36492 2.10668 2.02994 1.57583 1.13902 1.12119 0.670923 0.151273 0.138467 0.11187 0.0840194 0.00316876
threshold=1.1076223737683561 1.0000000180025095e-35 0.99987853278274375 -0.58297735611061285 0.99998464057730885 0.0083598119715488379 0.085504017815516822 0.99987956274106693 0.068587367226213808 -0.55122094545772915 1.3130920866125793 -1.094398238842808 11.500000000000002 0.36886402492043763 10.500000000000002 1.0000000180025095e-35 11.500000000000002 1.7028601776184156 1.3548987307833904 0.99998464057730885 -0.47674309052348829 1.0000000180025095e-35 0.10045557575247625 -0.58476531908332718 1.9971085643509261 0.45304910037403096 -0.35712666629937123 0.067130404475475261 1.7018079670661457 0.1975799375624229 -0.36522931144565313
decision_type=2 2 2 2 2 2 2 2 2 2 2 2 2 2 2 2 2 2 2 2 2 2 2 2 2 2 2 2 2 2 2
left_child=1 4 21 10 5 8 16 -8 15 -10 12 -12 -4 14 -5 -1 24 -18 -9 -15 -2 22 23 -3 -6 -22 29 -24 30 -23 -7
right_child=20 2 3 13 6 28 7 18 9 -11 11 -13 -14 19 -16 -17 17 -19 -20 -21 25 26 27 -25 -26 -27 -28 -29 -30 -31 -32
leaf_value=0.077673203257448434 -0.051371510046543473 0.11532853068554134 -0.0098699073701125593 0.12356028834980631 -0.052597046643804435 0.05462158659936437 0.10038345728141176 -0.018541672371918682 -0.013759967257677839 0.027830458267532922 0.20749570363130682 0.0098918625106474162 -0.039793585767411349 0.007231528293187176 0.0034961744787079274 -0.029168494887840898 -0.029133129788309953 0.077066420114392131 0.11536994090876854 -0.035118987164254621 0.050594006917901703 0.054831903383635409 0.056849532671424431 0.076159058318635467 0.0016106638233400257 -0.032796566175240224 0.05070743109972331 0.073421992995430063 0.072612379105587141 0.067356109671357689 0.052137849348384425
leaf_weight=1.2037668768316496 0.51358474977314372 5.0020907651633024 39.222259727306664 2.971172096207737 25.492536460980777 2.4353808630257845 2.7003355901688346 13.28514594119042 38.417839288711548 21.127696520648897 0.63617247901856888 5.2606385312974444 36.779036213643849 22.333380813710395 4.7989556957036257 51.130402777343988 52.690570757724345 1.709136240184306 0.59598327986896116 5.937137095257639 65.711138116195798 2.1096808155998588 2.5428455071523786 2.9508970379829407 0.99097147770225902 0.2420893982052793 4.7089627115055919 2.4991959715262055 0.87886883504688729 3.6663030860945582 2.7165971379727116
leaf_count=18 21 39 962 129 997 48 17 422 799 327 24 146 954 434 206 1011 2012 45 17 186 5893 62 70 52 26 5 375 19 20 34 98
internal_value=0.000100364 -0.00910269 0.00283787 -0.011275 -0.0169431 -0.00848145 -0.0271797 0.00563875 -0.011964 0.000996973 -0.0203503 0.0312102 -0.0243508 0.00934764 0.0494068 -0.026711 -0.0339077 -0.0257965 -0.0127922 -0.00166257 0.0495024 0.0737259 0.0869315 0.100795 -0.0505687 0.0502879 0.0573589 0.065064 0.0561246 0.0627816 0.0533119
internal_weight=423.261 356.794 141.419 117.939 215.375 117.911 97.4647 16.5815 111.88 59.5455 81.8981 5.89681 76.0013 36.0406 7.77013 52.3342 80.8832 54.3997 13.8811 28.2705 66.4668 23.48 12.995 7.95299 26.4835 65.9532 10.4849 5.04204 6.03085 5.77598 5.15198
internal_count=15468 9549 3692 3041 5857 2321 3536 456 2155 1126 2086 170 1916 955 335 1029 3080 2057 439 620 5919 651 180 91 1023 5898 471 89 166 96 146
is_linear=0
shrinkage=0.05


Tree=77
num_leaves=32
num_cat=0
split_feature=11 5 15 7 27 40 41 43 35 6 17 19 0 18 17 6 28 19 37 16 32 16 13 17 11 6 18 18 16 8 17
split_gain=72.8225 12.4229 9.1207 9.25039 8.23695 8.1464 11.2061 8.1659 6.98375 5.11872 4.32103 3.67772 4.59088 4.96805 3.06014 2.94134 2.59561 2.3723 3.52422 2.31114 2.13086 2.73636 2.00242 1.82298 1.67178 1.45985 2.56585 2.05693 1.09301 0.930828 0.841955
threshold=1.1076223737683561 1.0000000180025095e-35 2024.5000000000002 0.035848069099826525 0.99979485528041268 0.99952847873625494 0.9998864808908724 0.99998464057730885 0.99964157064671022 1.6605445843850657 18.500000000000004 14.500000000000002 0.11598699773793916 14.500000000000002 26.500000000000004 1.6338644117071655 0.35363985381039137 40.500000000000007 0.99987949765743289 3.5000000000000004 0.99930865958219239 4.5000000000000009 -0.47674309052348829 3.5000000000000004 0.57272678161599166 -1.8208645528758693 10.500000000000002 17.500000000000004 2.5000000000000004 0.92803599761890287 15.500000000000002
decision_type=2 2 2 2 2 2 2 2 2 2 2 2 2 2 2 2 2 2 2 2 2 2 2 2 2 2 2 2 2 2 2
left_child=1 2 3 20 8 6 7 29 -5 17 -9 12 16 -14 -6 19 -4 30 -19 -8 -1 -22 -2 -17 -11 26 -13 -27 -26 -3 -7
right_child=22 5 11 4 14 9 15 10 -10 24 -12 25 13 -15 -16 23 -18 18 -20 -21 21 -23 -24 -25 28 27 -28 -29 -30 -31 -32
leaf_value=-0.051031188401490214 -0.05130305856713982 0.057543848206310012 -0.052910139622549861 -0.00045937331548526482 -0.049205258130924738 -0.026571166943420835 0.0060267491136588771 -0.020085415230556722 -0.034636014112760981 -0.02612368331565508 0.03592186548892292 0.068330814444184901 0.035919044594483827 -0.05337405324054572 0.012623791214823349 0.1452695764364256 0.022742944898494547 0.029358031186604142 -0.039108146988764775 -0.033267722544041846 0.079287791481924205 -0.051855487700555251 0.050252085840408571 0.022997595222048577 0.12839748780127366 -0.050149455476406438 -0.051601097084203719 -0.023502006731653331 0.04665040084640356 0.12530627544002881 -0.053229717778018042
leaf_weight=14.940561925061047 0.489172313362359 18.380639260634783 6.4455682244151857 174.49305568728596 14.008273852989079 7.6838193647563511 6.0422924794256714 6.6749145286157709 16.347968839108944 0.46404395718127434 7.1142835831269622 0.82409221865236648 6.2666117539629322 2.0730221942067146 2.3347755661234251 0.38057218492030997 1.3757721558213232 4.181209869682788 3.4143521888181567 9.8293165639042837 0.74997531808912821 0.84695232100784779 62.780606590211391 1.5318197067826984 0.70687130093574502 26.103704269044101 0.97194192744791508 10.022281608544288 0.97004755493253469 0.52116366941481729 4.8195364205166698
leaf_count=878 21 735 219 3669 440 160 124 139 502 20 125 24 146 64 69 16 37 77 72 307 14 30 5898 96 3 966 36 359 85 4 133
internal_value=9.60021e-05 -0.00881559 -0.0136314 -0.00917696 -0.0063045 0.00958293 0.0206918 0.0380682 -0.00338704 -0.0156294 0.00881051 -0.0320577 -0.0120848 0.013723 -0.0403723 -0.01125 -0.0396028 -0.0234584 -0.00141884 -0.0183084 -0.0451634 0.00973417 0.0494669 0.0473301 0.057867 -0.0405694 0.00342846 -0.0427568 0.0811092 0.0594122 -0.036847
internal_weight=413.789 350.519 277.805 223.722 207.184 72.7149 50.475 32.691 190.841 22.2399 13.7892 54.083 16.161 8.33963 16.343 17.784 7.82134 20.0989 7.59556 15.8716 16.5375 1.59693 63.2698 1.91239 2.14096 37.922 1.79603 36.126 1.67692 18.9018 12.5034
internal_count=15468 9549 7453 5602 4680 2096 1546 1003 4171 550 264 1851 466 210 509 543 256 442 149 431 922 44 5919 112 108 1385 60 1325 88 739 293
is_linear=0
shrinkage=0.05


Tree=78
num_leaves=32
num_cat=0
split_feature=11 39 39 14 43 43 28 28 6 14 2 19 0 2 16 30 17 0 0 8 0 5 2 7 14 13 11 12 14 40 11
split_gain=68.8393 11.9847 51.6448 7.89099 6.94429 9.54318 8.08826 10.5405 7.88387 8.46082 6.16461 8.11813 6.63437 5.97928 5.4258 4.81059 4.40496 6.61922 3.8681 1.93721 1.67243 1.67136 1.26635 1.13337 0.834648 0.552957 0.115502 0.114047 0.0918221 0.0622779 0.00249277
threshold=1.1076223737683561 1.0000000180025095e-35 0.99987853278274375 -0.58297735611061285 0.99998464057730885 0.0083598119715488379 0.085504017815516822 0.99987956274106693 0.068587367226213808 -0.55122094545772915 1.3130920866125793 10.500000000000002 -0.64360033527307192 -0.93306807624577737 3.5000000000000004 0.046964608921767521 11.500000000000002 1.7028601776184156 1.3415809921742656 0.41926171198993073 -2.162206379694052 1.0000000180025095e-35 0.10045557575247625 1.9971085643509261 -0.58476531908332718 -0.47674309052348829 1.023312000948535 -0.35712666629937123 1.7018079670661457 0.1975799375624229 -0.36522931144565313
decision_type=2 2 2 2 2 2 2 2 2 2 2 2 2 2 2 2 2 2 2 2 2 2 2 2 2 2 2 2 2 2 2
left_child=1 4 21 10 5 8 16 -8 15 -10 12 -12 -4 20 -15 -1 23 -18 -9 25 -5 22 24 -6 -3 -2 -24 29 30 -23 -7
right_child=19 2 3 13 6 28 7 18 9 -11 11 -13 -14 14 -16 -17 17 -19 -20 -21 -22 27 26 -25 -26 -27 -28 -29 -30 -31 -32
leaf_value=-0.031709369375045753 -0.051463344022514512 0.10891150085370585 -0.0011060699057285914 0.020407170036864417 -0.052460151680640332 0.054270207003349315 0.096868501616350119 -0.017707536833614854 -0.012861321416022265 0.026735699650200437 0.13991086087676452 -0.0013736833863720324 -0.033456161028569624 -0.022675877030153502 0.028802508832201236 0.01309081931570775 -0.02806566173322364 0.069777431044034 0.11111760099205921 -0.040026633508075976 -0.052505183765095921 0.054402329505609318 0.051957416591799324 0.0024886682488990783 0.075057754436931079 0.050537049853905273 0.069061119592443487 0.050645286800073457 0.071052386823119942 0.065617512491497582 0.05198391266578728
leaf_weight=43.640439916402102 0.13316754810511966 5.0321314036846161 23.113963384181261 0.95644273981451977 23.83730316255242 2.2588294418528676 2.6601565415039667 13.01760656852275 37.482587682083249 21.076018502935767 1.3040327457711089 4.6148636443540454 50.419795346446335 6.5326867653057006 23.64719841722399 6.9457905888557425 50.56866343319416 1.789746431633829 0.60999319516122419 0.59942872915416856 4.4256328847259274 1.9352037711068986 1.3778967699036 0.97687627002596755 2.8528463998809457 59.518355690874159 3.4800236169248819 4.2947510383091867 0.83288826886564482 3.4349671863019466 2.5248674256727091
leaf_count=892 5 39 537 17 997 48 17 424 799 327 42 128 1379 176 659 137 2012 45 15 22 103 62 63 26 52 5892 26 375 20 34 98
internal_value=9.16353e-05 -0.0085054 0.00295511 -0.0105743 -0.0160691 -0.00782894 -0.0261874 0.00582994 -0.0110997 0.00139017 -0.0193362 0.0297537 -0.0232875 0.00900158 0.0176596 -0.025558 -0.0329448 -0.0247211 -0.0119411 0.0494106 -0.039548 0.0723986 0.084291 -0.0502969 0.096663 0.0503093 0.0642098 0.0567188 0.0557311 0.061576 0.0530635
internal_weight=405.895 345.644 137.422 115.015 208.222 114.761 93.4603 16.2878 109.145 58.5586 79.4527 5.9189 73.5338 35.562 30.1799 50.5862 77.1726 52.3584 13.6276 60.251 5.38208 22.4078 12.7429 24.8142 7.88498 59.6515 4.85792 9.66492 5.61659 5.37017 4.7837
internal_count=15468 9549 3692 3041 5857 2321 3536 456 2155 1126 2086 170 1916 955 835 1029 3080 2057 439 5919 120 651 180 1023 91 5897 89 471 166 96 146
is_linear=0
shrinkage=0.05


Tree=79
num_leaves=32
num_cat=0
split_feature=11 11 9 11 35 35 9 19 19 15 19 32 15 0 7 7 0 32 8 6 16 1 17 36 13 6 43 9 9 12 5
split_gain=65.1341 11.4662 7.83904 6.78495 5.94465 16.8652 7.72137 3.70154 6.49183 7.10978 5.98191 3.35797 4.2511 4.97419 3.22593 2.8162 2.2696 2.0093 1.84555 1.46593 1.41763 0.916901 1.70948 0.929244 0.525691 0.0665183 0.00265036 0.000608936 0.000103846 0.000226656 3.2642e-05
threshold=1.1076223737683561 0.1535784208883989 0.35837079227400298 -0.70169578523728093 0.99964157064671022 1.0000000180025095e-35 0.54936862342887705 53.500000000000007 35.500000000000007 2024.5000000000002 17.500000000000004 1.0000000180025095e-35 2023.5000000000002 0.10260377838221461 1.0001205023425674 1.9971085643509261 0.46348291143904224 0.99930865958219239 0.41926171198993073 0.99473168238621956 3.5000000000000004 0.66874082744186725 18.500000000000004 0.99960524445339072 -0.47674309052348829 0.7808483894646927 0.23809523375545086 0.86723956240369104 0.74396378269617713 2.80528769393996 1.0000000180025095e-35
decision_type=2 2 2 2 2 2 2 2 2 2 2 2 2 2 2 2 2 2 2 2 2 2 2 2 2 2 2 2 2 2 2
left_child=1 3 25 7 5 6 -4 8 10 -10 -1 14 13 -13 20 -16 -7 -14 24 26 -5 23 -23 -6 -2 -3 -9 28 -26 -30 -27
right_child=18 2 4 11 21 16 -8 19 9 -11 -12 12 17 -15 15 -17 -18 -19 -20 -21 -22 22 -24 -25 27 30 -28 -29 29 -31 -32
leaf_value=0.0012676626331649334 -0.051390079615726503 0.026325701880347208 -0.027304478266020338 -0.022369764632725955 -0.047503861337187703 0.14466840197135974 0.0025815040556987092 -0.054211279186473497 0.027944131497255914 -0.040198714271218683 -0.037057842764879202 -0.044028916497775926 0.051655896082413236 0.076568961574896871 0.053089595482699183 -0.044202337058968547 0.070054581070336394 -0.051720042160239489 -0.039047666002042354 0.028071824584541796 -0.038583200757337469 0.015973346821150123 -0.053805957808564411 0.0084532974019239128 0.050491455489792517 0.050881882317656696 -0.051524102780908868 0.052884884755650521 0.050511008577847183 0.052388489398249666 0.050561655495622561
leaf_weight=22.138765691779554 0.12684891931712527 0.2934692008420815 25.676544087007642 18.466919192112982 8.6501024141907656 1.5730598447844375 136.53620844148099 1.1505062701180566 21.189964110031728 4.6717924997210494 18.850310183130205 1.2453033262863749 0.55437550321221385 2.7283066576346755 2.0161337107419963 1.1785916173830626 2.8945333007723093 3.0902556590735912 0.58412920217960973 0.63431936409324396 49.944352313876152 2.1072776000946756 1.5042500887066124 0.81152779050171453 55.613963126204908 0.90810238849371661 4.5326746301725507 0.2687959847971787 0.53109947126358648 0.2305273599922657 6.4346649968065321
leaf_count=624 5 20 829 810 210 29 1893 23 515 191 606 44 27 62 83 40 32 119 22 18 2461 33 29 20 5820 56 161 10 54 8 614
internal_value=8.80079e-05 -0.00823136 5.16573e-05 -0.0184166 -0.00205614 0.000490349 -0.00214913 -0.00743844 -0.00398129 0.0156345 -0.0163577 -0.0285555 0.00300369 0.0387744 -0.0319132 0.0171969 0.0963264 -0.0359958 0.0493733 -0.0440215 -0.0342066 -0.0345235 -0.0130907 -0.0427044 0.050283 0.0496683 -0.0520681 0.0505107 0.0504994 0.0510793 0.0506013
internal_weight=397.138 339.782 187.39 152.393 179.754 166.68 162.213 73.1683 66.8508 25.8618 40.9891 79.2242 7.61824 3.97361 71.606 3.19473 4.46759 3.64463 57.3554 6.3175 68.4113 13.0732 3.61153 9.46163 56.7712 7.63624 5.68318 56.6444 56.3756 0.761627 7.34277
internal_count=15468 9549 3765 5784 3075 2783 2722 2138 1936 706 1230 3646 252 106 3394 123 61 146 5919 202 3271 292 62 230 5897 690 184 5892 5882 62 670
is_linear=0
shrinkage=0.05


Tree=80
num_leaves=32
num_cat=0
split_feature=11 7 14 14 2 15 30 30 39 0 6 3 1 0 8 16 17 17 3 18 9 13 0 6 12 12 9 32 32 9 12
split_gain=61.594 10.8654 10.5038 12.2064 8.92906 6.88736 7.54278 23.5874 6.68894 6.5558 5.80237 7.4069 4.35908 3.23092 1.75897 1.74916 3.99304 5.44948 4.77597 1.94925 0.510968 0.499782 0.0455604 0.0231457 0.00313506 0.000863659 0.000524285 0.000343051 0.000123081 8.94716e-05 0.000194957
threshold=1.1076223737683561 1.0000000180025095e-35 -0.58476531908332718 0.96800862320774628 -0.93306807624577737 2024.5000000000002 0.0094401897994376167 0.99952847873625494 1.0000000180025095e-35 1.7283287823294422 -1.5866615443545113 -0.8810399081468977 1.3890662218692018 -2.3905020464827333 0.41926171198993073 4.5000000000000009 19.500000000000004 23.500000000000004 0.85799681285952067 17.500000000000004 0.94613496006702369 -0.47674309052348829 0.27003099575971273 1.7437283777166994 2.7349769336268683 2.7978151630681056 0.86723956240369104 0.99930865958219239 0.99930865958219239 0.74396378269617713 2.80528769393996
decision_type=2 2 2 2 2 2 2 2 2 2 2 2 2 2 2 2 2 2 2 2 2 2 2 2 2 2 2 2 2 2 2
left_child=1 15 5 20 13 6 9 -8 -6 -3 11 -7 -12 -5 21 16 25 18 -18 -19 22 -2 -4 24 28 27 29 -1 -17 -23 -31
right_child=14 2 3 4 8 10 7 -9 -10 -11 12 -13 -14 -15 -16 23 17 19 -20 -21 -22 26 -24 -25 -26 -27 -28 -29 -30 30 -32
leaf_value=-0.050938831358258801 -0.051320576918466802 -0.014191838596866711 0.058866609075707226 0.042445093915764981 -0.0041871566516125452 -0.051306246360428402 0.085152669872291267 -0.011546682701691305 0.025688548997120805 0.053431424017706688 -0.039391989703801922 0.11311316502103377 0.042156298434522149 -0.049191712529972044 -0.038049206542024872 -0.050817813148127826 0.20702305320521519 -0.05156142078505882 0.014612739346947609 0.068320495201772621 0.10753115872785464 0.050467263292046052 0.052222911134872124 -0.037217087699421246 -0.05376051202641563 -0.053460883664945946 0.05274134107055705 -0.05253481061252549 -0.051397947745412537 0.050485848530779781 0.052269669207155957
leaf_weight=4.2290824437513965 0.12082171626388927 136.23626534594223 5.3395385439507628 1.0648895958438505 46.808775720186532 1.2417683424428108 8.6278939736075682 23.436129618436098 31.238668899983168 3.6808824297040692 35.511061936616898 1.5276058958843339 1.7180004082620133 9.9449733141809684 0.56985358893871207 12.855394955724471 0.57499221898615382 1.8247285438701513 0.73447638005018234 0.41646926384419192 0.49754741787910539 52.926355970092118 4.9940953725017607 0.30849846452474672 0.99816695787012655 0.41001152526587237 0.25636497605591912 0.36582581885159005 0.98426614794880229 0.50544285494834085 0.21977030485868454
leaf_count=260 5 3405 147 21 994 55 124 577 890 96 1230 40 51 236 22 863 23 91 25 18 2 5820 290 22 28 10 10 9 42 54 8
internal_value=8.53822e-05 -0.00792794 -0.00544761 0.00791981 0.00182432 -0.0117466 -0.00740017 0.0144735 0.00777066 -0.0124128 -0.0304348 0.0393886 -0.0356288 -0.0403285 0.0493363 -0.0405639 -0.0224912 0.0180634 0.0991008 -0.0292844 0.0580388 0.0502579 0.0556558 -0.0507724 -0.0510543 -0.0512621 0.0504856 -0.0510659 -0.0508591 0.0504748 0.0510264
internal_weight=390.169 335.57 311.868 99.8885 89.0573 211.98 171.981 32.064 78.0474 139.917 39.9984 2.76937 37.2291 11.0099 54.5986 23.7019 8.55559 3.55067 1.30947 2.2412 10.8312 54.0288 10.3336 15.1463 14.8378 5.00492 53.9079 4.59491 13.8397 53.6516 0.725213
internal_count=15468 9549 8158 2580 2141 5578 4202 701 1884 3501 1376 95 1281 257 5919 1391 436 157 48 109 439 5897 437 955 933 279 5892 269 905 5882 62
is_linear=0
shrinkage=0.05


Tree=81
num_leaves=32
num_cat=0
split_feature=11 11 9 11 35 35 9 19 19 19 19 9 32 15 0 5 8 6 1 17 36 13 13 43 28 9 9 12 5 2 9
split_gain=58.2655 10.4633 7.20266 6.39176 5.43957 15.5346 7.18187 3.51839 5.79564 6.86039 5.69179 3.09169 3.03453 4.12084 2.16003 1.85949 1.67725 1.49426 0.894528 1.62246 0.916338 0.475164 0.0721909 0.00248624 0.0014869 0.000451389 7.70814e-05 0.000167696 2.72518e-05 1.73398e-05 1.58589e-05
threshold=1.1076223737683561 0.1535784208883989 0.35837079227400298 -0.70169578523728093 0.99964157064671022 1.0000000180025095e-35 0.54936862342887705 53.500000000000007 35.500000000000007 44.500000000000007 17.500000000000004 0.36886402492043763 1.0000000180025095e-35 2023.5000000000002 0.46348291143904224 1.0000000180025095e-35 0.41926171198993073 1.0128731281338339 0.66874082744186725 18.500000000000004 0.99960524445339072 -0.47674309052348829 0.89393604901894697 0.23809523375545086 0.7045593344905321 0.86723956240369104 0.74396378269617713 2.80528769393996 1.0000000180025095e-35 1.0131211950271808 0.52008195898812482
decision_type=2 2 2 2 2 2 2 2 2 2 2 2 2 2 2 2 2 2 2 2 2 2 2 2 2 2 2 2 2 2 2
left_child=1 3 22 7 5 6 -4 8 10 -10 -1 24 15 -14 -7 -13 21 23 20 -20 -6 -2 -3 -9 29 26 30 -28 -24 -5 -23
right_child=16 2 4 11 18 14 -8 17 9 -11 -12 12 13 -15 -16 -17 -18 -19 19 -21 -22 25 28 -25 -26 -27 27 -29 -30 -31 -32
leaf_value=0.0016318980273571345 -0.051254627808113164 0.024503815337239703 -0.026457195502074718 0.050715939271502877 -0.046907331256407447 0.14305973050011056 0.0027660079451856927 -0.054058753531019958 0.036400120872379441 -0.016020302828840226 -0.036290783825260915 -0.036304720363752478 0.03681502653850699 -0.039369752892972738 0.068610398951572449 -0.014786982970467944 -0.037033622754923189 0.030211122760123978 0.015529706035267158 -0.05356260277718581 0.009031616986309339 0.050438983991295233 0.050828337083085706 -0.051393008653039321 0.054623227687575077 0.052605062614660275 0.050461938350993302 0.052156868829480431 0.050525343732004895 0.051207569853713809 0.050592966156524199
leaf_weight=21.914570515044034 0.11507331766188045 0.27648559771478076 24.89205271564424 0.51347674382850417 8.1576918112114036 1.5078227524645615 135.3082337230444 1.0979927135631431 15.224823349155487 10.577966024167834 18.039074785076082 54.664574112743139 3.8746976191177955 3.2753899805247784 2.7532739844173193 12.299092167988418 0.55655104853212733 0.61684628762304772 2.1177494637668128 1.419015673920512 0.80427193082869131 48.635795244015753 0.84661279898136843 4.3004859471693635 0.40213575772941113 0.24447770416736503 0.48101418185979028 0.20949268247932196 6.0122251003049314 0.27562572713941336 1.7316738720983256
leaf_count=624 5 19 829 40 210 29 1893 23 356 350 606 2903 103 138 32 441 22 17 33 29 20 5644 56 162 7 10 54 8 615 14 176
internal_value=8.12662e-05 -0.00764305 0.00030076 -0.0175863 -0.00168517 0.000731489 -0.00177472 -0.00690943 -0.00356112 0.0149101 -0.0154902 -0.0277622 -0.0290466 0.00191547 0.0949549 -0.0323526 0.0492996 -0.0435114 -0.0334842 -0.0121914 -0.0418872 0.0502341 0.049553 -0.0519352 0.0521487 0.0504617 0.0504515 0.0509762 0.0505627 0.0508877 0.0504443
internal_weight=383.146 331.172 184.095 147.077 176.96 164.461 160.2 71.7718 65.7564 25.8028 39.9536 75.305 74.1138 7.15009 4.2611 66.9637 51.9741 6.01532 12.4987 3.53677 8.96196 51.4175 7.13532 5.39848 1.19124 51.3025 51.058 0.690507 6.85884 0.789102 50.3675
internal_count=15468 9549 3765 5784 3075 2783 2722 2138 1936 706 1230 3646 3585 241 61 3344 5919 202 292 62 230 5897 690 185 61 5892 5882 62 671 54 5820
is_linear=0
shrinkage=0.05


Tree=82
num_leaves=32
num_cat=0
split_feature=11 39 39 13 6 0 6 7 8 6 14 16 12 28 28 18 28 32 9 14 18 16 5 40 6 12 0 5 14 8 12
split_gain=55.1064 10.1437 44.6987 6.76476 8.50604 9.32742 6.69251 6.1626 7.21996 6.55406 8.50999 4.53336 4.06167 3.84551 12.9745 3.68408 3.67209 3.59864 3.44863 4.06209 3.21578 3.29331 2.78328 2.49231 1.88429 1.81334 1.33427 0.756315 0.562212 0.366833 0.172567
threshold=1.1076223737683561 1.0000000180025095e-35 0.99987853278274375 2.1294562075180359 0.31807667661601413 1.3747469448922758 -0.76535192804439212 1.0045047932919282 0.081334345426088889 0.084448091432880693 -0.55122094545772915 2.5000000000000004 2.8057123418044747 0.052200048254389904 0.99987956274106693 13.500000000000002 0.99987956274106693 0.0028638883325029512 0.42457226138666876 1.7863278513681908 19.500000000000004 3.5000000000000004 1.0000000180025095e-35 0.022428441873971364 0.51997201305230589 -0.33999548096586779 0.02953040428947587 1.0000000180025095e-35 -0.58476531908332718 0.45304910037403096 -0.35712666629937123
decision_type=2 2 2 2 2 2 2 2 2 2 2 2 2 2 2 2 2 2 2 2 2 2 2 2 2 2 2 2 2 2 2
left_child=1 7 26 4 6 -6 -4 8 9 11 -11 -1 16 17 -15 18 -5 -10 19 -9 21 -17 -20 -14 -22 -2 27 28 -3 -27 -28
right_child=25 2 3 12 5 -7 -8 15 13 10 -12 -13 23 14 -16 20 -18 -19 22 -21 24 -23 -24 -25 -26 29 30 -29 -30 -31 -32
leaf_value=0.013666422902736133 -0.05107518643377882 0.10308925852195244 -0.026323458452309007 0.054009784123812188 -0.041373927163829108 0.078945184797827306 0.0068196118479909975 0.022751692530507767 -0.033228668417497359 -0.010583849221720645 0.038416637751668842 -0.029544818247142852 -0.041616964602613701 0.080578287584997479 -0.025990559817665179 -0.017667281937369876 0.21965351849940748 -0.00096575624936356258 -0.043485255986105788 0.28179343715374577 -0.052558611448452544 0.068545825698915833 0.02760563800877135 0.060121293386570067 0.032307436560217798 0.050439572421630698 0.063578617341662799 0.057107868514364196 0.074503430171714569 -0.020884727901132358 0.050580491766631389
leaf_weight=7.7348526101559392 0.44622088130563398 4.5093143424019217 21.825144151691347 3.9970098114572457 28.860217556823049 1.7059807665646065 50.416912180371583 0.64630179898813622 79.74300395976752 21.246874883770943 15.199382572434841 28.194317941553891 1.9027100517414512 3.5943025304004559 13.905925176106393 1.3738956274464706 0.36514895875006903 9.6938221100717765 4.9485235139727592 0.19761195220053196 1.400117361918092 5.7173461518250406 1.9075063588097689 0.88055192679166783 1.2274811286479232 48.848400960676372 7.7834985624067485 1.9471191330812869 2.7807267326861638 0.18094166927039523 3.8002278674393875
leaf_count=91 23 35 626 287 813 45 1185 53 3630 268 126 377 50 43 545 35 4 283 142 18 41 127 42 31 36 5893 117 77 49 3 373
internal_value=7.90247e-05 -0.00735111 0.00344165 -0.00927875 -0.0125483 -0.0346586 -0.00319329 -0.0145255 -0.0172836 -0.00508809 0.00985109 -0.0202423 0.0377639 -0.0255376 -0.00410281 0.0138676 0.0678755 -0.0297318 -0.0119663 0.0834092 0.0343349 0.0518424 -0.0237061 -0.00942962 -0.0129135 0.0492632 0.0706172 0.0847914 0.0921854 0.0501764 0.0593144
internal_weight=376.981 327.506 130.775 109.954 102.808 30.5662 72.2421 196.731 179.312 72.3754 36.4463 35.9292 7.14542 106.937 17.5002 17.4188 4.36216 89.4368 7.69994 0.843914 9.71884 7.09124 6.85603 2.78326 2.6276 49.4756 20.8209 9.23716 7.29004 49.0293 11.5837
internal_count=15468 9549 3692 3041 2669 858 1811 5857 5363 862 394 468 372 4501 588 494 291 3913 255 71 239 162 184 81 77 5919 651 161 84 5896 490
is_linear=0
shrinkage=0.05


Tree=83
num_leaves=32
num_cat=0
split_feature=11 7 5 15 27 39 27 1 18 0 2 19 0 8 17 6 16 17 17 3 18 12 8 6 12 12 9 32 32 9 12
split_gain=52.1722 9.76694 9.12208 8.70126 7.491 8.66055 7.35574 6.97305 6.27692 4.6967 8.78096 4.54135 4.70179 4.03877 3.17925 1.91358 1.84232 3.94077 4.68155 3.18596 1.88117 1.72381 0.355405 0.0249968 0.00257129 0.000590148 0.000336622 0.000323353 0.000121381 5.74464e-05 0.000124717
threshold=1.1076223737683561 1.0000000180025095e-35 1.0000000180025095e-35 2024.5000000000002 0.0051562955663276852 1.0000000180025095e-35 0.99979485528041268 1.353202045923567 19.500000000000004 -0.48921753687678132 -0.55412004201785348 14.500000000000002 0.11598699773793916 0.85695240125324101 26.500000000000004 -1.8208645528758693 4.5000000000000009 19.500000000000004 23.500000000000004 0.85799681285952067 17.500000000000004 -0.33999548096586779 0.45304910037403096 1.7437283777166994 2.7349769336268683 2.7978151630681056 0.86723956240369104 0.99930865958219239 0.99930865958219239 0.74396378269617713 2.80528769393996
decision_type=2 2 2 2 2 2 2 2 2 2 2 2 2 2 2 2 2 2 2 2 2 2 2 2 2 2 2 2 2 2 2
left_child=1 16 3 6 5 7 8 -4 -3 -6 -11 12 -5 -7 -8 -13 17 25 19 -19 -20 -2 26 24 28 27 29 -1 -18 -23 -31
right_child=21 2 4 11 9 13 14 -9 -10 10 -12 15 -14 -15 -16 -17 23 18 20 -21 -22 22 -24 -25 -26 -27 -28 -29 -30 30 -32
leaf_value=-0.050845410601246935 -0.051021783804022426 0.0015918753614892714 -0.020722687742753182 -0.036782182865737673 -0.02855491498661028 0.033199864134021283 -0.048578443167971941 0.067524644462163275 -0.026463398300630343 0.21465227616844845 0.049677258514943638 0.014394984798280967 0.022077037686365333 -0.039967864528520858 0.016244475823550861 -0.043628624703940432 -0.050737133224598475 0.16961031576631971 -0.051479029954831314 0.017356827553150701 0.066767050416551441 0.05040217602307985 -0.019906733733496242 -0.035938133060519392 -0.053524643056445359 -0.053064552184395236 0.052357463358255557 -0.052435963581718273 -0.051331640369134818 0.05041761794815202 0.051951156651411007
leaf_weight=3.8063752055168179 0.42489148769527574 156.82308644941077 26.844136673957113 6.4330841451883298 1.4699302962981162 22.264560172334317 12.478879495523868 2.4421637519262722 22.840604539960623 0.9124162234365939 6.953326188027857 1.4972215276211525 7.1795604303479195 2.0605903021059921 2.2294370969757429 27.890245898626745 11.564504680223756 0.66831235680729173 1.6608141548931601 0.70716198720037937 0.42177094146609295 45.636521503794938 0.18035508505999942 0.28243417758494693 0.91681107133627016 0.36932814773172129 0.22266429895535012 0.34881900995969761 0.92742729466408569 0.43561242986470361 0.19058329937979579
leaf_count=260 23 3507 608 220 34 944 440 87 664 13 201 49 171 55 69 1096 863 23 91 25 18 5821 3 22 28 10 10 9 42 54 8
internal_value=7.66772e-05 -0.00711237 -0.00477298 -0.00926042 0.012149 0.0049513 -0.00475781 -0.0133638 -0.00197479 0.0534831 0.0688142 -0.0296134 -0.00573874 0.0270018 -0.0387528 -0.0406725 -0.0395277 -0.0204364 0.0197481 0.0913334 -0.0275315 0.0492334 0.0501462 -0.0506588 -0.0509688 -0.0511492 0.050418 -0.0509789 -0.0507813 0.0504087 0.0508844
internal_weight=369.084 321.993 300.319 237.372 62.9471 53.6115 194.372 29.2863 179.664 9.33567 7.86574 43.0001 13.6126 24.3252 14.7083 29.3875 21.6738 7.98258 3.45806 1.37547 2.08259 47.0906 46.6657 13.6912 13.4087 4.52452 46.4854 4.15519 12.4919 46.2627 0.626196
internal_count=15468 9549 8158 6216 1942 1694 4680 695 4171 248 214 1536 391 999 509 1145 1391 436 157 48 109 5919 5896 955 933 279 5893 269 905 5883 62
is_linear=0
shrinkage=0.05


Tree=84
num_leaves=32
num_cat=0
split_feature=11 7 14 14 2 15 30 30 0 39 6 3 1 6 16 17 17 3 18 12 9 8 0 6 12 12 9 32 32 9 12
split_gain=49.3698 9.28489 8.72223 10.9376 7.98943 5.93773 6.60092 20.5185 5.86695 5.66983 5.55325 6.24783 3.95777 3.12342 1.84079 3.72802 3.92228 2.25813 1.72048 1.63871 0.368515 0.344706 0.0358497 0.0313724 0.00222494 0.000507271 0.000289803 0.000277449 0.000104422 4.94852e-05 0.000107287
threshold=1.1076223737683561 1.0000000180025095e-35 -0.58476531908332718 0.96800862320774628 -0.93306807624577737 2024.5000000000002 0.0094401897994376167 0.99952847873625494 1.7283287823294422 1.0000000180025095e-35 -1.5866615443545113 -0.8810399081468977 1.3890662218692018 0.99473168238621956 4.5000000000000009 19.500000000000004 23.500000000000004 0.85799681285952067 17.500000000000004 -0.33999548096586779 0.94613496006702369 0.45304910037403096 0.27003099575971273 1.7630363955711046 2.7349769336268683 2.7978151630681056 0.86723956240369104 0.99930865958219239 0.99930865958219239 0.74396378269617713 2.80528769393996
decision_type=2 2 2 2 2 2 2 2 2 2 2 2 2 2 2 2 2 2 2 2 2 2 2 2 2 2 2 2 2 2 2
left_child=1 14 5 20 13 6 8 -8 -3 -6 11 -7 -12 -5 15 25 17 -17 -18 -2 22 26 -4 24 28 27 29 -1 -16 -21 -31
right_child=19 2 3 4 9 10 7 -9 -10 -11 12 -13 -14 -15 23 16 18 -19 -20 21 -22 -23 -24 -25 -26 -27 -28 -29 -30 30 -32
leaf_value=-0.05080371506029685 -0.050971079904243856 -0.012969967493978324 0.058238174721973748 -0.048152206728326971 -0.0034671544995662331 -0.05118245472290605 0.082651545396804249 -0.010019223476202101 0.050908005891826515 0.024437621463161665 -0.038016184680545836 0.10253741876630428 0.039381390442368658 0.045524342679301021 -0.050700513028677056 0.13954398186738395 -0.051407817344967556 0.016232043310005998 0.059511433869885846 0.050382416476444647 0.099349625848590084 -0.018968022466184009 0.052064211991253245 -0.032660369739249864 -0.053354770229627868 -0.052910497539588576 0.052240558006991726 -0.052312709554550411 -0.051265473921095386 0.050397092776872182 0.051854439822306142
leaf_weight=3.6236327402293713 0.40456119365990062 130.4638682808727 4.9403557647019589 9.3230538778006995 45.458053996786475 1.1153390565887096 8.1207403442822415 22.585817143321037 3.696444366592913 30.361504521220922 32.479545408859849 1.6227346891537298 1.7402165355160821 0.98372450470924455 11.044197369366877 0.76870024204254173 1.5819485327228906 0.71806504484266043 0.44878309778869141 43.427399908658117 0.49997857213020402 0.17983059026300807 4.4864608701318502 0.23961587529629547 0.87480418197810728 0.35231286007910956 0.21226685168221493 0.33256893604993809 0.88330602180212814 0.41453186562284727 0.18161803903058171
leaf_count=260 23 3405 147 237 994 55 124 577 96 890 1230 40 51 20 866 23 91 25 18 5821 2 3 290 19 28 10 10 9 42 54 8
internal_value=6.88349e-05 -0.0068403 -0.00458161 0.00782051 0.0020924 -0.0104841 -0.00642357 0.0144887 -0.01121 0.00770715 -0.0285978 0.0399205 -0.0340802 -0.0392113 -0.0390818 -0.0199113 0.0182819 0.0799878 -0.0268951 0.0492042 0.0575185 0.0501167 0.0552998 -0.0505854 -0.0509209 -0.0510925 0.0503975 -0.0509306 -0.0507424 0.0503886 0.0508411
internal_weight=363.566 318.746 297.878 96.0531 86.1263 201.825 164.867 30.7066 134.16 75.8196 36.9578 2.73807 34.2198 10.3068 20.8679 7.82601 3.5175 1.48677 2.03073 44.8202 9.9268 44.4156 9.42682 13.0419 12.8023 4.30851 44.2358 3.9562 11.9275 44.0235 0.59615
internal_count=15468 9549 8158 2580 2141 5578 4202 701 3501 1884 1376 95 1281 257 1391 436 157 48 109 5919 439 5896 437 955 936 279 5893 269 908 5883 62
is_linear=0
shrinkage=0.05


Tree=85
num_leaves=32
num_cat=0
split_feature=11 7 39 39 13 6 19 18 16 28 32 6 6 12 16 17 2 1 12 0 41 8 12 6 12 12 9 32 14 32 9
split_gain=46.7286 8.81581 8.24906 38.0304 6.46998 8.78017 5.48835 13.2645 8.50982 7.38922 6.40839 8.00333 6.77915 2.83455 1.83784 3.53318 3.7351 15.4128 1.55784 1.05672 0.681902 0.334688 0.103858 0.0339817 0.00192391 0.000436063 0.000249492 0.000238098 0.000191336 8.97304e-05 4.26255e-05
threshold=1.1076223737683561 1.0000000180025095e-35 1.0000000180025095e-35 0.99987853278274375 2.1294562075180359 0.31807667661601413 5.5000000000000009 11.500000000000002 1.5000000000000002 0.83136000427992751 0.0028638883325029512 -1.0603338076585622 1.0000000180025095e-35 2.8057123418044747 4.5000000000000009 19.500000000000004 -0.31583024450385516 -0.047262546430626641 -0.33999548096586779 0.11598699773793916 0.9998864808908724 0.45304910037403096 -0.35712666629937123 1.7630363955711046 2.7349769336268683 2.7978151630681056 0.86723956240369104 0.99930865958219239 1.8102837095665658 0.99930865958219239 0.74396378269617713
decision_type=2 2 2 2 2 2 2 2 2 2 2 2 2 2 2 2 2 2 2 2 2 2 2 2 2 2 2 2 2 2 2
left_child=1 14 6 19 5 -5 7 9 -9 -3 12 -12 -8 -6 15 25 28 -18 -2 20 -4 26 -21 24 29 27 30 -1 -17 -16 -20
right_child=18 2 3 4 13 -7 10 8 -10 -11 11 -13 -14 -15 23 16 17 -19 21 22 -22 -23 -24 -25 -26 -27 -28 -29 -30 -31 -32
leaf_value=-0.050764098013011121 -0.050922932762650822 -0.056011941236995023 0.069441906447055599 -0.00029594498027310067 0.067157163780300608 -0.034164125436767771 -0.030762278129574373 0.12044829030567439 0.022180902024459364 0.05739481620160819 0.090431001363884891 -0.0013604872883763953 -0.0081810481242290973 -0.0021918820178444729 -0.050665994018802819 -0.050756169256784514 0.35122189211061877 -0.0016302658336147865 0.050363633875830566 0.061431740424537577 0.09592875519637388 -0.018067869726851715 0.050524546184210796 -0.031674165536353445 -0.053193038781113949 -0.05276440685395134 0.052129534930186183 -0.052195905834344893 -0.051980947917986589 -0.051202652816469352 0.050799923478419363
leaf_weight=3.449528267607096 0.38518518768250842 7.9434819277375954 5.6040019611828047 65.814026272855699 4.0541340298950663 26.981663110665977 61.489349302370101 2.6607796140015116 12.809263434726743 1.7534037362784145 2.8515766458585885 14.199443900957702 72.337399101816118 2.3147845175117254 10.512542494572692 0.60114260483533166 0.36894205864518936 1.9202852919697757 41.32443734491244 6.3858382278122008 4.2903092615306377 0.17936277389526267 3.3157184659503383 0.23484664969146329 0.83460570126772005 0.33603481482714403 0.20233365008607407 0.31703940406441677 0.67910564877092838 0.84123155288398344 0.56752301193773647
leaf_count=260 23 201 159 1511 290 721 2049 30 279 36 60 353 1905 72 866 44 11 82 5821 105 25 3 362 19 28 10 10 9 20 42 62
internal_value=6.55659e-05 -0.00658725 -0.00440304 0.00578006 -0.00679771 -0.0101436 -0.0112726 0.0103435 0.0390825 -0.0355056 -0.0148782 0.0139905 -0.0185564 0.0419522 -0.0386304 -0.0193889 0.0169878 0.055237 0.0491755 0.0694297 0.080927 0.0500876 0.057704 -0.0505131 -0.0508761 -0.0510386 0.050378 -0.0508846 -0.0514059 -0.0507058 0.0503695
internal_weight=357.559 314.9 294.805 118.76 99.1646 92.7957 176.045 25.1669 15.47 9.69689 150.878 17.051 133.827 6.36892 20.0953 7.67208 3.56948 2.28923 42.6588 19.5959 9.89431 42.2737 9.70156 12.4232 12.1884 4.1026 42.0943 3.76657 1.28025 11.3538 41.892
internal_count=15468 9549 8158 3245 2594 2232 4913 546 309 237 4367 413 3954 362 1391 436 157 93 5919 651 184 5896 467 955 936 279 5893 269 64 908 5883
is_linear=0
shrinkage=0.05


Tree=86
num_leaves=32
num_cat=0
split_feature=11 5 3 3 30 27 39 1 17 28 1 17 0 30 19 0 2 34 14 18 9 0 17 9 12 4 8 19 9 9 12
split_gain=44.2457 8.39203 7.11842 13.2559 6.53383 6.46081 8.03793 6.10536 6.06391 5.403 4.86665 4.71649 14.738 16.0126 4.29823 4.90287 10.4814 4.28068 4.09364 3.6818 3.40483 3.31753 2.45534 1.5412 1.48098 1.22531 0.325305 0.127592 0.000214782 3.68473e-05 7.96505e-05
threshold=1.1076223737683561 1.0000000180025095e-35 -0.77833290448139492 -0.048859871649979979 0.033082967544145532 0.0051562955663276852 1.0000000180025095e-35 1.353202045923567 26.500000000000004 0.99987956274106693 1.5105478141400235 2.5000000000000004 0.44156176225515453 0.99952847873625494 10.500000000000002 -0.48921753687678132 -0.55412004201785348 0.037172349008729073 -0.55122094545772915 4.5000000000000009 0.93360357790098447 -1.4871465172416181 14.500000000000002 0.88908575359484898 -0.33999548096586779 1.0000000180025095e-35 0.45304910037403096 16.500000000000004 0.86723956240369104 0.74396378269617713 2.80528769393996
decision_type=2 2 2 2 2 2 2 2 2 2 2 2 2 2 2 2 2 2 2 2 2 2 2 2 2 2 2 2 2 2 2
left_child=1 2 11 9 8 6 7 18 -5 23 -9 12 25 -14 -7 -16 -17 19 -3 -13 21 -8 -11 -4 -2 -1 28 -22 29 -26 -31
right_child=24 5 3 4 -6 14 20 10 -10 22 -12 17 13 -15 15 16 -18 -19 -20 -21 27 -23 -24 -25 26 -27 -28 -29 -30 30 -32
leaf_value=-0.053082224744852372 -0.050877210710633142 -0.03589756287101236 0.060395321813786998 -0.0048530890377921024 0.089050546967674324 -0.045702212207129299 0.096844890084408247 0.20802398594482552 -0.034238848431098236 -0.051900765501905748 0.027578984793456791 -0.0057628783207210633 0.00057991602025955975 0.25145116901171599 -0.02685576803266353 0.24590621171746238 0.054692015459961045 0.091058251891239367 0.0041743379553646548 -0.031892993383056581 -0.02201248623970337 0.024211660447030631 0.037904328245034091 0.1119124855822608 0.050345778522678089 0.022996572605400192 -0.017205458941586923 -0.05184500715841589 0.052024090295021364 0.050358886619441726 0.0516769374193711
leaf_weight=3.3828050242736927 0.36672045476734538 17.249636299908168 3.3591580400243384 127.81205471605062 1.7226968533359457 1.0901726251468051 1.7002608841285134 0.45596828777342979 20.351061851717532 1.2750128339976075 2.0700900936499238 17.108910899143666 1.4310201513580978 1.1449959333986044 1.3687870688736428 0.80894732242449929 6.2828292381018409 0.78386359661817451 10.108106451574711 63.572308708447963 0.50701925251632829 20.859168137423698 1.8883676771074531 2.5567182432860136 39.322609710972756 0.62740681786090124 0.1789465993642797 1.2228505937382577 0.19284597365185518 0.37520399549975891 0.16503853211179376
leaf_count=130 23 447 93 3297 26 32 35 21 582 43 71 628 42 21 35 12 194 9 248 2486 17 938 56 25 5821 15 3 46 10 54 8
internal_value=5.9977e-05 -0.00635378 -0.0105272 -0.00421013 -0.00776373 0.00982392 0.00313911 -0.0142245 -0.00888939 0.0544548 0.0601504 -0.0219319 0.0187667 0.112088 0.0477411 0.0597816 0.0765035 -0.0252222 -0.0210918 -0.026352 0.024502 0.0296859 0.00170804 0.08266 0.0491473 -0.0411795 0.050059 -0.0431012 0.0503595 0.0503514 0.0507615
internal_weight=351.342 310.74 247.016 158.965 149.886 63.7238 54.1731 29.8838 148.163 9.07926 2.52606 88.0513 6.58623 2.57602 9.55074 8.46056 7.09178 81.4651 27.3577 80.6812 24.2893 22.5594 3.16338 5.91588 40.6014 4.01021 40.2346 1.72987 40.0557 39.8629 0.540243
internal_count=15468 9549 7453 4122 3905 2096 1823 787 3879 217 92 3331 208 63 273 241 206 3123 695 3114 1036 973 99 118 5919 145 5896 63 5893 5883 62
is_linear=0
shrinkage=0.05


Tree=87
num_leaves=32
num_cat=0
split_feature=11 7 14 14 2 1 16 15 3 6 19 2 0 16 17 2 1 12 8 9 6 0 12 12 32 9 14 32 9 12 9
split_gain=41.892 8.28962 7.54413 9.87741 7.28406 5.47546 6.27365 5.73235 6.9934 6.32918 5.50736 5.15619 3.19599 1.8549 3.39347 3.32711 13.6444 1.40792 0.316512 0.284287 0.0317706 0.0305881 0.00175924 0.000377451 0.00020278 0.000184901 0.000154021 7.39825e-05 3.1737e-05 6.85241e-05 6.46495e-06
threshold=1.1076223737683561 1.0000000180025095e-35 -0.58476531908332718 0.96800862320774628 -0.93306807624577737 1.3214011837870949 1.5000000000000002 2024.5000000000002 0.93837984653164963 -1.5866615443545113 5.5000000000000009 -0.022502936438206896 -2.3905020464827333 4.5000000000000009 19.500000000000004 -0.31583024450385516 -0.19745279362488796 -0.33999548096586779 0.45304910037403096 0.94613496006702369 1.7630363955711046 0.27003099575971273 2.7349769336268683 2.7978151630681056 0.99930865958219239 0.86723956240369104 1.8102837095665658 0.99930865958219239 0.74396378269617713 2.80528769393996 0.52008195898812482
decision_type=2 2 2 2 2 2 2 2 2 2 2 2 2 2 2 2 2 2 2 2 2 2 2 2 2 2 2 2 2 2 2
left_child=1 13 5 19 12 7 -7 8 -3 -9 -8 -6 -5 14 23 26 -17 -2 25 21 22 -4 27 24 -1 28 -16 -15 30 -30 -19
right_child=17 2 3 4 11 6 10 9 -10 -11 -12 -13 -14 20 15 16 -18 18 -20 -21 -22 -23 -24 -25 -26 -27 -28 -29 29 -31 -32
leaf_value=-0.050722361769695107 -0.050833786720499097 -0.0021223110363876854 0.057861415174250856 0.04518743531037589 0.023514180386235581 0.13855233802775413 0.091983540728792751 0.044264073549126731 -0.028919641283172551 -0.037023759977747463 -0.0042245363798307997 -0.0032400092576272787 -0.047974104827756603 -0.050624781171781388 -0.050705367695696814 0.31795512718653568 -0.0029172041302204851 0.050324885127693168 -0.016379883750773497 0.093914859715636068 -0.031756557572741588 0.051885154219819853 -0.053097677319568951 -0.052630497453467553 -0.052078240129707555 0.051923937310808292 -0.051841695025187255 -0.051127373410036869 0.050341266355759889 0.051593998939822895 0.05043890677625678
leaf_weight=3.2401754790917074 0.34912575595080753 119.45389387663454 4.5590794184245134 1.0285809645429242 30.392469384241849 1.0759796500205983 1.7865549656562496 2.5996585777029386 30.579726900905371 30.361032831948251 8.8867661254480463 44.198035197332501 8.7693566735833866 9.8485248666256595 0.56237975321710132 0.39812953025102671 1.9739449797198172 36.129649145528674 0.17857734486460586 0.49790084362030107 0.22253121994435865 4.0369516480714083 0.79698591772466976 0.32014634832739819 0.30140602961182583 0.18378566531464358 0.63481625355780125 0.79102390445768911 0.35702685499563713 0.15723550226539373 1.2874692869372655
leaf_count=260 23 3244 147 21 621 20 47 89 707 1221 250 1263 236 866 44 6 87 5645 3 2 19 290 28 10 9 10 20 42 54 8 176
internal_value=5.33207e-05 -0.0061164 -0.004003 0.00767248 0.00233715 -0.00960756 0.0234798 -0.011732 -0.00758412 -0.0306125 0.0118793 0.00766119 -0.0381941 -0.038025 -0.0185025 0.016643 0.0509381 0.0491194 0.0500307 0.0571824 -0.0504678 0.0550548 -0.0508319 -0.0509864 -0.0508378 0.0503418 -0.0513079 -0.0506621 0.0503342 0.0507243 0.0503288
internal_weight=345.959 307.316 288.226 93.4824 84.3884 194.744 11.7493 182.994 150.034 32.9607 10.6733 74.5905 9.79794 19.0901 7.431 3.56927 2.37207 38.6429 38.2937 9.09393 11.6591 8.59603 11.4365 3.86173 3.54158 38.1152 1.1972 10.6395 37.9314 0.514262 37.4171
internal_count=15468 9549 8158 2580 2141 5578 317 5261 3951 1310 297 1884 257 1391 436 157 93 5919 5896 439 955 437 936 279 269 5893 64 908 5883 62 5821
is_linear=0
shrinkage=0.05


Tree=88
num_leaves=32
num_cat=0
split_feature=11 8 6 7 7 15 4 6 17 39 39 14 17 2 2 28 28 17 6 9 32 12 8 18 28 3 8 3 9 2 9
split_gain=39.6598 8.05991 6.92119 6.76816 6.35119 5.73291 8.02011 6.82689 6.43238 5.19687 16.6974 4.23405 3.57328 10.5259 7.38349 3.40394 10.85 3.35763 4.05156 3.69771 3.27054 1.33847 0.308272 0.264085 0.0283671 0.00403823 0.00123129 0.000533292 0.000159176 0.00010913 2.73354e-05
threshold=1.1076223737683561 0.081334345426088889 -1.42109727068973 1.0001205023425674 1.9971085643509261 2023.5000000000002 1.0000000180025095e-35 -1.0003734156855666 16.500000000000004 1.0000000180025095e-35 0.99987853278274375 -0.50261392055633192 10.500000000000002 1.0131211950271808 0.48274281310946882 0.052200048254389904 0.99987956274106693 19.500000000000004 1.6717403163917015 0.61968564871480203 0.0028638883325029512 -0.33999548096586779 0.45304910037403096 3.5000000000000004 0.76600787273376014 1.647848289567593 0.66528051248230013 0.47058291669546476 0.86723956240369104 -0.12578453210214061 0.74396378269617713
decision_type=2 2 2 2 2 2 2 2 2 2 2 2 2 2 2 2 2 2 2 2 2 2 2 2 2 2 2 2 2 2 2
left_child=1 2 25 9 24 12 8 -8 -7 15 23 -12 13 -4 -14 20 -17 18 -6 -19 -3 -2 28 -11 26 27 -5 29 30 -1 -23
right_child=21 3 5 4 17 6 7 -9 -10 10 11 -13 14 -15 -16 16 -18 19 -20 -21 -22 22 -24 -25 -26 -27 -28 -29 -30 -31 -32
leaf_value=-0.053478943356756514 -0.050792542666380031 -0.031288358708797794 -0.052221592793438326 0.051211412223140157 -0.031082926254578015 0.022324516316636314 0.16856968910192632 0.041636117115548377 -0.011469394326515033 0.078744286824670273 -0.024029150953580089 0.0051010570647169453 0.01346817896707013 0.075058244190279316 -0.039662938669758896 0.077215304505908536 -0.023601803473763075 0.039358060404977975 0.091077365911272912 -0.052315599967157012 0.00024335882020293508 0.050312670862521496 -0.015590168012161979 0.058786174110319923 0.059482282551279311 -0.056902168829965509 0.052910812366120177 -0.054350052344345527 0.051828803350591396 -0.05279121851319897 0.050688867933287723
leaf_weight=1.0360357873141768 0.33236155565827985 71.543387496843934 9.6754838041961175 3.7178262872621444 9.4399059843271971 34.63366289390251 1.1971512027084816 9.1977083343081159 23.728266778867692 3.6519417157396665 36.138481875881553 19.049510246142745 27.835615960881114 1.9520779349841166 8.5465711145661754 3.3748663365840921 12.754225946962833 5.8917216989211729 0.73132012085989195 1.3524852152913807 9.2916935831308347 35.60339159425348 0.17825066298246284 3.0348778432235122 1.5095602669753132 1.1906923428177831 1.4942896682769058 1.3303142748773096 0.1751351235434403 1.3014582432806485 0.48951462237164278
leaf_count=19 23 3630 108 246 270 438 12 573 347 37 1555 544 295 23 137 43 545 139 22 41 283 5821 3 103 26 12 51 21 10 29 62
internal_value=4.69152e-05 -0.00587495 0.00410102 -0.012506 0.0121625 0.00653402 0.0157918 0.0562548 0.00858489 -0.0162546 -0.00493296 -0.0139741 -0.0067244 -0.0308534 0.000987102 -0.0234792 -0.00250674 -0.00377151 -0.0222995 0.0222427 -0.0276639 0.0490918 0.0500027 0.0696861 0.0534467 -0.0543722 0.0516986 -0.0535509 0.0503251 -0.053096 0.0503178
internal_weight=341.38 304.601 121.625 182.976 24.1371 116.767 68.7568 10.3949 58.3619 158.839 61.8748 55.188 48.0097 11.6276 36.3822 96.9642 16.1291 17.4154 10.1712 7.24421 80.8351 36.7787 36.4463 6.68682 6.72168 4.8585 5.21212 3.66781 36.268 2.33749 36.0929
internal_count=15468 9549 2014 7535 795 1933 1370 585 785 6740 2239 2099 563 131 432 4501 588 472 292 180 3913 5919 5896 140 323 81 297 69 5893 48 5883
is_linear=0
shrinkage=0.05


Tree=89
num_leaves=32
num_cat=0
split_feature=11 7 35 35 5 15 13 3 0 1 0 16 17 2 0 16 12 37 36 6 8 6 11 12 12 32 9 14 32 9 12
split_gain=37.5683 7.68041 7.2438 18.1665 6.99828 5.64947 5.01695 4.18364 2.25858 2.13047 5.44191 1.86765 3.24283 3.0085 11.0272 1.84244 1.27245 0.936577 0.861097 1.20006 0.300545 0.0349513 0.00669909 0.00152975 0.000323052 0.000178321 0.000137026 0.000133095 6.80102e-05 2.36159e-05 5.08577e-05
threshold=1.1076223737683561 1.0000000180025095e-35 0.99964157064671022 1.0000000180025095e-35 1.0000000180025095e-35 2024.5000000000002 -0.49005393651311097 -1.0085505036924565 0.067457003985300759 0.36739010266563948 0.33217600158113469 4.5000000000000009 19.500000000000004 -0.31583024450385516 -0.26606536135120235 3.5000000000000004 -0.33999548096586779 0.99987949765743289 0.99960524445339072 0.097534863565767765 0.45304910037403096 1.7630363955711046 1.0379122898689712 2.7349769336268683 2.7978151630681056 0.99930865958219239 0.86723956240369104 1.8102837095665658 0.99930865958219239 0.74396378269617713 2.80528769393996
decision_type=2 2 2 2 2 2 2 2 2 2 2 2 2 2 2 2 2 2 2 2 2 2 2 2 2 2 2 2 2 2 2
left_child=1 11 3 4 5 -3 -6 -5 18 10 -10 12 24 27 -15 -11 -2 -9 22 -20 26 23 -4 28 25 -1 29 -14 -13 -18 -31
right_child=16 2 8 7 6 -7 -8 17 9 15 -12 21 13 14 -16 -17 20 -19 19 -21 -22 -23 -24 -25 -26 -27 -28 -29 -30 30 -32
leaf_value=-0.050671636357705656 -0.050753365959110876 -0.0038060804775977303 -0.051237125163955281 0.24589066276653204 0.0034875490740976555 -0.025955509169449914 0.038051959075457192 0.064219318594768746 -0.013282466119182443 0.0084854753272620483 0.19690941310985763 -0.05058052719385378 -0.050655256216822209 0.27134253754387133 -0.0030486894556377153 -0.042257913578232643 0.050297332598905037 0.11467789962847025 -0.052473069501640893 0.055069717950596023 -0.014835278494483179 -0.030383583781715059 -0.054056424791128314 -0.05295888525337919 -0.052493707392797608 -0.051975035591383736 0.051738431121241935 -0.051746344624494768 -0.051074386235643192 0.05030848137877706 0.051441549806916259
leaf_weight=3.0091468878090417 0.31638997606933017 167.42001478001475 6.9577589058317244 0.38712650164961804 39.476313722552732 34.767116951290518 14.30179049586877 4.0811811643652609 1.3111163340508927 2.6852172715589386 0.4024585224688052 9.1455596582963992 0.52247944381088041 0.44927090406417902 1.9792095487937327 5.3588019642047584 33.877060572151095 1.1871327250264583 0.58132784813642568 0.46843663137406111 0.17796251550316711 0.21419324260205108 3.0222941469401121 0.75096218520775515 0.30206786934286345 0.28748461976647366 0.16687733167782326 0.60100798308849335 0.75464338622987348 0.32313945703208347 0.14279811922460794
leaf_count=260 23 4124 365 13 790 1336 958 109 65 79 18 866 44 5 88 193 5821 15 21 20 3 19 52 28 10 9 10 20 42 54 8
internal_value=4.28344e-05 -0.00566897 -0.00364974 -0.0013925 -0.00335095 -0.00761479 0.0126796 0.0872468 -0.0320584 -0.0145357 0.0360842 -0.0373212 -0.0174768 0.0164151 0.0477139 -0.025319 0.0490645 0.0755894 -0.0475599 -0.00448423 0.0499749 -0.0503811 -0.0520909 -0.0507832 -0.0509287 -0.0507853 0.0503091 -0.0512389 -0.0506182 0.0503022 0.0506557
internal_weight=335.428 300.424 282.408 261.621 255.965 202.187 53.7781 5.65544 20.7874 9.75759 1.71357 18.016 7.15067 3.55197 2.42848 8.04402 35.0042 5.26831 11.0298 1.04976 34.6878 10.8654 9.98005 10.6512 3.5987 3.29663 34.5099 1.12349 9.9002 34.343 0.465938
internal_count=15468 9549 8158 7345 7208 5460 1748 137 813 355 83 1391 436 157 93 272 5919 124 458 41 5896 955 417 936 279 269 5893 64 908 5883 62
is_linear=0
shrinkage=0.05


Tree=90
num_leaves=32
num_cat=0
split_feature=11 11 6 11 18 6 2 2 6 19 19 19 19 0 13 0 2 17 19 32 15 0 0 12 0 21 6 5 9 8 3
split_gain=35.5739 7.33296 5.67002 5.45907 5.19793 6.13696 5.72765 6.76037 4.88276 3.22949 4.32003 6.49529 5.23953 3.0701 3.69025 2.94074 2.74585 3.77612 4.98934 3.32308 3.84743 2.60501 2.57106 1.2097 0.297099 0.160935 0.0112056 0.000969812 0.000121406 5.83653e-05 4.70375e-05
threshold=1.1076223737683561 0.1535784208883989 1.8222708246634811 -0.70169578523728093 18.500000000000004 -0.29294835827231264 -1.3840947084995072 -0.063752844859677679 -0.2137623894562268 55.500000000000007 35.500000000000007 44.500000000000007 17.500000000000004 -0.012043492307904548 2.0713907121882067 -1.7679845589676531 -0.38068667956025437 1.5000000000000002 49.500000000000007 1.0000000180025095e-35 2023.5000000000002 -0.32643156939130413 -0.012043492307904548 -0.33999548096586779 -0.79499990377893048 0.99997358653385171 1.8287057528191195 1.0000000180025095e-35 0.86723956240369104 0.40212678572526644 -0.8810399081468977
decision_type=2 2 2 2 2 2 2 2 2 2 2 2 2 2 2 2 2 2 2 2 2 2 2 2 2 2 2 2 2 2 2
left_child=1 3 4 9 6 25 15 -8 -7 10 12 -12 -1 -4 -15 -3 17 18 -5 21 -21 -18 -19 -2 -25 -6 -16 30 29 -26 -11
right_child=23 2 13 16 5 8 7 -9 -10 27 11 -13 -14 14 26 -17 19 22 -20 20 -22 -23 -24 24 28 -27 -28 -29 -30 -31 -32
leaf_value=0.0040654695484226176 -0.05071615036447872 0.0078704594431013037 -0.052568944219173075 -0.051418745873473386 -0.041238470119893567 0.08992843489293928 0.018806179748597003 -0.0042908613328847892 -0.0094767143555483432 -0.051076655982125442 0.036527861376891617 -0.014370541962840159 -0.034428828281593576 0.17740551803045643 0.037122451303608313 -0.055741658516239793 0.015593154969663556 -0.0465107180797606 0.1703068221987174 0.056068753683585486 -0.032791024255797586 -0.027296513888652625 0.088595343340539298 -0.014334548473636964 0.050286832567336598 -0.054880755635942295 0.050501679237810349 -0.053370285933475682 0.051697661009563023 0.051450649066156234 -0.051521099058931465
leaf_weight=20.170890481211245 0.30117472913116117 2.642783829011023 0.57018335908651341 0.5307033634744609 3.1238387385383266 1.3263761354610348 60.12489841831848 66.967067216522992 17.999446401838213 0.92367283813655454 14.242657358758153 11.194647479336707 15.735877114348112 0.68203545361757179 0.16455623880028758 5.8133876356296224 3.9671396245248607 20.065778078511361 0.48612325452268124 3.0413575302809468 2.0320344767533243 32.907264172565192 0.35841981414705415 0.17877463810145755 32.573252944275737 7.0196836870163679 3.1967418408021331 0.78320120275020588 0.15404433012008567 0.10808475222438474 1.6746757049113501
leaf_count=624 23 56 9 29 125 24 1055 1441 397 48 356 417 606 4 19 119 198 1226 13 81 99 1976 24 12 5869 120 396 16 9 6 71
internal_value=3.88646e-05 -0.00544367 0.00137553 -0.0144727 -0.000152949 -0.0191848 0.00398475 0.00663593 -0.00265431 -0.00425862 -0.00163639 0.0141281 -0.0128044 0.0560467 0.0713635 -0.0358611 -0.0249022 -0.0394579 0.0545835 -0.0174622 0.0204779 -0.0226822 -0.0441398 0.0490373 0.0499473 -0.0506794 0.0498467 -0.051828 0.0502973 0.0502907 -0.0513631
internal_weight=331.061 297.745 169.631 128.114 165.017 29.4693 135.548 127.092 19.3258 64.7256 61.3441 25.4373 35.9068 4.61352 4.04333 8.45617 63.3888 21.441 1.01683 41.9478 5.07339 36.8744 20.4242 33.3153 33.0142 10.1435 3.3613 3.38155 32.8354 32.6813 2.59835
internal_count=15468 9549 3765 5784 3337 666 2671 2496 421 2138 2003 773 1230 428 419 175 3646 1292 42 2354 180 2174 1250 5919 5896 245 415 135 5884 5875 119
is_linear=0
shrinkage=0.05


Tree=91
num_leaves=32
num_cat=0
split_feature=11 7 35 35 5 6 6 3 0 1 1 16 17 17 19 16 18 8 36 6 37 13 6 11 12 12 32 9 32 8 9
split_gain=33.6905 7.07236 6.72142 16.8024 6.17216 5.2321 4.6371 3.38222 2.25886 1.9262 5.38179 1.86677 3.08911 2.70334 2.25265 1.78304 1.72597 1.15263 0.860643 1.10175 0.748702 0.484432 0.0353833 0.00588826 0.00117751 0.000252525 0.000173428 0.000100867 6.75211e-05 5.01776e-05 1.77124e-05
threshold=1.1076223737683561 1.0000000180025095e-35 0.99964157064671022 1.0000000180025095e-35 1.0000000180025095e-35 0.41704696420583509 1.627357638683711 -1.0085505036924565 0.067457003985300759 0.36739010266563948 0.30545364790492263 4.5000000000000009 19.500000000000004 23.500000000000004 24.500000000000004 3.5000000000000004 18.500000000000004 0.49121886121424807 0.99960524445339072 0.097534863565767765 0.99987949765743289 -0.47674309052348829 1.7630363955711046 1.0379122898689712 2.7349769336268683 2.7978151630681056 0.99930865958219239 0.86723956240369104 0.99930865958219239 0.40212678572526644 0.74396378269617713
decision_type=2 2 2 2 2 2 2 2 2 2 2 2 2 2 2 2 2 2 2 2 2 2 2 2 2 2 2 2 2 2 2
left_child=1 11 3 4 5 -3 -6 -5 18 10 -10 12 25 14 -14 -11 -15 21 23 -20 -9 -2 24 -4 28 26 -1 29 -13 30 -23
right_child=17 2 8 7 6 -7 -8 20 9 15 -12 22 13 16 -16 -17 -18 -19 19 -21 -22 27 -24 -25 -26 -27 -28 -29 -30 -31 -32
leaf_value=-0.050622449551647741 -0.050649872587121642 -0.0025089805366742004 -0.051175699471736363 0.22502435930357359 0.0068361325314938636 -0.021425374452134355 0.053551531598978443 0.063702095223087757 -0.014452362108597386 0.0088030052607500821 0.19251196335694318 -0.050537087956135776 0.0027220767463761349 -0.05133434799651973 0.11944929255232797 -0.041633093292352388 0.063159354683812868 -0.053113823450810262 -0.052405298638924951 0.050602085001699285 0.10904475422450924 0.050268531848914694 -0.029622814728728408 -0.053884973584475131 -0.052709172480272452 -0.052306374531327859 -0.051930832302266028 0.05156868791884929 -0.051043104767902837 0.051378635653754147 0.050593897661275568
leaf_weight=2.7871987717226183 0.11933283414692297 151.57101845135912 6.5517560797743499 0.40078697400167573 47.279023691313341 48.172045564744622 5.9845011490397146 3.9338953548576674 1.3535956302657703 2.6684156786650419 0.40901983622461546 8.4563724040053714 0.80386553984135412 1.43561480846256 0.85075369570404291 5.1043718480505049 0.42708432301878918 0.27390967775136132 0.55391389131546087 0.48853819165378809 1.1845398359000681 30.636043478734802 0.20268891565501768 2.8901755213737488 0.69639317318797189 0.28140783216804255 0.27858822606503952 0.15178613271564145 0.71498841140419322 0.10295386239886184 0.42407695017754932
leaf_count=260 10 4125 365 13 1174 1335 574 109 67 79 16 866 25 93 23 193 16 14 21 20 15 5817 19 52 28 10 9 10 42 6 62
internal_value=3.15313e-05 -0.00522435 -0.00331699 -0.00115561 -0.00303829 -0.00707105 0.0120849 0.0851482 -0.0312279 -0.0136169 0.0335743 -0.0365965 -0.0164897 0.0162306 0.0627396 -0.0243183 -0.0250829 0.0490098 -0.047245 -0.00413158 0.0741956 0.0498997 -0.0503023 -0.052005 -0.050727 -0.0508729 -0.0507413 0.0502829 -0.0505765 0.0502766 0.050273
internal_weight=327.189 295.481 278.546 258.526 253.007 199.743 53.2635 5.51922 20.0198 9.5354 1.76262 16.935 6.86451 3.51732 1.65462 7.77279 1.8627 31.7081 10.4844 1.04245 5.11844 31.4342 10.0704 9.44193 9.86775 3.34719 3.06579 31.3149 9.17136 31.1631 31.0601
internal_count=15468 9549 8158 7345 7208 5460 1748 137 813 355 83 1391 436 157 48 272 109 5919 458 41 124 5905 955 417 936 279 269 5895 908 5885 5879
is_linear=0
shrinkage=0.05


Tree=92
num_leaves=32
num_cat=0
split_feature=11 39 39 2 19 6 17 19 12 7 41 41 17 17 1 18 6 18 9 14 6 2 5 8 0 41 13 11 3 12 18
split_gain=31.9139 6.83631 33.6088 5.12843 11.6525 9.44368 6.64999 6.26247 5.05331 4.90905 5.79909 9.02466 5.64576 4.83016 6.31775 4.6754 4.4024 3.24834 3.22235 4.80287 2.88501 3.15284 2.50566 1.09593 0.840228 0.538972 0.46067 0.239323 0.235726 0.0585849 0.038431
threshold=1.1076223737683561 1.0000000180025095e-35 0.99987853278274375 1.1829450722692048 5.5000000000000009 0.31807667661601413 28.500000000000004 7.5000000000000009 -0.33205659939990506 1.0045047932919282 1.0000000180025095e-35 0.9998864808908724 18.500000000000004 11.500000000000002 1.7215937805487429 13.500000000000002 -1.8896341165744548 13.500000000000002 0.42457226138666876 1.7863278513681908 -1.2557969281944357 -1.0861534148807601 1.0000000180025095e-35 0.49121886121424807 0.11598699773793916 0.9998864808908724 -0.47674309052348829 -1.3303204638715262 -1.039230577100829 -0.35712666629937123 2.5000000000000004
decision_type=2 2 2 2 2 2 2 2 2 2 2 2 2 2 2 2 2 2 2 2 2 2 2 2 2 2 2 2 2 2 2
left_child=1 9 24 5 15 7 -6 -4 -7 10 13 27 -13 16 -15 -5 -1 18 19 -11 -19 -22 -20 26 25 28 -2 -12 -3 30 -26
right_child=23 2 3 4 6 8 -8 -9 -10 17 11 12 -14 14 -16 -17 -18 20 22 -21 21 -23 -24 -25 29 -27 -28 -29 -30 -31 -32
leaf_value=0.0780199902273256 -0.050617828493094486 0.082874175579874906 -0.045357038987552202 0.18102283378721074 -0.014101224235520515 -0.045651140803234458 0.12915373797171725 0.0050962389837945479 0.014256691952885651 0.021178342926921948 0.088694567974177616 0.0024000433533833063 -0.028720293338832928 -0.01745185736838116 0.074569443469149302 -0.0063974094089101347 -0.043098478215717939 0.14693421464948267 -0.042599014332445874 0.33687480375951895 0.070393383105023272 0.0058054723140674768 0.026661963977386401 -0.052968380847157506 0.067337130674578083 0.091543257000989475 0.050269038129788148 0.058927317997650608 0.05984563455443187 0.05043817077581967 0.057237838663586518
leaf_weight=0.77176938904449599 0.11358295101673022 1.6481008599512277 6.8953385958448044 1.4656698144972313 7.5325852599926275 21.937954436056319 0.90772927273064841 56.933746303198859 4.1928064525127402 0.53915443830191989 0.82002314273267973 43.863442500121891 21.825451481156051 59.481571781914681 1.9255832321941841 0.4304914460517465 26.91329841921106 0.54264222644269366 4.3579279100522399 0.1551439194008708 2.8767944909632197 5.5053904713131478 1.8645172463729975 0.26124832732602854 1.1969844233244655 4.2218525297939777 29.795618323609233 3.8238852103240779 3.4115289528854209 2.7093989930581284 4.4215377406217158
leaf_count=38 10 8 200 60 333 676 35 1503 202 53 6 690 455 2689 57 32 1324 14 142 18 31 194 42 14 9 25 5895 104 151 362 96
internal_value=2.8809e-05 -0.00501035 0.00429863 -0.00688697 0.0264678 -0.0107195 0.0013054 -0.000354136 -0.0360386 -0.0112727 -0.0139105 -0.0031777 -0.00793984 -0.0223834 -0.0145663 0.138472 -0.0397221 0.0152732 -0.0104456 0.0917221 0.0352053 0.0279723 -0.0218454 0.0489953 0.0680074 0.078353 0.0498859 0.0641836 0.0673468 0.0564772 0.0593894
internal_weight=323.343 293.172 117.906 100.296 10.3365 89.9598 8.44031 63.8291 26.1308 175.267 159.425 70.3328 65.6889 89.0922 61.4072 1.89616 27.6851 15.8416 6.91674 0.694298 8.92483 8.38218 6.22245 30.1704 17.6094 9.28148 29.9092 4.64391 5.05963 8.32792 5.61852
internal_count=15468 9549 3692 3041 460 2581 368 1703 878 5857 5363 1255 1145 4108 2746 92 1362 494 255 71 239 225 184 5919 651 184 5905 110 159 467 105
is_linear=0
shrinkage=0.05


Tree=93
num_leaves=32
num_cat=0
split_feature=11 8 6 7 7 4 9 8 15 4 16 6 2 17 2 2 17 6 2 8 5 12 13 12 28 3 8 3 2 9 8
split_gain=30.2518 6.55867 6.43052 5.41387 5.97577 5.31946 6.47792 6.35725 5.21488 6.92662 5.67239 5.53331 4.37351 3.2543 9.74079 6.59391 2.97596 3.45145 3.3792 1.04204 0.605094 1.48619 0.438081 0.0542274 0.026002 0.00338392 0.00114232 0.000420888 9.15614e-05 7.50474e-05 3.72496e-05
threshold=1.1076223737683561 0.081334345426088889 -1.42109727068973 1.0001205023425674 1.9971085643509261 1.0000000180025095e-35 0.52008195898812482 0.2477657413042107 2023.5000000000002 1.0000000180025095e-35 11.500000000000002 -1.0003734156855666 -0.85460052822397248 10.500000000000002 1.0131211950271808 0.48274281310946882 19.500000000000004 1.6717403163917015 -0.57098431090644819 0.49121886121424807 1.0000000180025095e-35 -0.32963998366608555 -0.47674309052348829 2.7978151630681056 0.76600787273376014 1.647848289567593 0.66528051248230013 0.47058291669546476 -0.12578453210214061 0.86723956240369104 0.40212678572526644
decision_type=2 2 2 2 2 2 2 2 2 2 2 2 2 2 2 2 2 2 2 2 2 2 2 2 2 2 2 2 2 2 2
left_child=1 2 25 5 24 6 7 -3 13 10 -10 -11 -8 14 -4 -15 17 -6 -18 22 23 -22 -2 -7 26 27 -5 28 -1 30 -24
right_child=19 3 8 4 16 20 12 -9 9 11 -12 -13 -14 15 -16 -17 18 -19 -20 -21 21 -23 29 -25 -26 -27 -28 -29 -30 -31 -32
leaf_value=-0.0532458916243903 -0.050587380570705553 0.089196118119516055 -0.051252201331123286 0.051127437357187534 -0.030375303381906617 -0.051291890694198441 -0.040622927863309698 0.001975598371145124 0.0043720013374444998 0.152436923424489 0.063346671897653348 0.040061814894281664 -0.013157476849399573 0.0127812245087266 0.073053255914090703 -0.038559910997982678 0.053859200668044997 0.081126263958965494 -0.014723474549375655 -0.052829391966716703 -0.051380264382732868 0.026251788061519784 0.05024688985102848 -0.06441396701749369 0.059279359157839932 -0.056464567275705084 0.052829653158549816 -0.054036721350012563 -0.052592773418320166 0.051419497876458213 0.05124661351890878
leaf_weight=0.96812320314347777 0.10810683574528113 2.2528340667486217 9.1784417424350959 3.35063198511489 9.0639878837391734 8.4205849678255582 17.362270088866353 28.755492970347404 52.753628241829574 1.2605954539030779 4.4188588252291074 8.3606383351143432 87.746020520105958 27.528364735422656 1.9026944334618736 8.0923475669696909 3.6929192254319787 0.75158159295097071 3.4967386550270012 0.24914440698921581 1.8865310619585218 0.91576169827021559 28.118317906279124 0.86853168811649162 1.449485025834292 1.1259353049099443 1.3963261127937583 1.2457733489573 1.2039774823933833 0.13789388025179405 0.093485308345406248
leaf_count=19 10 38 108 246 270 453 978 989 752 12 33 573 4157 295 23 137 65 22 115 14 62 52 5879 11 26 12 51 21 29 10 6
internal_value=2.4049e-05 -0.00483144 0.00423832 -0.0110772 0.0113814 -0.0145931 -0.0117698 0.00831239 0.0065734 0.0155353 0.00893015 0.0547855 -0.0176943 -0.00624411 -0.0299082 0.0011175 -0.00393613 -0.0218376 0.0205036 0.0489815 -0.0463754 -0.0260109 0.0498728 -0.0525188 0.0534179 -0.0540872 0.0516281 -0.0533041 -0.0528839 0.0502559 0.0502502
internal_weight=318.156 289.449 118.039 171.41 23.2017 148.208 136.117 31.0083 113.496 66.7937 57.1725 9.62123 105.108 46.7018 11.0811 35.6207 17.0052 9.81557 7.18966 28.7069 12.0914 2.80229 28.4578 9.28912 6.19644 4.54381 4.74696 3.41787 2.1721 28.3497 28.2118
internal_count=15468 9549 2014 7535 795 6740 6162 1027 1933 1370 785 585 5135 563 131 432 472 292 180 5919 578 114 5905 464 323 81 297 69 48 5895 5885
is_linear=0
shrinkage=0.05


Tree=94
num_leaves=31
num_cat=0
split_feature=11 35 35 26 23 7 11 11 4 3 0 2 18 8 19 19 8 36 9 37 13 7 18 6 11 37 12 9 8 9
split_gain=28.6718 6.50743 15.4128 6.10092 11.3196 6.417 5.40929 4.9003 3.60358 2.41418 2.10415 1.61461 5.65238 2.34179 1.31993 4.3915 0.990827 0.819735 1.41427 0.565931 0.416604 0.104188 0.07209 0.0305865 0.00549046 0.00068598 0.000411473 6.46011e-05 3.20385e-05 1.14283e-05
threshold=1.1076223737683561 0.99964157064671022 1.0000000180025095e-35 0.99987956274106693 1.0000000180025095e-35 1.0001205023425674 0.22026765718120517 -0.22895778722045831 1.0000000180025095e-35 -1.0085505036924565 0.067457003985300759 0.39187649605023106 5.5000000000000009 0.78176237086068812 23.500000000000004 18.500000000000004 0.49121886121424807 0.99960524445339072 0.88908575359484898 0.99987949765743289 -0.47674309052348829 0.13809572091878861 2.5000000000000004 1.1088538963420262 1.0379122898689712 0.99987949765743289 2.70160039506426 0.86723956240369104 0.40212678572526644 0.74396378269617713
decision_type=2 2 2 2 2 2 2 2 2 2 2 2 2 2 2 2 2 2 2 2 2 2 2 2 2 2 2 2 2 2
left_child=1 2 3 4 6 7 -1 -5 -7 -4 17 12 -12 -14 15 -13 20 24 -19 22 -2 -6 -11 -16 26 -26 -3 28 29 -22
right_child=16 10 9 5 21 8 -8 -9 -10 19 11 14 13 -15 23 -17 -18 18 -20 -21 27 -23 -24 -25 25 -27 -28 -29 -30 -31
leaf_value=-0.035600220237734022 -0.050558446773617552 -0.05093838195601659 0.19681998476223381 -0.006353358235648943 0.083506097830055401 0.0061311760393306944 0.0019480450757633405 -0.027431466607119301 0.073641124833504296 0.071000770555963447 0.12465827765957223 -0.03253847187916608 -0.051819125573244064 0.078665396186895276 -0.052184791858895047 0.11793498699455485 -0.05269660319958909 -0.051679207451103173 0.065199600456470136 0.10255029084262167 0.050230957903829587 0.053813968688852382 0.056697065323168344 -0.037256160123100061 -0.054608684482880511 -0.053008695004571227 -0.052561169842431248 0.051349552110781529 0.051184880332547693 0.050512363471444444
leaf_weight=10.424442610703407 0.10289176832885161 6.4254047833383083 0.42388143972493697 61.652202338911593 0.30496013350784679 6.0748399323783797 120.08701147930697 49.885167532600462 2.930122587364167 1.4998582890257233 0.84967957390472149 2.8084127162583177 1.8020327924750748 0.42493249475955952 3.0531439152546231 0.58606435917317856 0.23757562227547069 0.66193436086177893 0.42500045616179705 1.17245103046298 26.387450264301162 9.4672488612122816 2.1344894005451351 0.38654668675735582 1.15834841132164 1.588721726089716 0.41590739786624897 0.13134288089349766 0.08903052005916734 0.36579329427331586
leaf_count=565 10 436 13 2451 4 212 1766 2527 275 10 36 100 90 22 140 23 14 31 18 15 5817 627 99 19 18 34 18 10 6 62
internal_value=1.97541e-05 -0.00464453 -0.00254895 -0.00425318 0.00283539 -0.0125026 -0.00105108 -0.0157806 0.0280982 0.0824317 -0.031728 -0.0151376 0.0149407 -0.0269211 -0.0286784 -0.00655888 0.0489683 -0.0471303 -0.00597863 0.0723445 0.0498603 0.0547406 0.0626001 -0.0505071 -0.0517952 -0.0536834 -0.051037 0.0502434 0.050238 0.0502348
internal_weight=313.957 286.643 266.057 260.826 140.284 120.542 130.511 111.537 9.00496 5.23068 20.5861 9.91081 3.07664 2.22697 6.83417 3.39448 27.3141 10.6753 1.08693 4.8068 27.0765 9.77221 3.63435 3.43969 9.58838 2.74707 6.84131 26.9736 26.8423 26.7532
internal_count=15468 9549 8564 8427 2962 5465 2331 4978 487 137 985 430 148 112 282 123 5919 555 49 124 5905 631 109 159 506 52 454 5895 5885 5879
is_linear=0
shrinkage=0.05


Tree=95
num_leaves=32
num_cat=0
split_feature=11 14 14 1 2 6 37 7 1 3 3 31 3 6 16 5 12 8 18 16 13 9 6 0 41 8 12 9 8 9 16
split_gain=27.176 6.33161 8.97137 6.68787 7.80523 7.23233 6.54096 4.88415 4.70616 5.4495 4.94885 20.2095 4.02096 3.15469 6.04733 3.23566 3.10725 0.942149 0.671442 3.11776 0.396186 0.226058 0.0425402 0.0229396 0.0173831 0.00642923 0.000128529 5.56095e-05 2.75578e-05 9.86399e-06 3.01929e-06
threshold=1.1076223737683561 -0.58476531908332718 0.96800862320774628 -0.45287608950876002 -0.022502936438206896 0.55732301787337046 0.99987949765743289 0.065867634474264206 1.3214011837870949 -1.094398238842808 0.93837984653164963 0.013423320638200899 -1.0017490626873347 -1.2931140155417815 7.5000000000000009 1.0000000180025095e-35 2.8057440224260364 0.49121886121424807 20.500000000000004 2.5000000000000004 -0.47674309052348829 0.94613496006702369 1.7304368594624078 -0.063246366150425171 0.9998864808908724 0.64268964693033426 2.70160039506426 0.86723956240369104 0.40212678572526644 0.74396378269617713 4.5000000000000009
decision_type=2 2 2 2 2 2 2 2 2 2 2 2 2 2 2 2 2 2 2 2 2 2 2 2 2 2 2 2 2 2 2
left_child=1 7 21 13 5 -5 -6 18 10 -10 11 -9 -11 14 -4 -15 -12 20 22 -20 -2 23 26 24 -3 -25 -1 28 29 -22 -21
right_child=17 2 3 4 6 -7 -8 8 9 12 16 -13 -14 15 -16 -17 -18 -19 19 30 27 -23 -24 25 -26 -27 -28 -29 -30 -31 -32
leaf_value=-0.05054334616682387 -0.050530952922923415 0.055005165494803526 -0.048545771703140811 0.043504247648613908 0.015747291320625741 -0.036028936405565357 -0.022816408458178932 -0.009883768737782973 0.15180093748989623 -0.048851606278637827 -0.029418069475209342 0.082679957866215348 0.029263995160328744 -0.046732963769890709 0.10732703782087792 0.006215753795152535 0.065942007454128856 -0.05256976996869215 0.14607916918205396 -0.050651008502804046 0.050219641479810041 0.089713722453683142 -0.026086929520891644 0.051186378088241738 0.06249936166702641 0.055637603622228415 -0.051314784545893145 0.051283086626945196 0.051126248909315913 0.050487633856176217 -0.050435122781367359
leaf_weight=7.3926544273272139 0.097925587091601041 1.984216698911041 1.2879139729775517 19.970309848431501 21.839341703336686 3.3358569182455531 22.145701359026134 129.31432857364416 0.77027157600968976 2.0471586911007753 33.245054944418371 6.1784994532354167 8.4358386276289803 11.823374019935725 1.2039058567024765 3.8167084469459942 0.87677519675344129 0.22652040747925539 0.25293255550786742 0.20349904987961054 25.106030761729937 0.49342691898345936 0.18100983416661609 3.1276557578239581 1.2684201155789196 1.0953157027252016 0.58247511321678747 0.12509505171328683 0.084783120546488955 0.34811947750858863 0.7933399835601449
leaf_count=820 10 95 46 371 805 97 625 4244 27 67 926 77 223 454 38 86 14 14 17 18 5817 2 20 298 14 30 39 10 6 62 96
internal_value=1.87216e-05 -0.00446472 0.00619775 0.0014645 0.00872671 0.0321205 -0.00366886 -0.00969818 -0.00787136 0.0234409 -0.00994881 -0.00566284 0.0140093 -0.0254871 0.0267631 -0.0338117 -0.0269678 0.0489557 -0.0448263 -0.0106991 0.0498484 0.0569352 -0.0500557 0.0547717 0.0579277 0.0523409 -0.0505997 0.0502315 0.0502263 0.0502233 -0.0504792
internal_weight=309.654 283.666 93.3921 85.4231 67.2912 23.3062 43.985 190.274 180.868 11.2533 169.615 135.493 10.483 18.1319 2.49182 15.6401 34.1218 25.9885 9.40591 1.24977 25.762 7.96904 8.15614 7.47561 3.25264 4.22297 7.97513 25.664 25.5389 25.4542 0.996839
internal_count=15468 9549 2961 2522 1898 468 1430 6588 5578 317 5261 4321 290 624 84 540 940 5919 1010 131 5905 439 879 437 109 328 859 5895 5885 5879 114
is_linear=0
shrinkage=0.05


Tree=96
num_leaves=31
num_cat=0
split_feature=11 35 35 18 31 31 1 19 8 13 0 3 2 18 8 19 19 8 36 16 37 13 2 6 11 37 12 9 8 9
split_gain=25.7643 6.00544 13.8276 5.78334 5.92783 18.5101 3.31422 2.1034 5.04599 2.13461 2.08893 1.89767 1.51124 4.62777 2.43694 1.2959 3.72785 0.895881 0.825372 1.30983 0.428404 0.376773 0.0473445 0.0344671 0.00457129 0.000571341 0.000342044 4.78684e-05 2.37044e-05 8.51236e-06
threshold=1.1076223737683561 0.99964157064671022 1.0000000180025095e-35 1.5000000000000002 0.99970103058260251 0.0045474381706620002 2.7173173918983768 55.500000000000007 0.49121886121424807 2.1294562075180359 0.067457003985300759 -1.0085505036924565 0.39187649605023106 5.5000000000000009 0.8857054522957305 23.500000000000004 18.500000000000004 0.49121886121424807 0.99960524445339072 6.5000000000000009 0.99987949765743289 -0.47674309052348829 -0.64810102980919104 1.1088538963420262 1.0379122898689712 0.99987949765743289 2.70160039506426 0.86723956240369104 0.40212678572526644 0.74396378269617713
decision_type=2 2 2 2 2 2 2 2 2 2 2 2 2 2 2 2 2 2 2 2 2 2 2 2 2 2 2 2 2 2
left_child=1 2 3 7 5 -5 -6 9 -9 -1 18 -4 13 -12 -15 16 -14 21 24 -20 22 -2 -13 -17 26 -26 -3 28 29 -23
right_child=17 10 11 4 6 -7 -8 8 -10 -11 12 20 15 14 -16 23 -18 -19 19 -21 -22 27 -24 -25 25 -27 -28 -29 -30 -31
leaf_value=-0.041269790901093686 -0.050504824068236392 -0.050883066745980657 0.17817736217921501 -0.0021481696440066116 -0.02932445257295473 0.076040003241228227 0.079733145547213891 -0.053363634351442174 0.13236199723222916 0.049254710423046577 0.10687989994722061 0.079575356480696011 -0.03162261903041988 -0.051596885343926119 0.084792293147238365 -0.052087153591792806 0.10208975311950064 -0.052448653546026985 -0.052185949649656595 0.060010345497696294 0.096277730567601638 0.050208887271844395 0.059351925691340991 -0.035945784857192534 -0.054328105307507736 -0.05282729967945568 -0.052411287283319688 0.051219922161246559 0.051070559102825923 0.050464087192918783
leaf_weight=14.990970907732844 0.093196676112717536 6.0331594157032669 0.44587227469310153 207.82402751268819 22.412295567337427 7.8556197006255379 0.71899052895605464 0.87106357887387165 0.63037761533632874 0.68079304601997215 0.94351144321262692 0.31908029317855824 2.7196180908940737 1.7435752684250476 0.40325827058404673 2.8843682724982505 0.64485839754343022 0.21595789911225338 0.62150560552254386 0.44739502342417836 1.1693261591717599 23.886583136627461 3.1113133775070305 0.37355506885796774 1.0973992124199867 1.5022020060569048 0.38979827845469106 0.11913713673129578 0.080733923707156374 0.33129210560582478
leaf_count=539 10 436 13 6712 838 248 11 23 21 35 36 7 100 92 20 140 23 14 27 22 15 5817 102 19 18 34 18 10 6 62
internal_value=1.43314e-05 -0.00429382 -0.00227986 -0.00389551 -0.00188015 0.000699649 -0.0259346 -0.0319211 0.024613 -0.0373373 -0.0308389 0.0796889 -0.0142866 0.014585 -0.0259777 -0.0277595 -0.0059944 0.0489438 -0.04677 -0.00522549 0.070142 0.0498372 0.061233 -0.0502364 -0.0516918 -0.0534609 -0.0509758 0.0502201 0.0502152 0.0502124
internal_weight=305.561 280.834 261.03 255.984 238.811 215.68 23.1313 17.1732 1.50144 15.6718 19.8042 5.04559 9.71274 3.09034 2.14683 6.6224 3.36448 24.7269 10.0915 1.0689 4.59972 24.5109 3.43039 3.25792 9.02256 2.5996 6.42296 24.4177 24.2986 24.2179
internal_count=15468 9549 8564 8427 7809 6960 849 618 44 574 985 137 430 148 112 282 123 5919 555 49 124 5905 109 159 506 52 454 5895 5885 5879
is_linear=0
shrinkage=0.05


Tree=97
num_leaves=32
num_cat=0
split_feature=11 7 39 39 6 2 1 19 18 28 17 0 2 27 16 17 2 0 8 0 13 41 6 12 12 12 32 14 32 9 8
split_gain=24.423 5.84305 5.41193 27.1096 5.13236 10.7215 6.66004 4.45871 10.9921 7.06633 6.88736 5.02565 6.40658 2.09029 2.00297 3.11516 2.6251 7.52989 0.8519 0.620658 0.358316 0.318863 0.0440466 0.0342956 0.000798967 0.00021002 0.000113556 7.71542e-05 5.38736e-05 4.12048e-05 2.03904e-05
threshold=1.1076223737683561 1.0000000180025095e-35 1.0000000180025095e-35 0.99987853278274375 0.31807667661601413 0.54487431046986079 -1.1446347635080827 5.5000000000000009 11.500000000000002 0.83136000427992751 22.500000000000004 -1.0879875335490095 -0.063752844859677679 0.69287288303635386 4.5000000000000009 19.500000000000004 -0.31583024450385516 -0.26606536135120235 0.49121886121424807 0.11598699773793916 -0.47674309052348829 0.9998864808908724 1.7630363955711046 -0.35712666629937123 2.7349769336268683 2.7978151630681056 0.99930865958219239 1.8102837095665658 0.99930865958219239 0.86723956240369104 0.40212678572526644
decision_type=2 2 2 2 2 2 2 2 2 2 2 2 2 2 2 2 2 2 2 2 2 2 2 2 2 2 2 2 2 2 2
left_child=1 14 7 19 6 -6 -5 8 9 -3 -10 13 -13 -9 15 25 27 -18 20 21 -2 -4 24 -21 28 26 -1 -17 -16 30 -22
right_child=18 2 3 4 5 -7 -8 11 10 -11 -12 12 -14 -15 22 16 17 -19 -20 23 29 -23 -24 -25 -26 -27 -28 -29 -30 -31 -32
leaf_value=-0.050547857068262793 -0.050479993147008663 -0.055631587482097768 0.066240935637564169 0.045812747340470382 -0.044136198563345393 0.023731570194208861 -0.0027608885568017323 -0.045543316834792652 0.051622137822792048 0.058196938742005072 -0.052415064727012767 0.0043965807913918051 -0.01887634564479744 0.011731920967002195 -0.050462432491263878 -0.050545394935732339 0.21200387023265832 -0.00010714777559819864 -0.052333026176727686 0.057773871244801427 0.050201985559418717 0.085332260841454191 -0.02596609942250926 0.050371507422011991 -0.052370353584209543 -0.052157341602228728 -0.051678971570771649 -0.051458516219901024 -0.050942394347313048 0.051159893918335392 0.051017657857088665
leaf_weight=2.4043084657751024 0.088693928439176228 6.8393343593925255 4.6551474018488097 8.0931498715653998 18.359830864239488 8.519669921603052 55.116398649988696 13.461331385187801 12.675144281238316 1.7029004972428081 1.8191070035099972 54.210316352313384 65.060292247449979 1.8068060521036393 7.2371911397203768 0.42549358494579825 0.54071022570133287 1.8498638509772711 0.2058679424226274 4.9448790887836376 23.04140370013193 4.1253007729537785 0.1848586401902147 2.2890539828222227 0.61648450698703516 0.25400517461821426 0.24445005040615786 0.50696793105453253 0.63604119885712851 0.11345636402256687 0.076874106656758978
leaf_count=260 10 201 159 223 559 496 1316 482 251 36 58 1639 2176 70 866 44 5 88 14 105 5879 25 19 362 28 10 9 20 42 10 6
internal_value=1.22711e-05 -0.00411909 -0.00239771 0.00633176 -0.00432404 -0.022625 0.00345833 -0.00827571 0.01205 -0.0329398 0.0385649 -0.011756 -0.00829844 -0.0387655 -0.0345808 -0.0129419 0.0201141 0.047869 0.0489325 0.0662761 0.0498264 0.0752106 -0.0501112 0.0554315 -0.0506369 -0.0507839 -0.0506522 -0.0510418 -0.0505012 0.0502094 0.0502047
internal_weight=302.105 278.579 263.679 106.103 90.089 26.8795 63.2095 157.575 23.0365 8.54223 14.4943 134.539 119.271 15.2681 14.9004 6.2258 3.32304 2.39057 23.5263 16.0144 23.3204 8.78045 8.67458 7.23393 8.48972 2.90276 2.64876 0.932462 7.87323 23.2317 23.1183
internal_count=15468 9549 8158 3245 2594 1055 1539 4913 546 237 309 4367 3815 552 1391 436 157 93 5919 651 5905 184 955 467 936 279 269 64 908 5895 5885
is_linear=0
shrinkage=0.05


Tree=98
num_leaves=32
num_cat=0
split_feature=11 14 14 2 7 15 6 8 30 30 0 18 16 2 1 6 16 8 18 19 13 9 6 0 41 8 12 9 8 16 9
split_gain=23.1627 5.60261 8.06291 6.30573 4.44856 4.25748 5.51046 6.0481 4.96425 15.1714 4.73822 4.21627 5.49039 4.20409 3.26893 2.98074 2.08895 0.810093 0.685245 2.72482 0.340767 0.164595 0.0510163 0.0167791 0.0136084 0.00549384 9.17183e-05 3.54687e-05 1.75402e-05 8.10288e-06 6.34418e-06
threshold=1.1076223737683561 -0.58476531908332718 0.96800862320774628 -0.93306807624577737 0.065867634474264206 2024.5000000000002 -1.5866615443545113 0.23940349942791392 0.0094401897994376167 0.99952847873625494 1.7283287823294422 9.5000000000000018 3.5000000000000004 -0.33257612904152284 1.3890662218692018 0.99473168238621956 1.5000000000000002 0.49121886121424807 20.500000000000004 50.500000000000007 -0.47674309052348829 0.94613496006702369 1.7437283777166994 -0.063246366150425171 0.9998864808908724 0.64268964693033426 2.70160039506426 0.86723956240369104 0.40212678572526644 4.5000000000000009 0.74396378269617713
decision_type=2 2 2 2 2 2 2 2 2 2 2 2 2 2 2 2 2 2 2 2 2 2 2 2 2 2 2 2 2 2 2
left_child=1 4 21 15 18 8 7 -7 10 -10 -6 13 -13 -5 -8 16 -4 20 22 29 -2 23 26 24 -3 -25 -1 28 30 -20 -22
right_child=17 2 3 11 5 6 14 -9 9 -11 -12 12 -14 -15 -16 -17 -18 -19 19 -21 27 -23 -24 25 -26 -27 -28 -29 -30 -31 -32
leaf_value=-0.05050360458776959 -0.050456391598369649 0.054475837877537105 0.048212585405933553 0.023152833986503515 -0.0099265158512113188 -0.052617072958664683 -0.034825565460776309 0.10672587621800977 0.079523678755458183 -0.0061799812831542754 0.04780659826652553 -0.016066596966979086 0.025417111788602471 -0.019973068351574821 0.035746362907680587 0.045959553487300693 -0.05324910166381909 -0.052222659465310184 -0.050672206352476337 0.12849042750219861 0.050188933755094457 0.084553510079878089 -0.0226189573573225 0.051088183551347754 0.061398494218271565 0.055347953943389587 -0.051188504309867558 0.051102844986791587 0.050967402757411677 -0.05036897263618767 0.050420419905410685
leaf_weight=6.6540204021148366 0.084406743291771558 1.8076909279916435 0.54257111996411911 7.7293659257702556 114.19312371918932 0.95725051686168017 26.547404952347282 1.5758971390314398 6.9159602969884899 20.381846828386188 3.6680575869977465 10.297577869147061 35.379257600288838 21.01780130318366 1.7490017735399295 0.96976101398468095 7.8032744163647294 0.19623107044026156 0.36563147371634819 0.27659102296456695 21.621778144035499 0.48331347107887257 0.16724410140886892 2.8739017832558598 1.1689892145805061 1.0275349863804875 0.52756803343072523 0.10804047551937301 0.073195196921004846 0.55427217669785023 0.30008986964821716
leaf_count=821 10 95 19 194 3405 30 1230 65 124 577 96 243 958 794 51 29 285 14 33 20 5817 2 19 298 14 30 39 10 6 78 62
internal_value=6.49852e-06 -0.0039658 0.00617972 0.00176941 -0.00897446 -0.0072638 -0.0241387 0.0465118 -0.00367982 0.0155332 -0.00812975 0.00662365 0.0160649 -0.00837763 -0.0304635 -0.037012 -0.046653 0.0489217 -0.044205 -0.00911511 0.0498162 0.0563491 -0.0499182 0.0543672 0.0571945 0.0522101 -0.0505539 0.0501991 0.0501947 -0.0504895 0.0501921
internal_weight=298.019 275.635 91.101 83.7396 184.534 175.989 30.8296 2.53315 145.159 27.2978 117.861 74.424 45.6768 28.7472 28.2964 9.31561 8.34585 22.3837 8.54533 1.19649 22.1875 7.36143 7.34883 6.87812 2.97668 3.90144 7.18159 22.1031 21.9951 0.919904 21.9219
internal_count=15468 9549 2961 2522 6588 5578 1376 95 4202 701 3501 2189 1201 988 1281 333 304 5919 1010 131 5905 439 879 437 109 328 860 5895 5885 111 5879
is_linear=0
shrinkage=0.05


Tree=99
num_leaves=31
num_cat=0
split_feature=11 35 35 18 31 31 1 0 19 8 13 3 2 18 6 17 1 16 36 11 8 37 13 17 11 37 12 9 8 9
split_gain=21.965 5.37918 12.4459 5.20778 5.18346 16.5698 2.83458 2.09311 1.98579 4.46981 1.98969 1.50029 1.47416 3.9294 2.45567 1.30457 3.13852 1.76286 0.84143 1.35971 0.77035 0.368538 0.32408 0.0360206 0.00374045 0.000495692 0.000286897 3.05309e-05 1.50888e-05 5.47289e-06
threshold=1.1076223737683561 0.99964157064671022 1.0000000180025095e-35 1.5000000000000002 0.99970103058260251 0.0045474381706620002 2.7173173918983768 0.067457003985300759 55.500000000000007 0.49121886121424807 2.1294562075180359 -1.0085505036924565 0.39187649605023106 5.5000000000000009 0.83015983965007323 6.5000000000000009 1.0039458235984997 1.5000000000000002 0.99960524445339072 1.023312000948535 0.49121886121424807 0.99987949765743289 -0.47674309052348829 19.500000000000004 1.0379122898689712 0.99987949765743289 2.70160039506426 0.86723956240369104 0.40212678572526644 0.74396378269617713
decision_type=2 2 2 2 2 2 2 2 2 2 2 2 2 2 2 2 2 2 2 2 2 2 2 2 2 2 2 2 2 2
left_child=1 2 3 8 5 -5 -6 18 10 -10 -1 -4 13 -9 -15 16 -14 -17 24 -20 22 23 -2 -13 26 -26 -3 28 29 -24
right_child=20 7 11 4 6 -7 -8 12 9 -11 -12 21 15 14 -16 17 -18 -19 19 -21 -22 -23 27 -25 25 -27 -28 -29 -30 -31
leaf_value=-0.040360817041374106 -0.050433961322153588 -0.050823457155075961 0.16410393712283561 -0.0017757965692558439 -0.027953427684004457 0.074542695986616059 0.069885963754017469 0.096311828320806439 -0.053119927967495775 0.123214666634457 0.046832365957777761 0.054332311211898167 -0.053579173081444012 -0.051784776872494713 0.086019819254674057 0.048443385780929944 0.097314671532769598 -0.048758700468675302 -0.051076591183657177 0.065310024543466225 -0.052117333745057982 0.093191164913743629 0.050179688059100294 0.065081418831292467 -0.05407417407239528 -0.052629016689238819 -0.052280452956849612 0.051048623191820741 0.050919657997954615 0.050400091525228542
leaf_weight=14.08471852960065 0.080324986018246558 5.5660594473592937 0.45948784134816367 203.89985867962241 21.341205183416609 7.3691356056369832 0.7668905770406117 1.0096738305874153 0.81250809505581745 0.64440892543643713 0.68614915618673045 1.4369866554625323 0.7444124389439819 1.6262654741294684 0.40349291684105981 0.52102208742871869 0.64163078693673015 4.4536034897901118 0.61941600823775 0.42185458540916443 0.18702847976237436 1.1553061702288685 20.570966021623473 1.7030564534943551 1.0295771434903145 1.4004970286041498 0.35970470961183298 0.10287768370471795 0.069689062656833722 0.28556654835119744
leaf_count=539 10 436 13 6712 838 248 11 36 23 21 35 69 27 95 17 22 17 216 39 10 14 15 5817 40 18 34 18 10 6 62
internal_value=3.42729e-06 -0.00380964 -0.00190223 -0.00342874 -0.00152429 0.000886219 -0.0245596 -0.0296203 -0.0308173 0.0248746 -0.0363104 0.078232 -0.0129382 0.0157056 -0.0243908 -0.0266256 0.016273 -0.0385781 -0.0463077 -0.00392436 0.0489114 0.0690459 0.0498065 0.0601623 -0.0515893 -0.0532413 -0.0509119 0.0501894 0.0501852 0.0501827
internal_weight=294.453 273.157 254.36 249.605 233.377 211.269 22.1081 18.7972 16.2278 1.45692 14.7709 4.75484 9.4001 3.03943 2.02976 6.36067 1.38604 4.97463 9.39711 1.04127 21.2965 4.29535 21.1094 3.14004 8.35584 2.43007 5.92576 21.0291 20.9262 20.8565
internal_count=15468 9549 8564 8427 7809 6960 849 985 618 44 574 137 430 148 112 282 44 238 555 49 5919 124 5905 109 506 52 454 5895 5885 5879
is_linear=0
shrinkage=0.05


Tree=100
num_leaves=32
num_cat=0
split_feature=11 7 5 15 27 27 39 18 1 19 18 19 0 17 0 6 16 17 2 0 8 13 6 12 12 32 14 32 9 8 9
split_gain=20.8286 5.22286 4.81562 5.96512 6.30439 5.53523 5.33854 5.13131 4.69279 4.52747 4.66765 3.72776 4.31461 3.3675 3.06276 2.03937 2.03301 2.98452 2.39746 5.56766 0.732569 0.308214 0.0539112 0.000667703 0.000168399 8.79753e-05 6.63088e-05 5.3206e-05 2.62806e-05 1.29805e-05 4.72096e-06
threshold=1.1076223737683561 1.0000000180025095e-35 1.0000000180025095e-35 2024.5000000000002 0.99979485528041268 0.0051562955663276852 1.0000000180025095e-35 22.500000000000004 1.353202045923567 14.500000000000002 14.500000000000002 10.500000000000002 -0.48921753687678132 26.500000000000004 -1.4871465172416181 -2.1309293769190671 4.5000000000000009 19.500000000000004 -0.31583024450385516 -0.26606536135120235 0.49121886121424807 -0.47674309052348829 1.7735238204773747 2.7349769336268683 2.7978151630681056 0.99930865958219239 1.8102837095665658 0.99930865958219239 0.86723956240369104 0.40212678572526644 0.74396378269617713
decision_type=2 2 2 2 2 2 2 2 2 2 2 2 2 2 2 2 2 2 2 2 2 2 2 2 2 2 2 2 2 2 2
left_child=1 16 3 4 7 6 8 -3 -4 10 -5 -7 -13 -6 -8 -11 17 24 26 -20 21 -2 23 27 25 -1 -19 -18 29 30 -23
right_child=20 2 5 9 13 11 14 -9 -10 15 -12 12 -14 -15 -16 -17 22 18 19 -21 -22 28 -24 -25 -26 -27 -28 -29 -30 -31 -32
leaf_value=-0.050506945788357772 -0.050412642032906879 0.0025452212712164636 -0.017595538221283492 0.020172903977444142 -0.047512124981428337 -0.04747401508831714 0.088583740118428289 -0.052323628265049937 0.056446691605115722 0.076758113930127714 -0.052427563145815363 -0.028249985142603698 0.078168325339395744 0.022905772025742916 0.018000857532971024 -0.039349581500948159 -0.050425267311546479 -0.050490721411996044 0.17627552186999138 0.0017460783212833527 -0.052016838751334504 0.050170892240499622 -0.021849275925105188 -0.052232613899952089 -0.052008812540636024 -0.051538092843469087 -0.051374497640669953 -0.050907515425710509 0.050997087051126058 0.050874297056887965 0.050380738754594867
leaf_weight=2.1848121327348045 0.076438989024615434 152.97118750750087 22.923559150891382 8.4403693205676955 10.382079473696647 0.88237607805058171 1.6794921576511139 4.3831420792266718 2.3603354578372082 0.38466392643749969 3.0010980246588579 1.1303040934726594 6.0536608910188079 2.0296942135319105 18.106482138507999 22.48145485855639 6.6028742324560881 0.3842068919911984 0.61397959664464075 1.7867610626853996 0.17824203241616388 19.571051327046018 0.16655383305624116 0.57832979131489981 0.23422097275033582 0.22848423290997733 0.4741833470761776 0.62619441468268622 0.097956680227070048 0.066347902407868697 0.27174101630225678
leaf_count=260 10 3996 608 250 440 27 38 175 87 12 141 30 191 69 961 1133 866 44 5 88 14 5817 18 28 10 9 20 43 10 6 62
internal_value=1.54729e-06 -0.00365333 -0.0020411 -0.00553213 -0.00168926 0.0113665 0.00453937 0.00101684 -0.0106835 -0.024548 0.00112979 0.0495124 0.0614248 -0.0359967 0.0239921 -0.0373964 -0.0335283 -0.011295 0.0207385 0.0463813 0.0489016 0.0497973 -0.0499973 -0.0505978 -0.0507288 -0.0506046 -0.0509789 -0.050467 0.0501801 0.0501761 0.0501738
internal_weight=291.352 271.09 257.21 204.074 169.766 53.1362 45.0699 157.354 25.2839 34.3076 11.4415 8.06634 7.18396 12.4118 19.786 22.8661 13.8806 5.90665 3.25913 2.40074 20.2618 20.0835 7.97395 7.8074 2.64752 2.4133 0.85839 7.22907 20.0071 19.9091 19.8428
internal_count=15468 9549 8158 6216 4680 1942 1694 4171 695 1536 391 248 221 509 999 1145 1391 436 157 93 5919 5905 955 937 279 269 64 909 5895 5885 5879
is_linear=0
shrinkage=0.05


Tree=101
num_leaves=29
num_cat=0
split_feature=11 35 35 18 31 31 7 0 6 19 19 19 8 6 3 36 9 16 8 13 37 33 11 37 12 9 8 9
split_gain=19.7564 4.99436 11.3514 4.86595 4.7785 15.3316 2.82299 2.06485 1.93328 2.04267 5.05188 1.85028 3.79575 1.9057 1.14408 0.838512 1.32347 0.823736 0.696651 0.293127 0.281954 0.0375911 0.00315706 0.000432571 0.000236824 2.26215e-05 1.11669e-05 4.07168e-06
threshold=1.1076223737683561 0.99964157064671022 1.0000000180025095e-35 1.5000000000000002 0.99970103058260251 0.0045474381706620002 1.0130643634905889 0.067457003985300759 -1.8208645528758693 24.500000000000004 22.500000000000004 55.500000000000007 0.49121886121424807 1.6465658533811964 -1.0085505036924565 0.99960524445339072 0.88908575359484898 2.5000000000000004 0.49121886121424807 -0.47674309052348829 0.99987949765743289 0.86874395364357393 1.0379122898689712 0.99987949765743289 2.70160039506426 0.86723956240369104 0.40212678572526644 0.74396378269617713
decision_type=2 2 2 2 2 2 2 2 2 2 2 2 2 2 2 2 2 2 2 2 2 2 2 2 2 2 2 2
left_child=1 2 3 11 5 -5 -6 15 -9 10 -10 13 -13 -1 -4 22 -17 -11 19 -2 21 -16 24 -24 -3 26 27 -21
right_child=18 7 14 4 6 -7 -8 8 9 17 -12 12 -14 -15 20 16 -18 -19 -20 25 -22 -23 23 -25 -26 -27 -28 -29
leaf_value=-0.040237325785530548 -0.050392376000165988 -0.050791839432625933 0.14932439742202047 -0.0015100018646810301 -0.028507178360327814 0.073698560430396326 0.044864205414534626 0.11123590970630895 -0.010387222527177224 0.0024938430644321366 0.16547429936022012 -0.052923068559609321 0.10906778573207261 0.036765971985500037 0.057001428125476677 -0.051587363785182465 0.063269679087363639 -0.050270943998492384 -0.051920972494567445 0.050162533731503492 0.089010392069703834 0.071511744191375945 -0.053872998025348964 -0.052486169956826291 -0.052157580680333243 0.050948100534390597 0.050831195494225892 0.050362314700608125
leaf_weight=13.345836771186438 0.072739519644534734 5.2552919285371917 0.47870406799484033 202.2609389948193 20.127254503779117 7.0111929473932824 1.4023188748396922 0.30645368341356416 3.8571767383255047 0.92594524333253492 0.45672132447361935 0.76472470723092445 0.68603860842995346 0.85495495796203691 2.4495389556977893 0.59990425966680028 0.43099392112344503 3.6768456920981407 0.16985422885045309 18.61958409822547 1.124269822379574 0.54579986166208971 0.97614669241011154 1.3261896101757884 0.33782006078399707 0.093266608659177019 0.063164239982142045 0.25858023064210911
leaf_count=524 10 436 13 6712 779 248 70 13 164 40 16 23 21 50 103 31 18 197 14 5817 15 6 18 34 18 10 6 62
internal_value=-4.86106e-06 -0.00350633 -0.00167519 -0.00312745 -0.0012979 0.00100969 -0.0237282 -0.0288355 -0.0122442 -0.0164881 0.0082316 -0.0301066 0.0236794 -0.0356014 0.076161 -0.0459784 -0.00356838 -0.0396562 0.0488923 0.0497885 0.0676593 0.0596454 -0.0515158 -0.0530742 -0.0508743 0.0501713 0.0501675 0.0501653
internal_weight=288.478 269.201 251.052 246.453 230.802 209.272 21.5296 18.1495 9.22314 8.91669 4.3139 15.6516 1.45076 14.2008 4.59831 8.92635 1.0309 4.60279 19.2772 19.1073 4.11961 2.99534 7.89545 2.30234 5.59311 19.0346 18.9413 18.8782
internal_count=15468 9549 8564 8427 7809 6960 849 985 430 417 180 618 44 574 137 555 49 237 5919 5905 124 109 506 52 454 5895 5885 5879
is_linear=0
shrinkage=0.05


Tree=102
num_leaves=32
num_cat=0
split_feature=11 8 6 15 4 16 6 7 4 9 7 1 2 17 17 1 6 6 9 8 5 12 13 12 28 3 8 3 3 9 8
split_gain=18.7379 4.93869 5.98331 4.78104 5.86364 4.79111 4.63727 4.0498 5.166 5.56214 4.9412 4.66953 3.96442 3.093 7.77078 3.61047 2.76227 3.18995 3.06481 0.662504 0.576955 1.35066 0.278782 0.0414086 0.021277 0.00359198 0.000919199 0.000302948 0.000114488 1.9472e-05 9.60697e-06
threshold=1.1076223737683561 0.081334345426088889 -1.42109727068973 2023.5000000000002 1.0000000180025095e-35 11.500000000000002 -1.0003734156855666 1.0001205023425674 1.0000000180025095e-35 0.52008195898812482 1.9971085643509261 -1.6298666831518829 -0.85460052822397248 21.500000000000004 15.500000000000002 -1.2902403069096795 -0.23028633823148867 -1.3795358244404203 0.48284342917987361 0.49121886121424807 1.0000000180025095e-35 -0.32963998366608555 -0.47674309052348829 2.7978151630681056 0.76600787273376014 1.647848289567593 0.66528051248230013 0.47058291669546476 -0.91544898829612598 0.86723956240369104 0.40212678572526644
decision_type=2 2 2 2 2 2 2 2 2 2 2 2 2 2 2 2 2 2 2 2 2 2 2 2 2 2 2 2 2 2 2
left_child=1 2 25 13 5 -5 -6 8 9 11 24 -3 -11 14 -4 -15 17 -12 -18 22 23 -22 -2 -10 26 27 -9 28 -1 30 -24
right_child=19 7 3 4 6 -7 -8 10 20 12 16 -13 -14 15 -16 -17 18 -19 -20 -21 21 -23 29 -25 -26 -27 -28 -29 -30 -31 -32
leaf_value=-0.053136826768332028 -0.050373111208908583 0.080121987734454281 -0.018284513630306823 0.0052291650138930196 0.14097918307529153 0.059397780510369591 0.038589832930221175 0.050908712930182981 -0.05116216419741916 -0.03900353912950219 0.050050854187235851 0.0039556440215126661 -0.010914850028070138 0.068549800357017146 0.031261143067904749 -0.035730837876902462 0.099488388637894165 -0.050226126849345049 0.0038436401719751934 -0.051829533193839206 -0.051125534819833708 0.026632583290431527 0.050157187685910237 -0.063183800672385035 0.058724336094433754 -0.05637417780719476 0.052574103895258996 -0.053697218794289847 -0.052360410197649213 0.050901538137928616 0.050790240883439225
leaf_weight=0.78681151941418637 0.069217765703803447 2.1742833196185556 19.059314658399671 49.731892791576684 1.2973863855004308 4.4470958476886144 7.4901251613628101 2.7140899340156497 7.2896362910978478 14.908250121632589 0.96906619518995274 27.006333617027849 79.816862632753327 0.89928232925012608 13.533397191204129 10.779357076622544 0.91552591766230307 4.3673120704479578 9.8364253486506623 0.16184820048510928 1.6521400003694 0.84362683561630447 17.960286281304441 0.79437218280509103 1.3371720868162809 1.0914608202874658 1.192627898766659 1.1187819298356769 1.1973148910328739 0.08879705029539664 0.060130912577732398
leaf_count=16 10 64 232 752 12 33 573 246 453 978 32 963 4157 16 136 179 56 154 230 14 62 52 5879 11 26 12 51 21 32 10 6
internal_value=-5.89492e-06 -0.00336097 0.00467651 0.00696788 0.0158203 0.00967541 0.0537066 -0.00910894 -0.0123193 -0.0094558 0.0111305 0.00963089 -0.0153356 -0.00562284 0.00228822 -0.027701 -0.00260802 -0.0320162 0.0119878 0.0488835 -0.0458558 -0.0248415 0.0497801 -0.0523435 0.0532804 -0.0539071 0.0514171 -0.0530393 -0.0526683 0.0501629 0.0501593
internal_weight=285.59 267.25 111.432 107.238 62.9665 54.179 8.78751 155.818 134.486 123.906 21.3322 29.1806 94.7251 44.2714 32.5927 11.6786 16.0883 5.33638 10.752 18.3403 10.5798 2.49577 18.1784 8.08401 5.24389 4.19437 3.90672 3.10291 1.98413 18.1092 18.0204
internal_count=15468 9549 2014 1933 1370 785 585 7535 6740 6162 795 1027 5135 563 368 195 472 186 286 5919 578 114 5905 464 323 81 297 69 48 5895 5885
is_linear=0
shrinkage=0.05


Tree=103
num_leaves=31
num_cat=0
split_feature=11 14 14 2 6 2 7 30 30 17 6 17 17 6 16 18 29 39 8 13 9 6 17 43 3 16 9 16 8 9
split_gain=17.7772 4.76196 7.22282 5.66283 4.08341 4.27183 3.95074 3.74332 16.0328 12.0031 4.94626 4.84879 3.21674 2.85334 1.99426 0.710586 2.30741 0.674022 0.630038 0.265141 0.139139 0.0660702 0.017086 0.0103043 0.00521393 9.40199e-05 1.67608e-05 1.07792e-05 8.26507e-06 3.03059e-06
threshold=1.1076223737683561 -0.58476531908332718 0.96800862320774628 -0.93306807624577737 -1.6287928185844531 -0.022502936438206896 0.065867634474264206 0.0094401897994376167 0.99952847873625494 3.5000000000000004 1.8222708246634811 4.5000000000000009 5.5000000000000009 0.99473168238621956 1.5000000000000002 20.500000000000004 0.99997358653385171 0.99987853278274375 0.49121886121424807 -0.47674309052348829 0.94613496006702369 1.7735238204773747 28.500000000000004 0.99998464057730885 1.647848289567593 1.5000000000000002 0.86723956240369104 3.5000000000000004 0.40212678572526644 0.74396378269617713
decision_type=2 2 2 2 2 2 2 2 2 2 2 2 2 2 2 2 2 2 2 2 2 2 2 2 2 2 2 2 2 2
left_child=1 6 20 13 24 -6 15 10 17 -10 11 -8 -12 14 -4 21 27 -9 19 -2 22 25 23 -3 -5 -1 28 -17 29 -21
right_child=18 2 3 4 5 -7 7 8 9 -11 12 -13 -14 -15 -16 16 -18 -19 -20 26 -22 -23 -24 -25 -26 -27 -28 -29 -30 -31
leaf_value=-0.051048647338749399 -0.050354798758115493 0.051924551266456093 0.046365752501658919 -0.051723624878686092 0.023544352083813738 -0.0014334030330391456 -0.038136508892725351 0.070730331186263679 0.070893640912171277 -0.024866040704851353 0.19489350943707301 -0.0076596027397309169 0.034528204147129808 0.044668903901564479 -0.052987419799045803 -0.050790086191680121 0.11056521521574972 0.11100190046598275 -0.051742329012229193 0.050147021544019323 0.082124243727196539 -0.015537639166273556 0.061877581099282424 0.056783670597691641 -0.056681484878537615 -0.050435700997532862 0.050857276620838644 -0.050394929120916858 0.05075132247438522 0.050328140269310741
leaf_weight=0.70447759842499991 0.065865315962588933 4.1257661019917569 0.54308336460962703 2.0389827154576774 29.464468093821779 40.850289140129462 14.612229723483322 5.2742022231686887 3.9016237580217448 20.291673913132399 0.42888533417135377 122.11770542082377 1.1543701915070412 0.97611479321494687 7.2172387042082846 0.24789623962715246 0.30558768613263965 1.2938979004975406 0.15420769015326996 16.852732605533685 0.47631049156188954 0.13805761281400908 0.63263075076974917 1.4833057695068417 0.71668787300586689 5.589464639313519 0.084538025315849974 0.56802036892622709 0.057241047965361669 0.23417156562209029
leaf_count=71 10 349 19 80 719 1383 547 88 86 685 14 4051 66 29 285 21 30 41 14 5817 2 16 21 67 7 792 10 80 6 62
internal_value=-1.05003e-05 -0.00322748 0.00623732 0.00214456 0.00669327 0.00903319 -0.00797118 -0.00639061 0.00938507 -0.00942299 -0.00989918 -0.0109166 0.0779693 -0.0359003 -0.0460345 -0.0433501 -0.00662383 0.0786637 0.048875 0.0497722 0.0560759 -0.0497538 0.0540881 0.0532095 -0.0530131 -0.0505043 0.050155 -0.050515 0.0501515 0.0501495
internal_weight=282.602 265.153 88.5249 81.8069 73.0704 70.3148 176.628 169.075 30.7614 24.1933 138.313 136.73 1.58326 8.73644 7.76032 7.5535 1.1215 6.5681 17.4488 17.2945 6.71801 6.432 6.2417 5.60907 2.75567 6.29394 17.2287 0.815917 17.1441 17.0869
internal_count=15468 9549 2961 2522 2189 2102 6588 5578 900 771 4678 4598 80 333 304 1010 131 129 5919 5905 439 879 437 416 87 863 5895 101 5885 5879
is_linear=0
shrinkage=0.05


Tree=104
num_leaves=32
num_cat=0
split_feature=11 39 39 6 2 1 6 17 2 12 18 18 19 16 32 1 2 41 8 0 13 41 3 12 17 11 5 7 9 8 11
split_gain=16.8669 4.62142 23.508 4.8798 9.07776 5.73171 8.0203 4.95378 4.27784 4.19802 4.03956 5.00408 7.13879 6.95064 5.56314 4.8551 6.2313 1.40605 0.599172 0.417995 0.252169 0.210641 0.127403 0.0217015 0.0129822 0.00698189 0.000195389 9.38128e-05 1.44272e-05 7.11093e-06 5.00703e-06
threshold=1.1076223737683561 1.0000000180025095e-35 0.99987853278274375 0.31807667661601413 1.2043602527016779 -1.1446347635080827 -0.46366671473135818 2.5000000000000004 -1.051403173345361 -0.33205659939990506 22.500000000000004 12.500000000000002 4.5000000000000009 1.5000000000000002 0.016244407065157732 -0.36568526961298919 -0.20402801703948964 0.28332623339527302 0.49121886121424807 0.11598699773793916 -0.47674309052348829 0.9998864808908724 -1.039230577100829 -0.35712666629937123 22.500000000000004 1.0240598584659122 1.0000000180025095e-35 1.9971085643509261 0.86723956240369104 0.40212678572526644 -0.043144377771568258
decision_type=2 2 2 2 2 2 2 2 2 2 2 2 2 2 2 2 2 2 2 2 2 2 2 2 2 2 2 2 2 2 2
left_child=1 10 19 5 9 6 -4 -6 -7 -5 11 15 13 -13 -14 17 -17 -1 20 21 -2 22 -3 24 -21 26 27 -12 29 -22 -25
right_child=18 2 3 4 7 8 -8 -9 -10 -11 25 12 14 -15 -16 16 -18 -19 -20 23 28 -23 -24 30 -26 -27 -28 -29 -30 -31 -32
leaf_value=-0.044731074899883726 -0.050337391146518584 0.075554815907820011 -0.02066874994112354 -0.044145825098821326 0.16304028762327744 -0.054738530990357248 0.080913894918754517 0.020390492849921421 0.0010353218952512953 0.013670627530264018 -0.050834351586664085 0.11419487403726841 -0.0097609235451175651 0.018149183964060633 0.034894361752045404 0.023761598550601934 -0.016946901444395462 -0.017767587416179374 -0.051659178292643118 0.054113395781817855 0.050142194138830233 0.080165442968775702 0.057445875429343686 0.050486647345311032 0.059655403141953646 -0.054998355749641681 -0.051961234023728112 -0.051792333650743462 0.050815202448194575 0.050714342991564937 0.050282127698858092
leaf_weight=14.759371352149175 0.06267414707691088 1.5338217020034788 3.1462007299996912 18.98035992728547 0.74597045546397467 3.6786502674221984 5.0812537758611125 3.3050311687402427 52.549376661423594 3.7619368333835146 2.4357717526145279 2.4278217516839495 56.120226178085431 8.4046543408185226 7.9643068243749431 12.009224358247591 43.274037038208917 7.1903682895936063 0.14691704791039129 2.2685161198023698 16.255875680362813 3.9722726098261774 2.64812053600326 0.36926261195912857 1.9781469954177735 1.7810871284455059 0.55893257865682233 0.28551222197711457 0.080479960888623192 0.054488071240483715 1.5786183596355847
leaf_count=858 10 8 123 682 26 110 130 276 1483 211 188 25 2134 224 198 340 1653 166 14 80 5879 25 151 46 25 35 25 11 10 6 316
internal_value=-1.25911e-05 -0.00310009 0.00498998 -0.00436503 -0.0222989 0.00308985 0.0420684 0.0466587 -0.00261361 -0.0345821 -0.00853413 -0.00707232 0.00213445 0.0396754 -0.00421125 -0.016003 -0.00810376 -0.0358983 0.048867 0.0644818 0.0497646 0.0719199 0.0640877 0.0546906 0.0566949 -0.0524782 -0.0511098 -0.0509349 0.0501474 0.0501441 0.0503209
internal_weight=279.409 262.809 105.598 91.2488 26.7933 64.4555 8.22745 4.051 56.228 22.7423 157.211 152.15 74.917 10.8325 64.0845 77.233 55.2833 21.9497 16.6004 14.3488 16.4535 8.15421 4.18194 6.19454 4.24666 5.0613 3.28022 2.72128 16.3908 16.3104 1.94788
internal_count=15468 9549 3692 3041 1195 1846 253 302 1593 893 5857 5598 2581 249 2332 3017 1993 1024 5919 651 5905 184 159 467 105 259 224 199 5895 5885 362
is_linear=0
shrinkage=0.05


Tree=105
num_leaves=31
num_cat=0
split_feature=11 7 35 35 18 39 0 16 17 17 19 16 2 16 18 36 6 3 8 13 37 11 11 12 12 32 32 9 8 9
split_gain=16.0077 4.42016 4.15704 9.78038 4.02962 3.92326 2.16213 2.09131 2.91324 2.28405 1.91156 1.74543 1.68904 2.10007 1.44852 0.908723 1.40497 0.896298 0.569824 0.239834 0.231603 0.0708627 0.00246011 0.000536767 0.000141891 7.01388e-05 4.56539e-05 1.24183e-05 6.11786e-06 2.25467e-06
threshold=1.1076223737683561 1.0000000180025095e-35 0.99964157064671022 1.0000000180025095e-35 1.5000000000000002 1.0000000180025095e-35 0.067457003985300759 4.5000000000000009 19.500000000000004 23.500000000000004 24.500000000000004 5.5000000000000009 -0.096086206780732833 3.5000000000000004 18.500000000000004 0.99960524445339072 0.22543361559071934 -1.0085505036924565 0.49121886121424807 -0.47674309052348829 0.99987949765743289 0.61450977888036873 1.0379122898689712 2.7349769336268683 2.7978151630681056 0.99930865958219239 0.99930865958219239 0.86723956240369104 0.40212678572526644 0.74396378269617713
decision_type=2 2 2 2 2 2 2 2 2 2 2 2 2 2 2 2 2 2 2 2 2 2 2 2 2 2 2 2 2 2
left_child=1 7 3 4 11 -6 15 8 24 10 -10 -3 -8 -14 -11 22 -17 -5 19 -2 -19 23 -4 26 25 -1 -9 28 29 -21
right_child=18 2 6 17 5 -7 12 21 9 14 -12 -13 13 -15 -16 16 -18 20 -20 27 -22 -23 -24 -25 -26 -27 -28 -29 -30 -31
leaf_value=-0.050456084352058395 -0.050320842418923921 -0.051222061398580904 -0.050861611373861498 0.13856024171637971 -0.0051248072063277798 0.008687079850767004 0.10419318585374665 -0.050377874350721476 0.0049296737611190435 -0.051127714527524938 0.11497877526048748 -0.014137402259201624 0.021550306213677612 -0.03178328357681065 0.05597834453462297 -0.052508903195022306 0.070772559315402425 0.058761655821751725 -0.051579903322672607 0.050132995104129309 0.085877930597408614 -0.014128242676742876 -0.052901654962577593 -0.05211795215479921 -0.051898081381229949 -0.051410855142796689 -0.050841852049630369 0.050775206179515676 0.050679193060478855 0.050297163542676153
leaf_weight=1.9346605318132777 0.059636604506521418 4.9374762428924432 4.6179443164728609 0.48780357046052802 126.85294409492053 86.45406979857944 0.31986982747912307 5.8665390152018517 0.72429425455629848 1.1026611523702738 0.86687592836096883 8.87803145800717 2.8529658857732993 5.22809067228809 0.44229194987565268 0.53334989305585612 0.40781701263040304 2.7242225881200275 0.139961192384363 15.253106395248315 1.1076173107139768 0.13622216135263432 2.1732796775177121 0.50153271877206851 0.2150556226260959 0.21358973812311877 0.58285467559471715 0.076613691169769349 0.051865698304028096 0.21205023722723204
leaf_count=260 10 195 365 13 3960 2717 13 873 25 93 23 336 95 247 16 22 19 109 14 5817 15 12 52 27 10 9 43 10 6 62
internal_value=-1.72612e-05 -0.00298434 -0.00151485 0.000195757 -0.00122173 0.000473198 -0.0260545 -0.0318889 -0.0087522 0.0228387 0.0648849 -0.027391 -0.00849375 -0.0129542 -0.0204652 -0.0451335 0.000910185 0.074726 0.0488594 0.0497575 0.0665998 -0.0498424 -0.0515145 -0.0505423 -0.0506736 -0.050551 -0.0504198 0.0501402 0.0501371 0.0501352
internal_weight=275.955 260.162 247.575 231.442 227.123 213.307 16.1333 12.5866 5.49943 3.13612 1.59117 13.8155 8.40093 8.08106 1.54495 7.73239 0.941167 4.31964 15.7932 15.6533 3.83184 7.08715 6.79122 6.95093 2.36331 2.14825 6.44939 15.5936 15.517 15.4652
internal_count=15468 9549 8158 7345 7208 6677 813 1391 436 157 48 531 355 342 109 458 41 137 5919 5905 124 955 417 943 279 269 916 5895 5885 5879
is_linear=0
shrinkage=0.05


Tree=106
num_leaves=32
num_cat=0
split_feature=11 14 14 1 2 9 37 9 1 3 6 0 37 3 6 6 5 19 18 18 19 8 13 9 27 17 43 7 9 8 9
split_gain=15.1881 4.29872 6.63454 5.27527 5.96772 6.45746 5.22755 3.72154 4.26642 4.9426 4.21277 5.81355 4.41226 3.51117 3.20795 9.11379 3.08923 1.42951 7.55113 1.04227 3.76984 0.54192 0.228104 0.116284 0.0312526 0.0130715 0.00832897 0.000202148 1.06892e-05 5.26371e-06 1.94379e-06
threshold=1.1076223737683561 -0.58476531908332718 0.96800862320774628 -0.45287608950876002 -0.022502936438206896 0.91674879317743285 0.99987949765743289 0.93511066398390363 1.3214011837870949 -1.094398238842808 0.33021547375305532 -0.26606536135120235 0.027269208343248145 -1.0017490626873347 -1.42109727068973 -1.6287928185844531 1.0000000180025095e-35 50.500000000000007 19.500000000000004 2.5000000000000004 8.5000000000000018 0.49121886121424807 -0.47674309052348829 0.94613496006702369 0.98161278378302352 28.500000000000004 0.99998464057730885 0.98997105373285821 0.86723956240369104 0.40212678572526644 0.74396378269617713
decision_type=2 2 2 2 2 2 2 2 2 2 2 2 2 2 2 2 2 2 2 2 2 2 2 2 2 2 2 2 2 2 2
left_child=1 7 23 14 5 -5 -6 8 10 -10 11 -1 -12 -11 15 -4 -16 19 24 20 -9 22 -2 25 -19 26 -3 -21 29 30 -24
right_child=21 2 3 4 6 -7 -8 17 9 13 12 -13 -14 -15 16 -17 -18 18 -20 27 -22 -23 28 -25 -26 -27 -28 -29 -30 -31 -32
leaf_value=0.010691515341523574 -0.050305108841807313 0.051830306171467312 -0.05254133970545799 0.037930177908060254 0.015215868424037028 -0.051491404150775091 -0.020307491766075006 0.19573799056942659 0.14609363289539398 -0.049092431189928148 -0.039644464050177741 -0.012983344021872293 -0.0079812844311625501 0.029352654407013453 -0.043371076952949547 0.19529326365250022 0.0099823785322170223 -0.051454716914865507 0.19166540998482362 -0.050463642393110256 -0.050896364551056089 -0.051504330688932703 0.050126491670196095 0.079732558983582641 -0.032368882729916497 0.06091413010207869 0.056371102359667163 -0.051006701289731837 0.050737181370550437 0.050645790163856341 0.050282759847296576
leaf_weight=47.833549298578866 0.056745387613772347 3.8509454242885104 0.94024732382968068 20.729174961801622 20.701033789198846 2.2367599103599778 20.724671087460592 0.20265994360670259 0.78211603919044037 1.7329049007967103 17.966552792582661 56.627852371952038 28.385499691590667 8.0665107646491361 11.100967678707091 0.61265769787132984 3.5906574218533924 1.3011920773424197 0.41516228578984726 2.5655096003320068 0.65795783419162035 0.13332562847063023 14.511038542492306 0.46763637661933888 0.25682279421016563 0.58313712780363847 1.3688405342400072 5.1606679065153003 0.072930436115712705 0.04936789674684483 0.20176475006155747
leaf_count=1582 10 349 38 361 805 107 625 16 28 65 689 2008 1016 218 473 25 88 103 22 408 60 14 5817 2 19 21 67 354 10 6 62
internal_value=-1.9951e-05 -0.00285665 0.00620665 0.0023542 0.00877762 0.029221 -0.00255595 -0.00743727 -0.00555575 0.0251347 -0.00770908 -0.00214247 -0.0202543 0.0154806 -0.0231076 0.0452353 -0.0303314 -0.0361939 0.00218263 -0.0450125 0.00718157 0.0488521 0.0497506 0.0557472 -0.0483086 0.0538143 0.0530211 -0.0508264 0.0501333 0.0501304 0.0501286
internal_weight=273.887 258.862 86.9067 80.6362 64.3916 22.9659 41.4257 171.955 161.395 10.5815 150.813 104.461 46.3521 9.79942 16.2445 1.55291 14.6916 10.56 1.97318 8.5868 0.860618 15.0252 14.8918 6.27056 1.55801 5.80292 5.21979 7.72618 14.8351 14.7622 14.7128
internal_count=15468 9549 2961 2522 1898 468 1430 6588 5606 311 5295 3590 1705 283 624 63 561 982 144 838 76 5919 5905 439 122 437 416 762 5895 5885 5879
is_linear=0
shrinkage=0.05


Tree=107
num_leaves=32
num_cat=0
split_feature=11 5 27 3 3 17 39 17 0 30 30 1 2 11 28 6 19 0 2 18 18 34 43 29 39 19 4 8 13 9 8
split_gain=14.417 4.08078 4.79504 4.66997 8.8505 5.94294 4.45664 4.34039 11.2198 8.03953 4.3249 4.18577 5.16862 3.51275 4.2232 3.39941 3.3429 3.78226 5.9712 2.97807 11.3449 3.21104 2.71419 3.1161 2.5204 2.04074 1.20924 0.515388 0.216949 9.20077e-06 4.52889e-06
threshold=1.1076223737683561 1.0000000180025095e-35 0.0051562955663276852 -0.77833290448139492 -0.048859871649979979 26.500000000000004 1.0000000180025095e-35 2.5000000000000004 0.44156176225515453 0.99952847873625494 0.033082967544145532 1.353202045923567 1.5845312461173642 -0.59190494759748835 0.99987956274106693 0.26634016896163043 10.500000000000002 -0.48921753687678132 -0.55412004201785348 4.5000000000000009 2.5000000000000004 0.048957354579158736 1.0000000180025095e-35 0.99997358653385171 0.99987853278274375 48.500000000000007 1.0000000180025095e-35 0.49121886121424807 -0.47674309052348829 0.86723956240369104 0.40212678572526644
decision_type=2 2 2 2 2 2 2 2 2 2 2 2 2 2 2 2 2 2 2 2 2 2 2 2 2 2 2 2 2 2 2
left_child=1 3 6 7 13 10 11 8 26 -10 -6 15 -13 -5 -15 -3 -4 -18 -19 20 -9 -21 24 -24 -8 -7 -1 28 -2 30 -30
right_child=27 2 16 4 5 25 22 19 9 -11 -12 12 -14 14 -16 -17 17 18 -20 21 -22 -23 23 -25 -26 -27 -28 -29 29 -31 -32
leaf_value=-0.052717865451575377 -0.050290152515182235 -0.046127609594485648 -0.047570065631853731 0.16759237080771436 -0.00055574407402540749 -0.040950897765177907 0.055825766461965867 -0.048868548834030551 0.0034430137160433479 0.18243511197216655 0.08359173015094884 0.20899401532844597 0.017745318200835691 0.072925040927456081 -0.0085633056409713162 -0.0042330443316311566 -0.028783762097292265 0.19065676297346579 0.051408938726933542 -0.02718030253536572 0.042103781510320917 0.081055143601767091 0.037935666504678417 0.18398729569802305 -0.0034033560980339366 0.00060773538362550591 0.027789439847086036 -0.051432298746841201 0.050122347463764129 0.050701031204163763 0.050614042531102868
leaf_weight=2.5488127889111634 0.053993531968443587 7.0366750813555035 0.85691832820884783 0.6103560235351323 109.2220106930472 12.843693538103254 2.1825989508070061 6.3150711297057551 1.1224170695059001 1.4222792563959956 1.5486336508765806 0.4315013051964337 1.9488133119884876 4.2392239428590974 2.5442222249694169 15.524989708326755 1.0854928290937094 0.90899595059454341 5.0306183593347678 49.937762876972556 7.4938100352883339 0.69478027150034805 6.7380853030481367 0.38613545894622792 10.143906919984147 3.8362712818197897 0.57089930633082975 0.12699640146456737 13.996962237171822 0.069421793101356211 0.046988908434287491
leaf_count=130 10 245 32 18 3297 467 175 328 42 21 23 21 71 104 95 450 35 12 194 2486 303 6 490 2 369 118 15 14 5879 10 6
internal_value=-2.91731e-05 -0.00274519 0.00972472 -0.00592578 -0.000483715 -0.00356904 0.0033438 -0.0163933 0.0255693 0.103485 0.000620683 -0.0106463 0.0524147 0.0526995 0.0423617 -0.0172994 0.045663 0.0570355 0.0727194 -0.0200818 0.000500358 -0.0256951 0.0212835 0.0458517 0.00708408 -0.0313927 -0.0379852 0.0488452 0.0497441 0.0501268 0.050124
internal_weight=271.519 257.225 52.2747 204.95 134.844 127.451 44.3927 70.1058 5.66441 2.5447 110.771 24.942 2.38031 7.3938 6.78345 22.5617 7.88203 7.02511 5.93961 64.4414 13.8089 50.6325 19.4507 7.12422 12.3265 16.68 3.11971 14.2944 14.1674 14.1134 14.044
internal_count=15468 9549 2096 7453 4122 3905 1823 3331 208 63 3320 787 92 217 199 695 273 241 206 3123 631 2492 1036 492 544 585 145 5919 5905 5895 5885
is_linear=0
shrinkage=0.05


Tree=108
num_leaves=25
num_cat=0
split_feature=11 6 7 18 15 19 30 0 16 17 2 6 2 31 11 8 13 8 12 12 32 9 8 9
split_gain=13.6862 3.98624 3.82595 3.67489 3.98958 4.29847 3.49483 3.14782 2.14618 2.76236 2.06776 1.90203 1.62631 1.38288 0.74716 0.49016 0.206341 0.127962 0.000462852 0.000124573 3.91368e-05 7.91956e-06 3.8967e-06 1.4453e-06
threshold=1.1076223737683561 1.8222708246634811 1.0000000180025095e-35 22.500000000000004 2024.5000000000002 14.500000000000002 0.0094401897994376167 0.043431106857400807 4.5000000000000009 19.500000000000004 -0.31583024450385516 1.8248906279880159 -1.5044710185597336 0.99970103058260251 1.1039930668294569 0.49121886121424807 -0.47674309052348829 0.13274284853762827 2.7349769336268683 2.7978151630681056 0.99930865958219239 0.86723956240369104 0.40212678572526644 0.74396378269617713
decision_type=2 2 2 2 2 2 2 2 2 2 2 2 2 2 2 2 2 2 2 2 2 2 2 2
left_child=1 2 8 4 6 -6 -4 -3 9 19 -11 -9 -5 -14 17 16 -2 -13 20 -1 -10 22 23 -18
right_child=15 7 3 12 5 -7 -8 11 18 10 -12 14 13 -15 -16 -17 21 -19 -20 -21 -22 -23 -24 -25
leaf_value=-0.050515604298548969 -0.050275929865104846 -0.04986292931146577 -0.00068644121720982758 0.049689286247871702 0.0073256079317038474 -0.02786256544744406 0.019074887783591236 0.22383588028408519 -0.050353423304323831 -0.050863385031301347 0.045193838924093947 0.050397054928812468 -0.052662225604098625 0.025550717390382522 0.11107568806896879 -0.0513636481621213 0.050114427351166536 0.0027105692835544658 -0.051986789429333408 -0.051811966700920767 -0.050797502937059369 0.050666663979423571 0.050583868744914329 0.05025603814437523
leaf_weight=1.9881072670686974 0.051374398171900704 0.66561058023944442 168.36201997508761 0.48907430283725251 13.261361413635312 25.115433737635612 25.802320612885524 0.18880608351901207 5.4421918871812522 0.7323836577124897 2.3836626606062055 2.1491559690330186 5.7202835017815223 0.62711382657289494 0.57328953850083042 0.12096010032109994 13.133185134269288 0.15053341258317221 0.49364936491474498 0.20436528930440534 0.54590783966705192 0.066079715965316477 0.044723223196343365 0.18268558126874346
leaf_count=269 10 20 4959 19 451 1289 733 8 878 64 93 385 246 27 6 14 5817 21 28 10 43 10 6 62
internal_value=-3.45934e-05 -0.00264205 -0.00340376 -0.00203421 -0.000971988 -0.0157031 0.00193962 0.0486855 -0.0312097 -0.00763747 0.0226169 0.0701092 -0.0381656 -0.0449349 0.0600066 0.0488387 0.049738 0.0472756 -0.0505152 -0.0506364 -0.0503939 0.0501206 0.0501179 0.0501164
internal_weight=268.494 254.895 251.168 239.378 232.541 38.3768 194.164 3.7274 11.7903 5.30852 3.11605 3.06179 6.83647 6.3474 2.87298 13.599 13.478 2.29969 6.48175 2.19247 5.9881 13.4267 13.3606 13.3159
internal_count=15468 9549 9109 7724 7432 1740 5692 440 1385 436 157 420 292 273 412 5919 5905 406 949 279 921 5895 5885 5879
is_linear=0
shrinkage=0.05


Tree=109
num_leaves=32
num_cat=0
split_feature=11 14 14 2 6 2 9 1 6 0 18 18 3 0 1 19 18 18 19 8 13 9 27 17 9 43 3 7 9 8 9
split_gain=12.9883 3.93618 6.14619 4.80799 3.73359 3.58454 3.41925 3.67885 3.9837 5.27529 4.20472 3.97439 4.41811 2.89863 1.67402 1.38849 6.11345 1.05831 3.56017 0.466171 0.196253 0.0954477 0.0305065 0.0126178 0.00735926 0.00726616 0.00410603 0.000165197 6.81673e-06 3.35283e-06 1.24574e-06
threshold=1.1076223737683561 -0.58476531908332718 0.96800862320774628 -0.93306807624577737 -1.6287928185844531 -0.022502936438206896 0.93511066398390363 1.3214011837870949 0.33021547375305532 -0.26606536135120235 17.500000000000004 18.500000000000004 -1.094398238842808 -2.3905020464827333 -0.15484177927701151 50.500000000000007 19.500000000000004 2.5000000000000004 6.5000000000000009 0.49121886121424807 -0.47674309052348829 0.94613496006702369 0.98161278378302352 28.500000000000004 0.60556479142540864 0.99998464057730885 1.647848289567593 0.98997105373285821 0.86723956240369104 0.40212678572526644 0.74396378269617713
decision_type=2 2 2 2 2 2 2 2 2 2 2 2 2 2 2 2 2 2 2 2 2 2 2 2 2 2 2 2 2 2 2
left_child=1 6 21 13 26 -6 7 8 9 -1 -10 12 -9 -4 -15 17 22 18 -8 20 -2 23 -17 25 -13 -3 -5 -19 29 30 -22
right_child=19 2 3 4 5 -7 15 11 10 -11 -12 24 -14 14 -16 16 -18 27 -20 -21 28 -23 -24 -25 -26 -27 -28 -29 -30 -31 -32
leaf_value=0.010421792011918106 -0.050262411940310336 0.051735851961412206 0.045953679458702087 -0.051596293473674198 0.022199372213230994 -0.00089736308301692621 0.18677527064262514 0.15184187385818904 -0.030083204780128426 -0.012284947751663555 0.002691134189464432 -0.04707782661618104 0.025236260649888948 -0.052224708293745141 0.043433675334779966 -0.051377160989355436 0.15803418065541502 -0.050443073620641127 -0.050842491630323811 -0.051298225973008621 0.05010883446119644 0.077488386970801904 -0.032192947096280303 0.060849909039027351 -0.0541336814533546 0.056113148590952788 -0.056151074693950101 -0.050955941161367015 0.050633987675940434 0.050555186821583144 0.050243618087680644
leaf_weight=47.558994944323778 0.048881651833652451 3.5747944185277438 0.98854397144168604 1.8697293689474457 29.167769173625857 39.612542293732986 0.21008430281653812 0.75047665438614686 30.657644152408466 55.344390736601788 14.374507877975701 0.61853846069425233 8.4230938393156958 6.5127883618697524 0.49189953785389562 1.2131962529383589 0.47693640366196621 2.3214148979168385 0.63140133116394281 0.11520384717732746 12.494031498674294 0.45774152874946583 0.24991341261193145 0.55566297331824888 0.91804825561121106 1.2902294134255496 0.67286047339439381 4.8514857455156744 0.062896509887651386 0.042565572075546565 0.17381777369882989
leaf_count=1582 10 349 27 80 719 1383 14 24 1214 2008 491 22 240 298 8 103 22 408 62 14 5817 2 19 21 25 67 7 354 10 6 62
internal_value=-3.58538e-05 -0.00252696 0.00623274 0.00257665 0.0066978 0.0088973 -0.00695328 -0.00516966 -0.00721834 -0.00179054 -0.0196215 0.023128 0.0355937 -0.034196 -0.0455072 -0.0353791 0.00257531 -0.0445667 0.00848088 0.0488324 0.0497321 0.0555634 -0.0481003 0.053712 -0.0512934 0.0528967 -0.0528017 -0.05079 0.0501147 0.0501122 0.0501107
internal_weight=266.732 253.795 85.1946 79.3161 71.3229 68.7803 168.6 158.646 147.936 102.903 45.0322 10.7102 9.17357 7.99323 7.00469 9.95443 1.94005 8.01439 0.841486 12.9374 12.8222 5.87843 1.46311 5.42069 1.53659 4.86502 2.54259 7.1729 12.7733 12.7104 12.6678
internal_count=15468 9549 2961 2522 2189 2102 6588 5606 5295 3590 1705 311 264 333 306 982 144 838 76 5919 5905 439 122 437 47 416 87 762 5895 5885 5879
is_linear=0
shrinkage=0.05


Tree=110
num_leaves=30
num_cat=0
split_feature=11 36 36 2 6 26 29 29 0 19 40 19 2 6 9 3 3 8 13 0 3 5 9 8 12 8 9 8 9
split_gain=12.33 3.79254 5.13737 4.28893 5.01885 6.7394 4.32956 13.8679 3.52067 4.56581 3.4406 4.4331 3.07548 1.93574 1.52231 1.27081 1.01141 0.443361 0.18666 0.0428717 0.0144285 0.00963494 0.00451512 0.00389208 0.000588817 0.000575373 5.86758e-06 2.88492e-06 1.07368e-06
threshold=1.1076223737683561 0.99960524445339072 0.013310608437250739 -0.77955652526949237 -0.46366671473135818 0.99987956274106693 0.99997358653385171 1.0000000180025095e-35 -0.95009773190286861 30.500000000000004 0.032293278937408749 41.500000000000007 1.8150620211838604 -1.5277680876155779 0.54361194476719776 -0.77891877978592083 1.647848289567593 0.49121886121424807 -0.47674309052348829 -1.6330859939755309 0.35809946026707312 1.0000000180025095e-35 0.60583417927666894 0.0089244005631687225 -0.32963998366608555 0.081334345426088889 0.86723956240369104 0.40212678572526644 0.74396378269617713
decision_type=2 2 2 2 2 2 2 2 2 2 2 2 2 2 2 2 2 2 2 2 2 2 2 2 2 2 2 2 2
left_child=1 2 3 4 13 -6 7 -5 9 14 16 22 -8 -1 -3 -11 23 18 -2 -4 24 -22 -12 -10 -21 -16 27 28 -20
right_child=17 8 19 6 5 -7 12 -9 10 15 11 -13 -14 -15 25 -17 -18 -19 26 20 21 -23 -24 -25 -26 -27 -28 -29 -30
leaf_value=0.0034830912277210324 -0.050249557268070282 0.055464194481563915 0.068837689143573105 0.001039574449312342 0.016354418661004146 -0.033737454586472003 -0.030161209352685375 0.080935782924501404 -0.053649406739363519 0.18322335631670897 -0.045455716987101248 0.093868207153156372 0.073187205144238904 -0.048177536873029218 -0.053985663579060032 0.061436599124779126 0.0074157280422752804 -0.051235888536291477 0.050103513334604603 0.052569736401199121 0.062122432922580899 0.053727593797042165 -0.05199840842534087 -0.051402153628778313 0.050362950852786352 -0.0516901814075338 0.050602923078906605 0.050527922716648799 0.05023179588368118
leaf_weight=2.1340156216174355 0.0465092605445524 0.45801420789211933 0.7675048112869266 170.95358614978613 16.611270060995594 11.270544020459058 13.815295108361166 5.6094434618717051 2.5722544305026496 0.42505726404488087 0.44110573595389657 1.0645246412605045 0.75942654488608319 12.065123148960991 0.46386739611625649 0.431801008991897 0.77100445330143053 0.10971525730565268 11.885920276865354 0.93397791311144862 0.91443418432027079 0.54580131196416914 0.65561916632577777 7.677352893864736 0.44691296014934678 0.66339800460264087 0.0598648138111465 0.040510921040550651 0.16537851013708937
leaf_count=110 10 18 4 6163 366 688 620 158 47 23 22 39 21 519 8 17 9 14 5817 28 13 69 34 444 86 43 10 6 62
internal_value=-4.124e-05 -0.00242372 -0.000849637 -0.00176568 -0.0162165 -0.003894 0.00141583 0.00357789 -0.0262835 0.0288595 -0.0364995 0.0211836 -0.0247762 -0.0404134 -0.0214031 0.121851 -0.0478118 0.0488265 0.0497265 0.0583522 0.0555196 0.0589846 -0.0493669 -0.0519661 0.0518555 -0.0526348 0.0501091 0.0501067 0.0501053
internal_weight=264.759 252.451 236.827 233.219 42.081 27.8818 191.138 176.563 15.624 2.44214 13.1819 2.16125 14.5747 14.1991 1.58528 0.856858 11.0206 12.3079 12.1982 3.60863 2.84113 1.46024 1.09672 10.2496 1.38089 1.12727 12.1517 12.0918 12.0513
internal_count=15468 9549 8845 8645 1683 1054 6962 6321 704 109 595 95 641 629 69 40 500 5919 5905 200 196 82 56 491 114 51 5895 5885 5879
is_linear=0
shrinkage=0.05


Tree=111
num_leaves=25
num_cat=0
split_feature=11 18 14 14 18 16 3 31 34 0 12 19 2 16 41 8 13 9 17 11 6 9 8 9
split_gain=11.7055 3.68129 3.81664 5.35497 5.14596 4.2719 3.40956 12.4992 5.4601 4.18216 3.00856 2.91535 2.08942 1.48481 1.04552 0.42167 0.177536 0.0800746 0.00864994 0.00735778 0.000490228 5.05048e-06 2.48235e-06 9.25276e-07
threshold=1.1076223737683561 22.500000000000004 -0.58476531908332718 0.96800862320774628 9.5000000000000018 3.5000000000000004 0.93837984653164963 0.013423320638200899 1.0000000180025095e-35 1.7947885965708454 2.8057129598024901 55.500000000000007 -1.5849304904431434 1.5000000000000002 0.9998864808908724 0.49121886121424807 -0.47674309052348829 0.94613496006702369 28.500000000000004 1.0240598584659122 1.540579503540654 0.86723956240369104 0.40212678572526644 0.74396378269617713
decision_type=2 2 2 2 2 2 2 2 2 2 2 2 2 2 2 2 2 2 2 2 2 2 2 2
left_child=1 2 6 17 11 -6 7 8 -1 10 -8 -5 -3 -14 -9 16 -2 18 -4 20 -15 22 23 -18
right_child=15 12 3 4 5 -7 9 14 -10 -11 -12 -13 13 19 -16 -17 21 -19 -20 -21 -22 -23 -24 -25
leaf_value=-0.007749503830709205 -0.050237333624682051 0.072822717681928967 0.05263661245661793 -0.018143416084476959 -0.013635466603306135 0.022594666213278547 -0.026645015026514746 0.054426208717667984 0.040613946381617499 0.074256403512169153 0.068762742749537226 0.028069239128389489 0.032021735185476068 -0.051171831577757378 0.099569726876437545 -0.051176494674819301 0.050098455862197612 0.075412634214992044 0.05950292451966252 -0.054769440354873522 -0.048928602359261997 0.050573386243505526 0.050502008797309664 0.050220544992947161
leaf_weight=118.6706264501554 0.044251469662412002 0.39986223494634021 4.5445658290991551 26.084880310809243 10.498267035465686 36.161369508598 29.62663255864755 3.0957689138595006 6.1377124509308478 1.1232542092911888 0.84999426919966836 3.9264973588287821 0.57272293139248986 3.7964059747755527 2.1898184549063444 0.1044824474956848 11.3073496838333 0.44678921997547139 0.51016624714247871 1.9435061151161788 0.26024703588336695 0.05697759171016592 0.038554455619306149 0.15734725911170322
leaf_count=4964 10 17 416 1061 273 1032 1065 71 158 22 16 75 18 263 15 14 5817 2 21 39 21 10 6 62
internal_value=-4.42322e-05 -0.00232521 -0.00130098 0.00747343 0.00405434 0.014443 -0.00576012 -0.00218174 -0.00537113 -0.020492 -0.0239841 -0.0120972 -0.0381469 -0.0448978 0.0731292 0.0488208 0.0497212 0.055123 0.0533296 -0.0522398 -0.0510279 0.0501038 0.0501015 0.0501001
internal_weight=262.548 250.839 243.866 82.1725 76.671 46.6596 161.694 130.094 124.808 31.5999 30.4766 30.0114 6.97274 6.57288 5.28559 11.709 11.6045 5.50152 5.05473 6.00016 4.05665 11.5602 11.5033 11.4647
internal_count=15468 9549 9191 2880 2441 1305 6311 5208 5122 1103 1081 1136 358 341 86 5919 5905 439 437 323 284 5895 5885 5879
is_linear=0
shrinkage=0.05


Tree=112
num_leaves=26
num_cat=0
split_feature=11 6 7 35 35 18 0 0 16 17 17 1 6 36 11 3 8 13 8 12 12 32 9 8 9
split_gain=11.1123 3.68318 3.46147 3.22784 8.49104 3.25709 2.84597 2.19073 2.13894 2.5943 1.89102 1.76999 1.3972 0.950268 0.627117 0.52109 0.401044 0.168859 0.125711 0.000408814 0.000104261 3.5011e-05 4.34711e-06 2.13595e-06 7.97311e-07
threshold=1.1076223737683561 1.8222708246634811 1.0000000180025095e-35 0.99964157064671022 1.0000000180025095e-35 1.5000000000000002 0.043431106857400807 0.067457003985300759 4.5000000000000009 19.500000000000004 27.500000000000004 0.36739010266563948 1.8248906279880159 0.99960524445339072 1.1039930668294569 -1.0085505036924565 0.49121886121424807 -0.47674309052348829 0.13274284853762827 2.7349769336268683 2.7978151630681056 0.99930865958219239 0.86723956240369104 0.40212678572526644 0.74396378269617713
decision_type=2 2 2 2 2 2 2 2 2 2 2 2 2 2 2 2 2 2 2 2 2 2 2 2 2
left_child=1 2 8 4 5 -4 -3 13 9 20 -11 -9 -8 -5 18 -6 17 -2 -14 21 -1 -10 23 24 -19
right_child=16 6 3 7 15 -7 12 11 19 10 -12 -13 14 -15 -16 -17 -18 22 -20 -21 -22 -23 -24 -25 -26
leaf_value=-0.050484948232193821 -0.050225712668174077 -0.04881015844862778 -0.025917236740981758 -0.051415397368387405 0.11871166343826199 5.7537153240388967e-05 0.19493809645104376 0.040341169529107004 -0.050331924476433337 0.042940151062979125 -0.051048493258788741 -0.018221384942718005 0.05038282113636592 0.0037973957522039452 0.10621269062564023 0.064745020133347125 -0.051119912363541645 0.050093648033724548 0.001945031513918569 -0.051911771937019638 -0.051708835056190811 -0.050763266550182762 0.050545302151286331 0.050477373477104293 0.050209837777082572
leaf_weight=1.8292232279200091 0.042102794395758703 0.62241925811394994 12.833316482603548 6.1578486461658013 0.51198787125758816 202.60905129474122 0.20456636464223299 1.631648924667388 5.0079223534557968 2.4211662830784921 0.68701709783636022 6.1662812819704413 2.0169946361565971 0.89221811667084683 0.56786835263483215 3.5404782906407481 0.099494011607021871 10.75689039414282 0.143479281105101 0.46783245773985971 0.19230511924251903 0.51921050297096361 0.054228115943261268 0.036691580549814584 0.14970445539802391
leaf_count=269 10 20 521 417 12 6271 8 83 878 94 63 265 385 41 6 114 14 5817 21 28 10 43 10 6 62
internal_value=-4.35123e-05 -0.00222904 -0.00296086 -0.00166719 -0.000140957 -0.00148971 0.0482974 -0.0242292 -0.030212 -0.00651071 0.0221654 -0.00596768 0.0689055 -0.044428 0.0594558 0.0715632 0.0488155 0.0497161 0.047166 -0.0504926 -0.0506014 -0.0503724 0.0500987 0.0500965 0.0500952
internal_weight=260.162 249.023 245.468 234.343 219.495 215.442 3.55533 14.848 11.1247 5.12971 3.10818 7.79793 2.93291 7.05007 2.72834 4.05247 11.1391 11.0396 2.16047 5.99497 2.02153 5.52713 10.9975 10.9433 10.9066
internal_count=15468 9549 9109 7724 6918 6792 440 806 1385 436 157 348 420 458 412 126 5919 5905 406 949 279 921 5895 5885 5879
is_linear=0
shrinkage=0.05


Tree=113
num_leaves=32
num_cat=0
split_feature=11 5 27 6 1 36 27 16 19 18 2 7 14 15 30 17 18 19 39 0 17 2 11 6 16 8 19 9 13 9 8
split_gain=10.549 3.52003 4.25488 4.13127 7.50933 4.62801 4.61535 4.23758 5.85815 4.18938 4.18448 4.04365 3.27559 4.35969 3.14214 3.01496 4.57647 3.00932 3.50168 3.30081 3.00747 1.87946 1.42105 1.08196 0.99571 0.38143 0.224163 0.21807 0.160607 3.74176e-06 1.83792e-06
threshold=1.1076223737683561 1.0000000180025095e-35 0.0051562955663276852 0.62237912748351876 1.3214011837870949 0.99960524445339072 0.99979485528041268 6.5000000000000009 15.500000000000002 22.500000000000004 -1.5849304904431434 1.0001205023425674 -0.55122094545772915 2024.5000000000002 0.13389686037783086 16.500000000000004 2.5000000000000004 10.500000000000002 0.99987853278274375 -0.48921753687678132 26.500000000000004 -1.660478002979014 -1.5089079632710922 0.14073848672070108 11.500000000000002 0.49121886121424807 17.500000000000004 0.52008195898812482 -0.47674309052348829 0.86723956240369104 0.40212678572526644
decision_type=2 2 2 2 2 2 2 2 2 2 2 2 2 2 2 2 2 2 2 2 2 2 2 2 2 2 2 2 2 2 2
left_child=1 3 11 5 15 6 9 8 -6 -1 -7 12 14 -14 -3 16 -5 -4 19 -19 -8 -13 -23 -12 -17 28 -9 -20 -2 30 -30
right_child=25 2 17 4 7 10 20 26 -10 -11 23 21 13 -15 -16 24 -18 18 27 -21 -22 22 -24 -25 -26 -27 -28 -29 29 -31 -32
leaf_value=0.0040227503926477002 -0.050214662396908319 -0.02909790799332785 -0.047351237502593693 0.051575664043903929 0.15259537294560052 0.080306388946338847 -0.041615920207905943 -0.065771829111783697 -0.0039138039436576637 -0.051657106083680737 -0.052025614621268937 -0.055583617786080321 0.0014055950989040594 0.071139522111532114 0.016659318133049519 -0.052677671520878912 -0.026297278408118258 -0.022081074130949091 -0.004155864103662572 0.084640312635799131 0.027129462940650058 0.14015895425965488 0.038274942454498716 -0.014254756618337762 0.00072039280070041465 -0.05106601191696835 -0.017666918779650573 -0.053240842146470839 0.050090589504755458 0.050518599094923337 0.050453950654201635
leaf_weight=139.81509446690325 0.040058007463811829 14.485009551979603 0.80543451267294486 2.1813568198122182 1.3630601065233348 0.74761967803351481 9.6050153216347081 0.44002519501373161 1.0650685238651929 3.4619137444533399 7.4000176449771953 0.51351402769796539 13.028188358061014 2.7070547877810887 5.0633407412096849 11.410550476517525 13.966093315975739 0.84655668912455428 0.37054763757623721 5.0265074635390192 1.9067716647405166 0.36076421942561854 6.6672720583155742 2.5491258355323225 0.94534284179098982 0.09473900753073472 0.5385957695543766 0.58116995031014085 10.375613466836505 0.051609958638437869 0.034917904180475356
leaf_count=4792 10 491 32 90 21 31 544 8 26 199 369 12 348 82 124 526 565 30 32 161 82 17 749 118 47 14 35 18 5879 10 6
internal_value=-4.30404e-05 -0.00213178 0.00965412 -0.00514432 -0.0216168 -0.00196798 0.0002301 0.0485423 0.0839446 0.00267739 -0.0337755 0.00352527 -0.00357789 0.0134025 -0.017246 -0.0300023 -0.0157774 0.0440528 0.0548399 0.0692573 -0.0302292 0.0367578 0.0435049 -0.0423481 -0.0485922 0.0488103 -0.0392967 -0.0341298 0.0497113 0.0500939 0.0500918
internal_weight=258.448 247.851 50.4554 197.396 31.9101 165.486 154.789 3.40675 2.42813 143.277 10.6968 42.8251 35.2836 15.7352 19.5484 28.5033 16.1475 7.63022 6.82478 5.87306 11.5118 7.54155 7.02804 9.94914 12.3559 10.5969 0.978621 0.951718 10.5022 10.4621 10.4105
internal_count=15468 9549 2096 7453 1318 6135 5617 90 47 4991 518 1823 1045 430 615 1228 655 273 241 191 626 778 766 487 573 5919 43 50 5905 5895 5885
is_linear=0
shrinkage=0.05


Tree=114
num_leaves=30
num_cat=0
split_feature=11 8 6 15 34 6 18 25 25 8 11 13 18 18 6 8 13 11 9 3 7 3 9 14 2 3 9 8 9
split_gain=10.0184 3.39443 5.27536 4.29835 4.83938 5.71128 3.39595 3.41919 5.32285 4.25081 3.05132 2.93626 3.75007 3.04905 1.6113 0.362777 0.15276 0.0194457 0.016485 0.00208157 0.000594703 0.000324306 0.000152539 0.000144457 7.05727e-05 2.85708e-05 3.22071e-06 1.58153e-06 5.92317e-07
threshold=1.1076223737683561 0.081334345426088889 -1.42109727068973 2023.5000000000002 0.99998464057730885 -1.0282726100651696 22.500000000000004 0.99997358653385171 1.0000000180025095e-35 0.23952566800062194 -1.3886598023350272 -0.29272530594657281 9.5000000000000018 12.500000000000002 0.74409840136134908 0.49121886121424807 -0.47674309052348829 -1.6494071202781126 0.49316806889056314 1.647848289567593 1.9971085643509261 0.47058291669546476 0.36886402492043763 -1.0000000180025095e-35 -0.12578453210214061 -0.20314553283626072 0.86723956240369104 0.40212678572526644 0.74396378269617713
decision_type=2 2 2 2 2 2 2 2 2 2 2 2 2 2 2 2 2 2 2 2 2 2 2 2 2 2 2 2 2
left_child=1 2 19 11 5 -5 7 8 9 -3 -9 13 -13 -4 -6 16 -2 -10 -12 21 22 24 23 -8 -1 -24 27 28 -18
right_child=15 6 3 4 14 -7 20 10 17 -11 18 12 -14 -15 -16 -17 26 -19 -20 -21 -22 -23 25 -25 -26 -27 -28 -29 -30
leaf_value=-0.052708652647291465 -0.050204154672501139 -0.018951092373445971 -0.025683770969070215 0.079368642532814046 -0.054402801800059908 0.015133605745875606 -0.050911038097604035 0.098914091115405806 0.065557808883219257 0.00055502791775581518 -0.0393270316551321 0.066993525669851825 -0.02185646111561363 0.0031909139893210141 0.020956488662674126 -0.051014671303231819 0.050084718718976157 0.051470948642441477 -0.051086542993392804 -0.055470195561124737 -0.052688331888221598 -0.053477644402935925 -0.050572966392975198 -0.052160580661817647 -0.052069968337283161 -0.050907261460935098 0.050493209130660771 0.050431688372925068 0.050189972848837951
leaf_weight=0.79463199991732869 0.038112129783256843 41.465608191327192 17.0772759844549 3.709346765652298 3.1188356941565862 51.566046632593498 0.47113894345238805 0.36289286706596602 0.26189816487021733 85.561411640432198 0.31480507552623649 2.9228972217533729 2.0003220071084797 19.677017609588802 0.91813669423572708 0.090206940891221943 9.7349134158575819 3.7930647933389983 5.5908345317002386 0.96733780205249775 0.5840874770656227 1.0369108598679302 1.0247505081351851 0.45436620339751188 0.94912834558635895 1.69857131014578 0.049116973881610515 0.033229231019505145 0.13552517758216787
leaf_count=19 10 2597 204 56 52 1216 32 11 6 3920 15 58 51 250 46 14 5817 267 410 12 19 21 120 15 29 123 10 6 62
internal_value=-4.89796e-05 -0.00204843 0.00477585 0.0069376 0.0155845 0.0194442 -0.00709676 -0.00573736 -0.0040122 -0.00581238 -0.0418123 -0.00536803 0.0308935 -0.0102252 -0.0372637 0.0488055 0.0497067 0.0523808 -0.0504597 -0.0534724 -0.051207 -0.0527774 -0.0509699 -0.0515245 -0.052361 -0.0507815 0.0500893 0.0500873 0.0500862
internal_weight=256.402 246.321 104.738 100.99 59.3124 55.2754 141.583 137.351 131.082 127.027 6.26853 41.6775 4.92322 36.7543 4.03697 10.0811 9.9909 4.05496 5.90564 3.74801 4.23291 2.78067 3.64883 0.925505 1.74376 2.72332 9.95278 9.90367 9.87044
internal_count=15468 9549 2014 1933 1370 1272 7535 7226 6790 6517 436 563 109 454 98 5919 5905 273 425 81 309 69 290 47 48 243 5895 5885 5879
is_linear=0
shrinkage=0.05


Tree=115
num_leaves=32
num_cat=0
split_feature=11 39 39 6 2 17 1 6 2 2 7 11 6 28 18 2 9 5 8 0 13 41 3 12 17 8 41 6 11 9 8
split_gain=9.51356 3.37867 19.2811 4.32236 7.38049 6.08885 5.13893 6.41683 3.85203 3.62 3.64351 3.29935 5.76312 4.20477 2.51878 2.90421 2.84449 1.46209 0.345039 0.280349 0.145296 0.144917 0.0664757 0.0125984 0.00868258 0.00262867 0.000849514 0.000166631 3.54019e-06 2.77217e-06 1.3609e-06
threshold=1.1076223737683561 1.0000000180025095e-35 0.99987853278274375 0.31807667661601413 0.54487431046986079 5.5000000000000009 -1.1446347635080827 -0.46366671473135818 -1.051403173345361 -1.660478002979014 1.0045047932919282 1.0517695499626318 0.084448091432880693 0.044988101967079759 13.500000000000002 -0.62914265643938649 0.42457226138666876 1.0000000180025095e-35 0.49121886121424807 0.11598699773793916 -0.47674309052348829 0.9998864808908724 -1.039230577100829 -0.35712666629937123 22.500000000000004 0.030154160883943393 0.9998864808908724 -1.5866615443545113 -0.043144377771568258 0.86723956240369104 0.40212678572526644
decision_type=2 2 2 2 2 2 2 2 2 2 2 2 2 2 2 2 2 2 2 2 2 2 2 2 2 2 2 2 2 2 2
left_child=1 9 19 6 17 -6 7 -4 -8 25 11 13 -13 -11 16 -16 -12 -5 20 21 -2 22 -3 24 -21 -1 27 -27 -25 30 -22
right_child=18 2 3 4 5 -7 8 -9 -10 10 14 12 -14 -15 15 -17 -18 -19 -20 23 29 -23 -24 28 -26 26 -28 -29 -30 -31 -32
leaf_value=-0.054023712968155502 -0.050194163517292494 0.070669541121247181 -0.01815126589218484 -0.050932296627281951 0.087472363906815967 -0.0094384352070223977 -0.054248133471703652 0.074704236476954164 0.0015705886092446334 -0.020815672948873872 0.10201223357796869 -0.015485360177097255 0.016137164000196616 0.01103410974113677 0.075529941918156623 0.012419282959049852 -0.017616309792017334 -0.01855715847346252 -0.050965766565623127 0.053287332825156998 0.050081956804128303 0.076151583431524852 0.056871827308402061 0.050420168415557333 0.058234556103812167 -0.052275811406876642 -0.053579233876795397 -0.050891832627049521 0.050230046690237354 0.050469066104743346 0.050410521953382317
leaf_weight=1.3345157578587521 0.036260413471608355 1.4237353213829922 2.9206288876011968 11.015588479349395 2.2666284447768694 5.688489600084722 3.2907957676798096 5.1261314488947374 50.85533366096206 58.583263016771525 0.55155445588752439 27.796158847399056 29.913617157842964 12.589532893151043 3.1169149824418128 4.3908375283936039 5.0151491884607822 5.1027472021523854 0.085887756198645415 1.8296792482724415 9.3898206254234466 3.7764136348851025 2.256499946699476 0.30556279257871199 1.7211644630879162 0.24001483083702657 0.37191455694846798 2.3173634910490368 1.2323528670240191 0.046743297833018782 0.031621559755877438
leaf_count=28 10 8 123 475 121 413 110 130 1483 3832 71 411 318 578 55 179 172 186 14 80 5879 25 151 46 25 12 17 184 316 10 6
internal_value=-5.17835e-05 -0.00196383 0.00517836 -0.00324438 -0.0212335 0.0181741 0.00371882 0.0410017 -0.00182186 -0.00679031 -0.00542685 -0.00797818 0.000906041 -0.0151819 0.0197231 0.0386203 -0.0057634 -0.040683 0.0488008 0.0630959 0.0497024 0.0692705 0.0622096 0.0540481 0.0556854 -0.0521844 -0.0513464 -0.0510217 0.0502678 0.050085 0.0500831
internal_weight=254.623 245.033 98.8118 86.2663 24.0735 7.95512 62.1929 8.04676 54.1461 146.221 141.957 128.883 57.7098 71.1728 13.0745 7.50775 5.5667 16.1183 9.59033 12.5454 9.50445 7.45665 3.68024 5.08876 3.55084 4.26381 2.92929 2.55738 1.53792 9.46819 9.42144
internal_count=15468 9549 3692 3041 1195 534 1846 253 1593 5857 5616 5139 729 4410 477 234 243 661 5919 651 5905 184 159 467 105 241 213 196 362 5895 5885
is_linear=0
shrinkage=0.05


end of trees

feature_importances:
risk_score_internal=269
txn_velocity_1h=244
ip_risk_score=239
device_trust_score=226
corridor_risk=210
account_age_days=193
minute=189
kyc_tier=186
fee=138
hour=135
dest_currency_MXN=121
amount_src=119
month=107
exchange_rate_src_to_dest=105
day=102
location_mismatch=94
channel_WEB=92
source_currency_GBP=88
ip_country_US=80
dest_currency_CNY=70
amount_usd=67
txn_velocity_24h=63
year=59
channel_MOBILE=58
dest_currency_GBP=41
ip_country_UK=37
ip_country_CA=35
dest_currency_USD=30
dest_currency_CAD=27
home_country_UK=25
dest_currency_NGN=22
dest_currency_PHP=19
dest_currency_EUR=16
channel_ATM=14
dest_currency_INR=12
home_country_UNKNOWN=11
new_device=8
home_country_US=7
source_currency_USD=6

parameters:
[boosting: gbdt]
[objective: binary]
[metric: auc]
[tree_learner: serial]
[device_type: cpu]
[data_sample_strategy: bagging]
[data: ]
[valid: ]
[num_iterations: 300]
[learning_rate: 0.05]
[num_leaves: 32]
[num_threads: 0]
[seed: 0]
[deterministic: 0]
[force_col_wise: 0]
[force_row_wise: 0]
[histogram_pool_size: -1]
[max_depth: 6]
[min_data_in_leaf: 20]
[min_sum_hessian_in_leaf: 0.001]
[bagging_fraction: 1]
[pos_bagging_fraction: 1]
[neg_bagging_fraction: 1]
[bagging_freq: 0]
[bagging_seed: 3]
[bagging_by_query: 0]
[feature_fraction: 1]
[feature_fraction_bynode: 1]
[feature_fraction_seed: 2]
[extra_trees: 0]
[extra_seed: 6]
[early_stopping_round: 0]
[early_stopping_min_delta: 0]
[first_metric_only: 0]
[max_delta_step: 0]
[lambda_l1: 0]
[lambda_l2: 0]
[linear_lambda: 0]
[min_gain_to_split: 0]
[drop_rate: 0.1]
[max_drop: 50]
[skip_drop: 0.5]
[xgboost_dart_mode: 0]
[uniform_drop: 0]
[drop_seed: 4]
[top_rate: 0.2]
[other_rate: 0.1]
[min_data_per_group: 100]
[max_cat_threshold: 32]
[cat_l2: 10]
[cat_smooth: 10]
[max_cat_to_onehot: 4]
[top_k: 20]
[monotone_constraints: ]
[monotone_constraints_method: basic]
[monotone_penalty: 0]
[feature_contri: ]
[forcedsplits_filename: ]
[refit_decay_rate: 0.9]
[cegb_tradeoff: 1]
[cegb_penalty_split: 0]
[cegb_penalty_feature_lazy: ]
[cegb_penalty_feature_coupled: ]
[path_smooth: 0]
[interaction_constraints: ]
[verbosity: -1]
[saved_feature_importance_type: 0]
[use_quantized_grad: 0]
[num_grad_quant_bins: 4]
[quant_train_renew_leaf: 0]
[stochastic_rounding: 1]
[linear_tree: 0]
[max_bin: 255]
[max_bin_by_feature: ]
[min_data_in_bin: 3]
[bin_construct_sample_cnt: 200000]
[data_random_seed: 1]
[is_enable_sparse: 1]
[enable_bundle: 1]
[use_missing: 1]
[zero_as_missing: 0]
[feature_pre_filter: 1]
[pre_partition: 0]
[two_round: 0]
[header: 0]
[label_column: ]
[weight_column: ]
[group_column: ]
[ignore_column: ]
[categorical_feature: ]
[forcedbins_filename: ]
[precise_float_parser: 0]
[parser_config_file: ]
[objective_seed: 5]
[num_class: 1]
[is_unbalance: 1]
[scale_pos_weight: 1]
[sigmoid: 1]
[boost_from_average: 1]
[reg_sqrt: 0]
[alpha: 0.9]
[fair_c: 1]
[poisson_max_delta_step: 0.7]
[tweedie_variance_power: 1.5]
[lambdarank_truncation_level: 30]
[lambdarank_norm: 1]
[label_gain: ]
[lambdarank_position_bias_regularization: 0]
[eval_at: ]
[multi_error_top_k: 1]
[auc_mu_weights: ]
[num_machines: 1]
[local_listen_port: 12400]
[time_out: 120]
[machine_list_filename: ]
[machines: ]
[gpu_platform_id: -1]
[gpu_device_id: -1]
[gpu_use_dp: 0]
[num_gpu: 1]

end of parameters

pandas_categorical:[]
